synthetic_id,parent_landuse_osm_id,land_use,longitude,latitude,annual_consumption_mwh,peak_demand_mw,provenance
SYN-0001,43108890,military,19.8287496,45.2339326,441.9123062129237,0.08273244088917749,synthetic land-use allocation; not a verified utility asset
SYN-0002,43108890,military,19.8283235,45.234942,441.9123062129237,0.08273244088917749,synthetic land-use allocation; not a verified utility asset
SYN-0003,43108890,military,19.8283344,45.2349426,441.9123062129237,0.08273244088917749,synthetic land-use allocation; not a verified utility asset
SYN-0004,43108890,military,19.8293307,45.2338966,441.9123062129237,0.08273244088917749,synthetic land-use allocation; not a verified utility asset
SYN-0005,43189539,residential,19.8406304,45.2379158,463.4856198090168,0.08677128042086615,synthetic land-use allocation; not a verified utility asset
SYN-0006,43546062,residential,19.8770739,45.2716042,446.49927954813467,0.08359118932179689,synthetic land-use allocation; not a verified utility asset
SYN-0007,43546062,residential,19.8782252,45.2715941,446.49927954813467,0.08359118932179689,synthetic land-use allocation; not a verified utility asset
SYN-0008,43546062,residential,19.8767661,45.2727629,446.49927954813467,0.08359118932179689,synthetic land-use allocation; not a verified utility asset
SYN-0009,43546062,residential,19.8762411,45.271689,446.49927954813467,0.08359118932179689,synthetic land-use allocation; not a verified utility asset
SYN-0010,43546062,residential,19.8762736,45.2727473,446.49927954813467,0.08359118932179689,synthetic land-use allocation; not a verified utility asset
SYN-0011,43546062,residential,19.8760345,45.2718747,446.49927954813467,0.08359118932179689,synthetic land-use allocation; not a verified utility asset
SYN-0012,43546062,residential,19.8755659,45.2714345,446.49927954813467,0.08359118932179689,synthetic land-use allocation; not a verified utility asset
SYN-0013,138182628,military,19.8509028,45.257095,42.03533154921753,0.007869628280903738,synthetic land-use allocation; not a verified utility asset
SYN-0014,139671543,military,19.8255522,45.2334523,193.41157374210005,0.03620947270970823,synthetic land-use allocation; not a verified utility asset
SYN-0015,143035742,commercial,19.8183035,45.2538352,434.2664158676375,0.08130101849576775,synthetic land-use allocation; not a verified utility asset
SYN-0016,143035742,commercial,19.8221855,45.2567314,434.2664158676375,0.08130101849576775,synthetic land-use allocation; not a verified utility asset
SYN-0017,143035742,commercial,19.8232554,45.2563349,434.2664158676375,0.08130101849576775,synthetic land-use allocation; not a verified utility asset
SYN-0018,143035742,commercial,19.8217374,45.2570911,434.2664158676375,0.08130101849576775,synthetic land-use allocation; not a verified utility asset
SYN-0019,143035742,commercial,19.818397,45.2506641,434.2664158676375,0.08130101849576775,synthetic land-use allocation; not a verified utility asset
SYN-0020,143035742,commercial,19.8224548,45.2578692,434.2664158676375,0.08130101849576775,synthetic land-use allocation; not a verified utility asset
SYN-0021,143035742,commercial,19.8233624,45.2571261,434.2664158676375,0.08130101849576775,synthetic land-use allocation; not a verified utility asset
SYN-0022,143035742,commercial,19.8235389,45.2579217,434.2664158676375,0.08130101849576775,synthetic land-use allocation; not a verified utility asset
SYN-0023,143035742,commercial,19.8169652,45.2525481,434.2664158676375,0.08130101849576775,synthetic land-use allocation; not a verified utility asset
SYN-0024,143035742,commercial,19.82165,45.2582498,434.2664158676375,0.08130101849576775,synthetic land-use allocation; not a verified utility asset
SYN-0025,143035742,commercial,19.8220764,45.2587095,434.2664158676375,0.08130101849576775,synthetic land-use allocation; not a verified utility asset
SYN-0026,143035742,commercial,19.8175146,45.2521593,434.2664158676375,0.08130101849576775,synthetic land-use allocation; not a verified utility asset
SYN-0027,143035742,commercial,19.8233729,45.2577417,434.2664158676375,0.08130101849576775,synthetic land-use allocation; not a verified utility asset
SYN-0028,143035742,commercial,19.8211566,45.2556117,434.2664158676375,0.08130101849576775,synthetic land-use allocation; not a verified utility asset
SYN-0029,143035742,commercial,19.8166229,45.2530193,434.2664158676375,0.08130101849576775,synthetic land-use allocation; not a verified utility asset
SYN-0030,143035742,commercial,19.8222175,45.2587294,434.2664158676375,0.08130101849576775,synthetic land-use allocation; not a verified utility asset
SYN-0031,143035742,commercial,19.8218226,45.2567452,434.2664158676375,0.08130101849576775,synthetic land-use allocation; not a verified utility asset
SYN-0032,143035742,commercial,19.8182824,45.2535102,434.2664158676375,0.08130101849576775,synthetic land-use allocation; not a verified utility asset
SYN-0033,143035742,commercial,19.8205465,45.2551088,434.2664158676375,0.08130101849576775,synthetic land-use allocation; not a verified utility asset
SYN-0034,143035742,commercial,19.8228878,45.2573301,434.2664158676375,0.08130101849576775,synthetic land-use allocation; not a verified utility asset
SYN-0035,143035742,commercial,19.8169589,45.2529531,434.2664158676375,0.08130101849576775,synthetic land-use allocation; not a verified utility asset
SYN-0036,143035742,commercial,19.820894,45.2565582,434.2664158676375,0.08130101849576775,synthetic land-use allocation; not a verified utility asset
SYN-0037,143035742,commercial,19.8158622,45.2523578,434.2664158676375,0.08130101849576775,synthetic land-use allocation; not a verified utility asset
SYN-0038,143035742,commercial,19.8170162,45.2517799,434.2664158676375,0.08130101849576775,synthetic land-use allocation; not a verified utility asset
SYN-0039,143035742,commercial,19.8166063,45.2510178,434.2664158676375,0.08130101849576775,synthetic land-use allocation; not a verified utility asset
SYN-0040,143035742,commercial,19.8166621,45.2514223,434.2664158676375,0.08130101849576775,synthetic land-use allocation; not a verified utility asset
SYN-0041,143035742,commercial,19.8203,45.2549889,434.2664158676375,0.08130101849576775,synthetic land-use allocation; not a verified utility asset
SYN-0042,143035742,commercial,19.8176413,45.2510761,434.2664158676375,0.08130101849576775,synthetic land-use allocation; not a verified utility asset
SYN-0043,143035742,commercial,19.8163979,45.2522715,434.2664158676375,0.08130101849576775,synthetic land-use allocation; not a verified utility asset
SYN-0044,143035742,commercial,19.8232961,45.2570706,434.2664158676375,0.08130101849576775,synthetic land-use allocation; not a verified utility asset
SYN-0045,143035742,commercial,19.8228954,45.2566019,434.2664158676375,0.08130101849576775,synthetic land-use allocation; not a verified utility asset
SYN-0046,143035742,commercial,19.8168252,45.250452,434.2664158676375,0.08130101849576775,synthetic land-use allocation; not a verified utility asset
SYN-0047,143035742,commercial,19.8226613,45.2582359,434.2664158676375,0.08130101849576775,synthetic land-use allocation; not a verified utility asset
SYN-0048,143035742,commercial,19.8224648,45.256839,434.2664158676375,0.08130101849576775,synthetic land-use allocation; not a verified utility asset
SYN-0049,143035742,commercial,19.8203684,45.254954,434.2664158676375,0.08130101849576775,synthetic land-use allocation; not a verified utility asset
SYN-0050,143035742,commercial,19.8229396,45.2555919,434.2664158676375,0.08130101849576775,synthetic land-use allocation; not a verified utility asset
SYN-0051,143035742,commercial,19.8182599,45.2528289,434.2664158676375,0.08130101849576775,synthetic land-use allocation; not a verified utility asset
SYN-0052,143925699,industrial,19.8190681,45.2749476,438.61789011634875,0.08211567805831187,synthetic land-use allocation; not a verified utility asset
SYN-0053,143925699,industrial,19.8181309,45.274016,438.61789011634875,0.08211567805831187,synthetic land-use allocation; not a verified utility asset
SYN-0054,143925699,industrial,19.8170418,45.2745773,438.61789011634875,0.08211567805831187,synthetic land-use allocation; not a verified utility asset
SYN-0055,143925699,industrial,19.8193249,45.2755979,438.61789011634875,0.08211567805831187,synthetic land-use allocation; not a verified utility asset
SYN-0056,143925699,industrial,19.8200344,45.2755852,438.61789011634875,0.08211567805831187,synthetic land-use allocation; not a verified utility asset
SYN-0057,143925699,industrial,19.8179869,45.2749049,438.61789011634875,0.08211567805831187,synthetic land-use allocation; not a verified utility asset
SYN-0058,143925699,industrial,19.8198341,45.273469,438.61789011634875,0.08211567805831187,synthetic land-use allocation; not a verified utility asset
SYN-0059,143925699,industrial,19.8180654,45.2737006,438.61789011634875,0.08211567805831187,synthetic land-use allocation; not a verified utility asset
SYN-0060,143925699,industrial,19.8234141,45.2733421,438.61789011634875,0.08211567805831187,synthetic land-use allocation; not a verified utility asset
SYN-0061,143925699,industrial,19.8159748,45.2743743,438.61789011634875,0.08211567805831187,synthetic land-use allocation; not a verified utility asset
SYN-0062,143925699,industrial,19.8185271,45.2744499,438.61789011634875,0.08211567805831187,synthetic land-use allocation; not a verified utility asset
SYN-0063,143925699,industrial,19.8204961,45.2743396,438.61789011634875,0.08211567805831187,synthetic land-use allocation; not a verified utility asset
SYN-0064,143925699,industrial,19.8197288,45.2757869,438.61789011634875,0.08211567805831187,synthetic land-use allocation; not a verified utility asset
SYN-0065,143925699,industrial,19.8163773,45.2753028,438.61789011634875,0.08211567805831187,synthetic land-use allocation; not a verified utility asset
SYN-0066,143925699,industrial,19.8186985,45.2740949,438.61789011634875,0.08211567805831187,synthetic land-use allocation; not a verified utility asset
SYN-0067,143925699,industrial,19.8223488,45.2723013,438.61789011634875,0.08211567805831187,synthetic land-use allocation; not a verified utility asset
SYN-0068,143925699,industrial,19.8164957,45.2754163,438.61789011634875,0.08211567805831187,synthetic land-use allocation; not a verified utility asset
SYN-0069,143925699,industrial,19.8166163,45.2736845,438.61789011634875,0.08211567805831187,synthetic land-use allocation; not a verified utility asset
SYN-0070,143925699,industrial,19.8228512,45.2729325,438.61789011634875,0.08211567805831187,synthetic land-use allocation; not a verified utility asset
SYN-0071,143925699,industrial,19.8218039,45.2730809,438.61789011634875,0.08211567805831187,synthetic land-use allocation; not a verified utility asset
SYN-0072,143925699,industrial,19.8207083,45.2741873,438.61789011634875,0.08211567805831187,synthetic land-use allocation; not a verified utility asset
SYN-0073,143925699,industrial,19.8163148,45.274116,438.61789011634875,0.08211567805831187,synthetic land-use allocation; not a verified utility asset
SYN-0074,143925699,industrial,19.8218072,45.2743169,438.61789011634875,0.08211567805831187,synthetic land-use allocation; not a verified utility asset
SYN-0075,143925699,industrial,19.8172061,45.2747603,438.61789011634875,0.08211567805831187,synthetic land-use allocation; not a verified utility asset
SYN-0076,143925699,industrial,19.8203375,45.2767792,438.61789011634875,0.08211567805831187,synthetic land-use allocation; not a verified utility asset
SYN-0077,143925699,industrial,19.8209044,45.2743622,438.61789011634875,0.08211567805831187,synthetic land-use allocation; not a verified utility asset
SYN-0078,143925699,industrial,19.8201769,45.2772484,438.61789011634875,0.08211567805831187,synthetic land-use allocation; not a verified utility asset
SYN-0079,143925699,industrial,19.8192103,45.2762582,438.61789011634875,0.08211567805831187,synthetic land-use allocation; not a verified utility asset
SYN-0080,143925699,industrial,19.8192984,45.2755479,438.61789011634875,0.08211567805831187,synthetic land-use allocation; not a verified utility asset
SYN-0081,143925699,industrial,19.8219594,45.2724001,438.61789011634875,0.08211567805831187,synthetic land-use allocation; not a verified utility asset
SYN-0082,143925699,industrial,19.8180907,45.2751472,438.61789011634875,0.08211567805831187,synthetic land-use allocation; not a verified utility asset
SYN-0083,143925699,industrial,19.8200312,45.2771186,438.61789011634875,0.08211567805831187,synthetic land-use allocation; not a verified utility asset
SYN-0084,143925699,industrial,19.8186445,45.2753307,438.61789011634875,0.08211567805831187,synthetic land-use allocation; not a verified utility asset
SYN-0085,143925699,industrial,19.8205511,45.2741963,438.61789011634875,0.08211567805831187,synthetic land-use allocation; not a verified utility asset
SYN-0086,143925699,industrial,19.8176289,45.2773889,438.61789011634875,0.08211567805831187,synthetic land-use allocation; not a verified utility asset
SYN-0087,143925699,industrial,19.8180785,45.2759737,438.61789011634875,0.08211567805831187,synthetic land-use allocation; not a verified utility asset
SYN-0088,143925812,industrial,19.8279577,45.2738859,448.55517567603147,0.08397608311743054,synthetic land-use allocation; not a verified utility asset
SYN-0089,143925812,industrial,19.828006,45.2737459,448.55517567603147,0.08397608311743054,synthetic land-use allocation; not a verified utility asset
SYN-0090,143925812,industrial,19.8276266,45.2739131,448.55517567603147,0.08397608311743054,synthetic land-use allocation; not a verified utility asset
SYN-0091,143925812,industrial,19.8278111,45.2731303,448.55517567603147,0.08397608311743054,synthetic land-use allocation; not a verified utility asset
SYN-0092,143925812,industrial,19.8280455,45.2739099,448.55517567603147,0.08397608311743054,synthetic land-use allocation; not a verified utility asset
SYN-0093,144216408,commercial,19.8538242,45.2635965,535.9863104657061,0.10034446908262076,synthetic land-use allocation; not a verified utility asset
SYN-0094,144216408,commercial,19.8531032,45.2638776,535.9863104657061,0.10034446908262076,synthetic land-use allocation; not a verified utility asset
SYN-0095,144216408,commercial,19.8535028,45.2631116,535.9863104657061,0.10034446908262076,synthetic land-use allocation; not a verified utility asset
SYN-0096,145067256,industrial,19.7899573,45.2464786,460.4014606703228,0.08619388076476363,synthetic land-use allocation; not a verified utility asset
SYN-0097,145067256,industrial,19.7906304,45.2458816,460.4014606703228,0.08619388076476363,synthetic land-use allocation; not a verified utility asset
SYN-0098,145067256,industrial,19.7907521,45.2470116,460.4014606703228,0.08619388076476363,synthetic land-use allocation; not a verified utility asset
SYN-0099,145067256,industrial,19.7929807,45.2441203,460.4014606703228,0.08619388076476363,synthetic land-use allocation; not a verified utility asset
SYN-0100,145067256,industrial,19.7929813,45.2466792,460.4014606703228,0.08619388076476363,synthetic land-use allocation; not a verified utility asset
SYN-0101,145067256,industrial,19.7919437,45.2467912,460.4014606703228,0.08619388076476363,synthetic land-use allocation; not a verified utility asset
SYN-0102,145067256,industrial,19.7916788,45.2441483,460.4014606703228,0.08619388076476363,synthetic land-use allocation; not a verified utility asset
SYN-0103,145067256,industrial,19.7934456,45.2456015,460.4014606703228,0.08619388076476363,synthetic land-use allocation; not a verified utility asset
SYN-0104,145067256,industrial,19.7936241,45.2458219,460.4014606703228,0.08619388076476363,synthetic land-use allocation; not a verified utility asset
SYN-0105,145067256,industrial,19.7913376,45.2452297,460.4014606703228,0.08619388076476363,synthetic land-use allocation; not a verified utility asset
SYN-0106,145067256,industrial,19.7901094,45.2468971,460.4014606703228,0.08619388076476363,synthetic land-use allocation; not a verified utility asset
SYN-0107,145067256,industrial,19.7919586,45.2441677,460.4014606703228,0.08619388076476363,synthetic land-use allocation; not a verified utility asset
SYN-0108,145067881,commercial,19.8105201,45.2493029,431.85859575519135,0.08085023938795818,synthetic land-use allocation; not a verified utility asset
SYN-0109,145067881,commercial,19.8073923,45.2512007,431.85859575519135,0.08085023938795818,synthetic land-use allocation; not a verified utility asset
SYN-0110,145067881,commercial,19.8102838,45.2511767,431.85859575519135,0.08085023938795818,synthetic land-use allocation; not a verified utility asset
SYN-0111,145067881,commercial,19.8084223,45.2493146,431.85859575519135,0.08085023938795818,synthetic land-use allocation; not a verified utility asset
SYN-0112,145067881,commercial,19.807706,45.2504685,431.85859575519135,0.08085023938795818,synthetic land-use allocation; not a verified utility asset
SYN-0113,145067881,commercial,19.8106462,45.24969,431.85859575519135,0.08085023938795818,synthetic land-use allocation; not a verified utility asset
SYN-0114,145067881,commercial,19.8102256,45.250508,431.85859575519135,0.08085023938795818,synthetic land-use allocation; not a verified utility asset
SYN-0115,145067881,commercial,19.8069221,45.2511907,431.85859575519135,0.08085023938795818,synthetic land-use allocation; not a verified utility asset
SYN-0116,145067881,commercial,19.810499,45.2502869,431.85859575519135,0.08085023938795818,synthetic land-use allocation; not a verified utility asset
SYN-0117,145067881,commercial,19.8109924,45.2512325,431.85859575519135,0.08085023938795818,synthetic land-use allocation; not a verified utility asset
SYN-0118,145067881,commercial,19.8111822,45.2503369,431.85859575519135,0.08085023938795818,synthetic land-use allocation; not a verified utility asset
SYN-0119,145067881,commercial,19.812902,45.2504699,431.85859575519135,0.08085023938795818,synthetic land-use allocation; not a verified utility asset
SYN-0120,145067881,commercial,19.8138272,45.2498615,431.85859575519135,0.08085023938795818,synthetic land-use allocation; not a verified utility asset
SYN-0121,145067881,commercial,19.8079305,45.249756,431.85859575519135,0.08085023938795818,synthetic land-use allocation; not a verified utility asset
SYN-0122,145067881,commercial,19.8134483,45.2495402,431.85859575519135,0.08085023938795818,synthetic land-use allocation; not a verified utility asset
SYN-0123,145067881,commercial,19.8086656,45.2503005,431.85859575519135,0.08085023938795818,synthetic land-use allocation; not a verified utility asset
SYN-0124,145067881,commercial,19.8082556,45.251461,431.85859575519135,0.08085023938795818,synthetic land-use allocation; not a verified utility asset
SYN-0125,145067881,commercial,19.8086956,45.2505261,431.85859575519135,0.08085023938795818,synthetic land-use allocation; not a verified utility asset
SYN-0126,145067881,commercial,19.8076047,45.2500529,431.85859575519135,0.08085023938795818,synthetic land-use allocation; not a verified utility asset
SYN-0127,145067881,commercial,19.8080576,45.2485123,431.85859575519135,0.08085023938795818,synthetic land-use allocation; not a verified utility asset
SYN-0128,145067881,commercial,19.8101629,45.2507831,431.85859575519135,0.08085023938795818,synthetic land-use allocation; not a verified utility asset
SYN-0129,145067881,commercial,19.8108755,45.2495774,431.85859575519135,0.08085023938795818,synthetic land-use allocation; not a verified utility asset
SYN-0130,145067881,commercial,19.8077347,45.2484962,431.85859575519135,0.08085023938795818,synthetic land-use allocation; not a verified utility asset
SYN-0131,145067881,commercial,19.8130151,45.2502598,431.85859575519135,0.08085023938795818,synthetic land-use allocation; not a verified utility asset
SYN-0132,145067881,commercial,19.8116703,45.2505453,431.85859575519135,0.08085023938795818,synthetic land-use allocation; not a verified utility asset
SYN-0133,145067881,commercial,19.8105495,45.2504993,431.85859575519135,0.08085023938795818,synthetic land-use allocation; not a verified utility asset
SYN-0134,145067881,commercial,19.8090804,45.2501966,431.85859575519135,0.08085023938795818,synthetic land-use allocation; not a verified utility asset
SYN-0135,146668808,commercial,19.8374244,45.235976,470.1652359962968,0.08802180217282268,synthetic land-use allocation; not a verified utility asset
SYN-0136,146668808,commercial,19.8381616,45.2350519,470.1652359962968,0.08802180217282268,synthetic land-use allocation; not a verified utility asset
SYN-0137,146668808,commercial,19.8350251,45.2352817,470.1652359962968,0.08802180217282268,synthetic land-use allocation; not a verified utility asset
SYN-0138,146668808,commercial,19.8354942,45.2352355,470.1652359962968,0.08802180217282268,synthetic land-use allocation; not a verified utility asset
SYN-0139,146668808,commercial,19.8373894,45.2352839,470.1652359962968,0.08802180217282268,synthetic land-use allocation; not a verified utility asset
SYN-0140,146668808,commercial,19.8367067,45.2360575,470.1652359962968,0.08802180217282268,synthetic land-use allocation; not a verified utility asset
SYN-0141,146668808,commercial,19.8364658,45.2359688,470.1652359962968,0.08802180217282268,synthetic land-use allocation; not a verified utility asset
SYN-0142,146668808,commercial,19.8350155,45.2349363,470.1652359962968,0.08802180217282268,synthetic land-use allocation; not a verified utility asset
SYN-0143,151327429,commercial,19.8528685,45.2810139,474.93232634278576,0.08891427114180007,synthetic land-use allocation; not a verified utility asset
SYN-0144,151327429,commercial,19.853134,45.2816947,474.93232634278576,0.08891427114180007,synthetic land-use allocation; not a verified utility asset
SYN-0145,151327429,commercial,19.8519551,45.2815628,474.93232634278576,0.08891427114180007,synthetic land-use allocation; not a verified utility asset
SYN-0146,167523974,commercial,19.8316126,45.2836014,462.07585449615834,0.08650735175498854,synthetic land-use allocation; not a verified utility asset
SYN-0147,167523974,commercial,19.8304128,45.2839714,462.07585449615834,0.08650735175498854,synthetic land-use allocation; not a verified utility asset
SYN-0148,167523974,commercial,19.8321436,45.2828169,462.07585449615834,0.08650735175498854,synthetic land-use allocation; not a verified utility asset
SYN-0149,167523974,commercial,19.832728,45.2831065,462.07585449615834,0.08650735175498854,synthetic land-use allocation; not a verified utility asset
SYN-0150,167523974,commercial,19.8323305,45.2833915,462.07585449615834,0.08650735175498854,synthetic land-use allocation; not a verified utility asset
SYN-0151,167523974,commercial,19.8317737,45.2835843,462.07585449615834,0.08650735175498854,synthetic land-use allocation; not a verified utility asset
SYN-0152,167523974,commercial,19.8305999,45.2839057,462.07585449615834,0.08650735175498854,synthetic land-use allocation; not a verified utility asset
SYN-0153,167523974,commercial,19.831012,45.282848,462.07585449615834,0.08650735175498854,synthetic land-use allocation; not a verified utility asset
SYN-0154,167523974,commercial,19.8327456,45.2837185,462.07585449615834,0.08650735175498854,synthetic land-use allocation; not a verified utility asset
SYN-0155,167523974,commercial,19.8331132,45.2844499,462.07585449615834,0.08650735175498854,synthetic land-use allocation; not a verified utility asset
SYN-0156,219579821,commercial,19.8548029,45.2508411,132.91026312572257,0.024882743324906965,synthetic land-use allocation; not a verified utility asset
SYN-0157,220232167,industrial,19.8137537,45.231322,203.88067594348402,0.038169441614990154,synthetic land-use allocation; not a verified utility asset
SYN-0158,220232167,industrial,19.8141833,45.2313865,203.88067594348402,0.038169441614990154,synthetic land-use allocation; not a verified utility asset
SYN-0159,222742219,commercial,19.8368288,45.2534719,181.9712710475507,0.0340676808810483,synthetic land-use allocation; not a verified utility asset
SYN-0160,222742219,commercial,19.8373684,45.2524072,181.9712710475507,0.0340676808810483,synthetic land-use allocation; not a verified utility asset
SYN-0161,223668709,military,19.8042516,45.2624852,491.4410432392907,0.09200494416808638,synthetic land-use allocation; not a verified utility asset
SYN-0162,223668709,military,19.8047023,45.2621431,491.4410432392907,0.09200494416808638,synthetic land-use allocation; not a verified utility asset
SYN-0163,223668709,military,19.8043539,45.2629614,491.4410432392907,0.09200494416808638,synthetic land-use allocation; not a verified utility asset
SYN-0164,223668709,military,19.8020815,45.2663049,491.4410432392907,0.09200494416808638,synthetic land-use allocation; not a verified utility asset
SYN-0165,223668709,military,19.8007686,45.2668828,491.4410432392907,0.09200494416808638,synthetic land-use allocation; not a verified utility asset
SYN-0166,224627218,residential,19.7728884,45.2695652,567.6793489426741,0.10627786898013533,synthetic land-use allocation; not a verified utility asset
SYN-0167,224627218,residential,19.771416,45.2714561,567.6793489426741,0.10627786898013533,synthetic land-use allocation; not a verified utility asset
SYN-0168,232102536,residential,19.7960632,45.2772914,29.19912497946174,0.005466502850036216,synthetic land-use allocation; not a verified utility asset
SYN-0169,237344400,industrial,19.8509743,45.2610482,309.78742128005183,0.057996731837817915,synthetic land-use allocation; not a verified utility asset
SYN-0170,262606518,commercial,19.8108825,45.2699556,453.3422995840359,0.08487230266185147,synthetic land-use allocation; not a verified utility asset
SYN-0171,262606518,commercial,19.8114187,45.269586,453.3422995840359,0.08487230266185147,synthetic land-use allocation; not a verified utility asset
SYN-0172,262606518,commercial,19.8117078,45.268993,453.3422995840359,0.08487230266185147,synthetic land-use allocation; not a verified utility asset
SYN-0173,262606518,commercial,19.8090212,45.2709162,453.3422995840359,0.08487230266185147,synthetic land-use allocation; not a verified utility asset
SYN-0174,262606518,commercial,19.8093207,45.2706484,453.3422995840359,0.08487230266185147,synthetic land-use allocation; not a verified utility asset
SYN-0175,262606518,commercial,19.8105735,45.2696085,453.3422995840359,0.08487230266185147,synthetic land-use allocation; not a verified utility asset
SYN-0176,262606518,commercial,19.8085547,45.2712513,453.3422995840359,0.08487230266185147,synthetic land-use allocation; not a verified utility asset
SYN-0177,262608375,industrial,19.8159243,45.2656296,399.2422060036356,0.07474397463995004,synthetic land-use allocation; not a verified utility asset
SYN-0178,262608375,industrial,19.817418,45.2659977,399.2422060036356,0.07474397463995004,synthetic land-use allocation; not a verified utility asset
SYN-0179,268180096,industrial,19.8279345,45.2819676,542.7133814693782,0.10160387506960962,synthetic land-use allocation; not a verified utility asset
SYN-0180,268180096,industrial,19.8280883,45.2821896,542.7133814693782,0.10160387506960962,synthetic land-use allocation; not a verified utility asset
SYN-0181,268180096,industrial,19.8295816,45.2822675,542.7133814693782,0.10160387506960962,synthetic land-use allocation; not a verified utility asset
SYN-0182,295689596,retail,19.8287604,45.2747359,434.2674349681648,0.08130120928627742,synthetic land-use allocation; not a verified utility asset
SYN-0183,295689596,retail,19.8272571,45.2779056,434.2674349681648,0.08130120928627742,synthetic land-use allocation; not a verified utility asset
SYN-0184,295689596,retail,19.8267174,45.2759227,434.2674349681648,0.08130120928627742,synthetic land-use allocation; not a verified utility asset
SYN-0185,295689596,retail,19.8274548,45.2747814,434.2674349681648,0.08130120928627742,synthetic land-use allocation; not a verified utility asset
SYN-0186,295689596,retail,19.8270189,45.2748221,434.2674349681648,0.08130120928627742,synthetic land-use allocation; not a verified utility asset
SYN-0187,295689596,retail,19.8281961,45.2762903,434.2674349681648,0.08130120928627742,synthetic land-use allocation; not a verified utility asset
SYN-0188,295689596,retail,19.8271455,45.2777528,434.2674349681648,0.08130120928627742,synthetic land-use allocation; not a verified utility asset
SYN-0189,295689596,retail,19.8292292,45.274393,434.2674349681648,0.08130120928627742,synthetic land-use allocation; not a verified utility asset
SYN-0190,295689596,retail,19.8266806,45.2765542,434.2674349681648,0.08130120928627742,synthetic land-use allocation; not a verified utility asset
SYN-0191,295689596,retail,19.8259965,45.2758691,434.2674349681648,0.08130120928627742,synthetic land-use allocation; not a verified utility asset
SYN-0192,295689596,retail,19.8259765,45.2745624,434.2674349681648,0.08130120928627742,synthetic land-use allocation; not a verified utility asset
SYN-0193,295689596,retail,19.8272858,45.2749247,434.2674349681648,0.08130120928627742,synthetic land-use allocation; not a verified utility asset
SYN-0194,295689596,retail,19.8267361,45.2774979,434.2674349681648,0.08130120928627742,synthetic land-use allocation; not a verified utility asset
SYN-0195,295689596,retail,19.8261145,45.2784539,434.2674349681648,0.08130120928627742,synthetic land-use allocation; not a verified utility asset
SYN-0196,295689596,retail,19.8254093,45.2784852,434.2674349681648,0.08130120928627742,synthetic land-use allocation; not a verified utility asset
SYN-0197,295689596,retail,19.8266511,45.2754459,434.2674349681648,0.08130120928627742,synthetic land-use allocation; not a verified utility asset
SYN-0198,295689596,retail,19.8269579,45.2775494,434.2674349681648,0.08130120928627742,synthetic land-use allocation; not a verified utility asset
SYN-0199,295689596,retail,19.8256226,45.2760563,434.2674349681648,0.08130120928627742,synthetic land-use allocation; not a verified utility asset
SYN-0200,295689596,retail,19.8262692,45.2778657,434.2674349681648,0.08130120928627742,synthetic land-use allocation; not a verified utility asset
SYN-0201,295689596,retail,19.8271518,45.2760154,434.2674349681648,0.08130120928627742,synthetic land-use allocation; not a verified utility asset
SYN-0202,296164643,commercial,19.8382812,45.2748222,559.5470288179109,0.10475537982435774,synthetic land-use allocation; not a verified utility asset
SYN-0203,296164692,commercial,19.8368503,45.2761725,623.5544131667751,0.11673849744218165,synthetic land-use allocation; not a verified utility asset
SYN-0204,296478854,commercial,19.834718,45.268306,651.5310728335236,0.12197613692317108,synthetic land-use allocation; not a verified utility asset
SYN-0205,296478866,commercial,19.8358628,45.2690942,282.37803304425563,0.052865293857600366,synthetic land-use allocation; not a verified utility asset
SYN-0206,296478867,commercial,19.8366272,45.2684316,605.681523384089,0.11339243131848241,synthetic land-use allocation; not a verified utility asset
SYN-0207,296655785,commercial,19.8431251,45.2624977,252.14282015398885,0.047204820211477365,synthetic land-use allocation; not a verified utility asset
SYN-0208,297235042,commercial,19.8479665,45.2667056,238.4420385812976,0.04463983370700092,synthetic land-use allocation; not a verified utility asset
SYN-0209,297669844,commercial,19.846941,45.2679064,245.63110492437397,0.04598573197214307,synthetic land-use allocation; not a verified utility asset
SYN-0210,298781074,commercial,19.8063168,45.2461028,417.3965398973409,0.07814273121365742,synthetic land-use allocation; not a verified utility asset
SYN-0211,298781074,commercial,19.8066415,45.2466198,417.3965398973409,0.07814273121365742,synthetic land-use allocation; not a verified utility asset
SYN-0212,298781074,commercial,19.8061302,45.2459194,417.3965398973409,0.07814273121365742,synthetic land-use allocation; not a verified utility asset
SYN-0213,301635186,industrial,19.8185489,45.2835211,481.77029042356355,0.09019443793317855,synthetic land-use allocation; not a verified utility asset
SYN-0214,301635186,industrial,19.8182991,45.2833612,481.77029042356355,0.09019443793317855,synthetic land-use allocation; not a verified utility asset
SYN-0215,301666920,industrial,19.8030722,45.288945,449.68117081496274,0.08418688586033549,synthetic land-use allocation; not a verified utility asset
SYN-0216,301666920,industrial,19.8031189,45.2867917,449.68117081496274,0.08418688586033549,synthetic land-use allocation; not a verified utility asset
SYN-0217,301666920,industrial,19.8019102,45.2875161,449.68117081496274,0.08418688586033549,synthetic land-use allocation; not a verified utility asset
SYN-0218,301666920,industrial,19.8028147,45.2884262,449.68117081496274,0.08418688586033549,synthetic land-use allocation; not a verified utility asset
SYN-0219,301666920,industrial,19.8036615,45.2892367,449.68117081496274,0.08418688586033549,synthetic land-use allocation; not a verified utility asset
SYN-0220,301666920,industrial,19.8017937,45.2868047,449.68117081496274,0.08418688586033549,synthetic land-use allocation; not a verified utility asset
SYN-0221,301666920,industrial,19.8022603,45.2872323,449.68117081496274,0.08418688586033549,synthetic land-use allocation; not a verified utility asset
SYN-0222,301666920,industrial,19.8007112,45.2890395,449.68117081496274,0.08418688586033549,synthetic land-use allocation; not a verified utility asset
SYN-0223,301666920,industrial,19.8036594,45.2895051,449.68117081496274,0.08418688586033549,synthetic land-use allocation; not a verified utility asset
SYN-0224,301666920,industrial,19.8020692,45.2879324,449.68117081496274,0.08418688586033549,synthetic land-use allocation; not a verified utility asset
SYN-0225,301666920,industrial,19.8008629,45.2869587,449.68117081496274,0.08418688586033549,synthetic land-use allocation; not a verified utility asset
SYN-0226,301666920,industrial,19.8032065,45.2880687,449.68117081496274,0.08418688586033549,synthetic land-use allocation; not a verified utility asset
SYN-0227,301666920,industrial,19.8036724,45.2890385,449.68117081496274,0.08418688586033549,synthetic land-use allocation; not a verified utility asset
SYN-0228,301666920,industrial,19.8037951,45.2874732,449.68117081496274,0.08418688586033549,synthetic land-use allocation; not a verified utility asset
SYN-0229,301666920,industrial,19.8009141,45.2879036,449.68117081496274,0.08418688586033549,synthetic land-use allocation; not a verified utility asset
SYN-0230,301666920,industrial,19.8022487,45.2891279,449.68117081496274,0.08418688586033549,synthetic land-use allocation; not a verified utility asset
SYN-0231,301666920,industrial,19.8028252,45.2861287,449.68117081496274,0.08418688586033549,synthetic land-use allocation; not a verified utility asset
SYN-0232,301666920,industrial,19.8041509,45.2880184,449.68117081496274,0.08418688586033549,synthetic land-use allocation; not a verified utility asset
SYN-0233,301833299,commercial,19.8228647,45.3003979,113.37492435019514,0.02122544245825571,synthetic land-use allocation; not a verified utility asset
SYN-0234,303032320,commercial,19.8312895,45.2953371,741.1232503513447,0.13874910166395038,synthetic land-use allocation; not a verified utility asset
SYN-0235,303047272,commercial,19.8228299,45.2993699,149.42595460950395,0.027974722095843205,synthetic land-use allocation; not a verified utility asset
SYN-0236,304026333,commercial,19.7870521,45.2428017,265.95595645333054,0.049790841162495665,synthetic land-use allocation; not a verified utility asset
SYN-0237,311834230,commercial,19.8410448,45.2742814,602.9957122246226,0.11288960822470104,synthetic land-use allocation; not a verified utility asset
SYN-0238,311834230,commercial,19.8416169,45.2745053,602.9957122246226,0.11288960822470104,synthetic land-use allocation; not a verified utility asset
SYN-0239,311834231,commercial,19.8489517,45.2692066,479.53661827754996,0.089776261869313,synthetic land-use allocation; not a verified utility asset
SYN-0240,311834231,commercial,19.8491028,45.2690455,479.53661827754996,0.089776261869313,synthetic land-use allocation; not a verified utility asset
SYN-0241,311834231,commercial,19.8489476,45.2685647,479.53661827754996,0.089776261869313,synthetic land-use allocation; not a verified utility asset
SYN-0242,311834231,commercial,19.848534,45.2688309,479.53661827754996,0.089776261869313,synthetic land-use allocation; not a verified utility asset
SYN-0243,311834231,commercial,19.8480166,45.2695714,479.53661827754996,0.089776261869313,synthetic land-use allocation; not a verified utility asset
SYN-0244,311834238,commercial,19.8552413,45.2666068,425.0183068530222,0.07956963735604525,synthetic land-use allocation; not a verified utility asset
SYN-0245,311834238,commercial,19.8545885,45.2668287,425.0183068530222,0.07956963735604525,synthetic land-use allocation; not a verified utility asset
SYN-0246,311834238,commercial,19.8550535,45.2669714,425.0183068530222,0.07956963735604525,synthetic land-use allocation; not a verified utility asset
SYN-0247,311834238,commercial,19.8548572,45.2671389,425.0183068530222,0.07956963735604525,synthetic land-use allocation; not a verified utility asset
SYN-0248,311834239,commercial,19.8586049,45.2655882,475.9296096727143,0.08910097715333921,synthetic land-use allocation; not a verified utility asset
SYN-0249,311834239,commercial,19.8586588,45.2653822,475.9296096727143,0.08910097715333921,synthetic land-use allocation; not a verified utility asset
SYN-0250,311834239,commercial,19.8575346,45.2662038,475.9296096727143,0.08910097715333921,synthetic land-use allocation; not a verified utility asset
SYN-0251,311834241,commercial,19.8588726,45.2670686,400.061580591951,0.0748973735354794,synthetic land-use allocation; not a verified utility asset
SYN-0252,311834241,commercial,19.8588185,45.2674188,400.061580591951,0.0748973735354794,synthetic land-use allocation; not a verified utility asset
SYN-0253,311834243,commercial,19.8490164,45.2698826,447.9726923748649,0.08386703373228063,synthetic land-use allocation; not a verified utility asset
SYN-0254,311834243,commercial,19.8491282,45.2707398,447.9726923748649,0.08386703373228063,synthetic land-use allocation; not a verified utility asset
SYN-0255,311834243,commercial,19.8498908,45.2708372,447.9726923748649,0.08386703373228063,synthetic land-use allocation; not a verified utility asset
SYN-0256,311834243,commercial,19.848347,45.2713348,447.9726923748649,0.08386703373228063,synthetic land-use allocation; not a verified utility asset
SYN-0257,311834243,commercial,19.8478394,45.2704937,447.9726923748649,0.08386703373228063,synthetic land-use allocation; not a verified utility asset
SYN-0258,311834243,commercial,19.8485783,45.2714569,447.9726923748649,0.08386703373228063,synthetic land-use allocation; not a verified utility asset
SYN-0259,311834243,commercial,19.8491196,45.2707208,447.9726923748649,0.08386703373228063,synthetic land-use allocation; not a verified utility asset
SYN-0260,311834244,industrial,19.8601387,45.2657331,470.4140730799627,0.0880683881108606,synthetic land-use allocation; not a verified utility asset
SYN-0261,311834244,industrial,19.8600314,45.2668612,470.4140730799627,0.0880683881108606,synthetic land-use allocation; not a verified utility asset
SYN-0262,311834244,industrial,19.8607165,45.2661591,470.4140730799627,0.0880683881108606,synthetic land-use allocation; not a verified utility asset
SYN-0263,311834244,industrial,19.8620484,45.2665801,470.4140730799627,0.0880683881108606,synthetic land-use allocation; not a verified utility asset
SYN-0264,311834244,industrial,19.8605329,45.2673868,470.4140730799627,0.0880683881108606,synthetic land-use allocation; not a verified utility asset
SYN-0265,311834244,industrial,19.8602707,45.2666081,470.4140730799627,0.0880683881108606,synthetic land-use allocation; not a verified utility asset
SYN-0266,311834244,industrial,19.8614486,45.2671443,470.4140730799627,0.0880683881108606,synthetic land-use allocation; not a verified utility asset
SYN-0267,311834244,industrial,19.862946,45.2673804,470.4140730799627,0.0880683881108606,synthetic land-use allocation; not a verified utility asset
SYN-0268,311834246,commercial,19.8528094,45.2670477,474.13970315809496,0.08876588049991732,synthetic land-use allocation; not a verified utility asset
SYN-0269,311834246,commercial,19.8524001,45.2670372,474.13970315809496,0.08876588049991732,synthetic land-use allocation; not a verified utility asset
SYN-0270,311834246,commercial,19.8519053,45.2671576,474.13970315809496,0.08876588049991732,synthetic land-use allocation; not a verified utility asset
SYN-0271,311834246,commercial,19.8512674,45.2680276,474.13970315809496,0.08876588049991732,synthetic land-use allocation; not a verified utility asset
SYN-0272,311834246,commercial,19.8503569,45.2682075,474.13970315809496,0.08876588049991732,synthetic land-use allocation; not a verified utility asset
SYN-0273,311834246,commercial,19.8503854,45.2679977,474.13970315809496,0.08876588049991732,synthetic land-use allocation; not a verified utility asset
SYN-0274,311834248,commercial,19.8461819,45.2696938,240.0636060976899,0.04494341484020678,synthetic land-use allocation; not a verified utility asset
SYN-0275,311968993,commercial,19.8350462,45.2307899,455.4573110012827,0.08526826370343647,synthetic land-use allocation; not a verified utility asset
SYN-0276,311968993,commercial,19.8340599,45.2295113,455.4573110012827,0.08526826370343647,synthetic land-use allocation; not a verified utility asset
SYN-0277,311968993,commercial,19.8360043,45.2311122,455.4573110012827,0.08526826370343647,synthetic land-use allocation; not a verified utility asset
SYN-0278,311968993,commercial,19.8335101,45.230713,455.4573110012827,0.08526826370343647,synthetic land-use allocation; not a verified utility asset
SYN-0279,311968993,commercial,19.8355626,45.2311798,455.4573110012827,0.08526826370343647,synthetic land-use allocation; not a verified utility asset
SYN-0280,311968993,commercial,19.8352099,45.2306599,455.4573110012827,0.08526826370343647,synthetic land-use allocation; not a verified utility asset
SYN-0281,311968997,commercial,19.8328395,45.2292138,293.5698856157616,0.05496057219290514,synthetic land-use allocation; not a verified utility asset
SYN-0282,311968998,commercial,19.8328077,45.2300995,182.83361566675651,0.03422912439423295,synthetic land-use allocation; not a verified utility asset
SYN-0283,311968998,commercial,19.8326447,45.2296859,182.83361566675651,0.03422912439423295,synthetic land-use allocation; not a verified utility asset
SYN-0284,312052006,residential,19.7773602,45.2426611,498.63530146414496,0.09335181442936047,synthetic land-use allocation; not a verified utility asset
SYN-0285,312052006,residential,19.7768801,45.2419207,498.63530146414496,0.09335181442936047,synthetic land-use allocation; not a verified utility asset
SYN-0286,312052006,residential,19.7765182,45.2406446,498.63530146414496,0.09335181442936047,synthetic land-use allocation; not a verified utility asset
SYN-0287,313013135,industrial,19.7709399,45.2381332,96.94390193140875,0.018149314973460083,synthetic land-use allocation; not a verified utility asset
SYN-0288,313099531,commercial,19.7957583,45.2328803,126.72316682448182,0.023724428492254587,synthetic land-use allocation; not a verified utility asset
SYN-0289,315436023,commercial,19.8380599,45.2783019,643.6179181423443,0.12049467873897768,synthetic land-use allocation; not a verified utility asset
SYN-0290,315440892,commercial,19.8357823,45.2828004,70.48190428057485,0.013195242353897572,synthetic land-use allocation; not a verified utility asset
SYN-0291,315440893,commercial,19.8359418,45.2830877,61.91011021971205,0.011590477255745177,synthetic land-use allocation; not a verified utility asset
SYN-0292,315453387,commercial,19.8442443,45.2791199,477.88090059784355,0.08946628732653691,synthetic land-use allocation; not a verified utility asset
SYN-0293,315453387,commercial,19.8443644,45.2793389,477.88090059784355,0.08946628732653691,synthetic land-use allocation; not a verified utility asset
SYN-0294,315585007,industrial,19.8358489,45.2839707,87.42524008555088,0.0163672823904456,synthetic land-use allocation; not a verified utility asset
SYN-0295,315687057,commercial,19.832499,45.2912841,191.02919483174136,0.035763456566673034,synthetic land-use allocation; not a verified utility asset
SYN-0296,315687059,commercial,19.8324056,45.2905244,510.76983207241386,0.0956235758674382,synthetic land-use allocation; not a verified utility asset
SYN-0297,315687059,commercial,19.8328341,45.2906544,510.76983207241386,0.0956235758674382,synthetic land-use allocation; not a verified utility asset
SYN-0298,315687062,commercial,19.8313936,45.2914951,530.3017725436152,0.09928024052186403,synthetic land-use allocation; not a verified utility asset
SYN-0299,315687062,commercial,19.8310074,45.2916903,530.3017725436152,0.09928024052186403,synthetic land-use allocation; not a verified utility asset
SYN-0300,317081948,residential,19.7775906,45.2788972,434.943749669993,0.08142782528068361,synthetic land-use allocation; not a verified utility asset
SYN-0301,317081948,residential,19.7820187,45.2754945,434.943749669993,0.08142782528068361,synthetic land-use allocation; not a verified utility asset
SYN-0302,317081948,residential,19.7886452,45.2792934,434.943749669993,0.08142782528068361,synthetic land-use allocation; not a verified utility asset
SYN-0303,317081948,residential,19.7819537,45.2717287,434.943749669993,0.08142782528068361,synthetic land-use allocation; not a verified utility asset
SYN-0304,317081948,residential,19.7829774,45.2793888,434.943749669993,0.08142782528068361,synthetic land-use allocation; not a verified utility asset
SYN-0305,317081948,residential,19.7817147,45.2793456,434.943749669993,0.08142782528068361,synthetic land-use allocation; not a verified utility asset
SYN-0306,317081948,residential,19.781502,45.2774959,434.943749669993,0.08142782528068361,synthetic land-use allocation; not a verified utility asset
SYN-0307,317081948,residential,19.7876738,45.2762371,434.943749669993,0.08142782528068361,synthetic land-use allocation; not a verified utility asset
SYN-0308,317081948,residential,19.7812964,45.2806487,434.943749669993,0.08142782528068361,synthetic land-use allocation; not a verified utility asset
SYN-0309,317081948,residential,19.7763224,45.2738023,434.943749669993,0.08142782528068361,synthetic land-use allocation; not a verified utility asset
SYN-0310,317081948,residential,19.7863406,45.2777904,434.943749669993,0.08142782528068361,synthetic land-use allocation; not a verified utility asset
SYN-0311,317081948,residential,19.7760322,45.2763266,434.943749669993,0.08142782528068361,synthetic land-use allocation; not a verified utility asset
SYN-0312,317081948,residential,19.7851636,45.2757565,434.943749669993,0.08142782528068361,synthetic land-use allocation; not a verified utility asset
SYN-0313,317081948,residential,19.7834958,45.273599,434.943749669993,0.08142782528068361,synthetic land-use allocation; not a verified utility asset
SYN-0314,317081948,residential,19.7805878,45.2714007,434.943749669993,0.08142782528068361,synthetic land-use allocation; not a verified utility asset
SYN-0315,317081948,residential,19.7783011,45.2771064,434.943749669993,0.08142782528068361,synthetic land-use allocation; not a verified utility asset
SYN-0316,317081948,residential,19.7865943,45.2755119,434.943749669993,0.08142782528068361,synthetic land-use allocation; not a verified utility asset
SYN-0317,317081948,residential,19.7818441,45.2731481,434.943749669993,0.08142782528068361,synthetic land-use allocation; not a verified utility asset
SYN-0318,317081948,residential,19.7828483,45.2792806,434.943749669993,0.08142782528068361,synthetic land-use allocation; not a verified utility asset
SYN-0319,317081948,residential,19.7853415,45.2800352,434.943749669993,0.08142782528068361,synthetic land-use allocation; not a verified utility asset
SYN-0320,317081948,residential,19.7846558,45.2749937,434.943749669993,0.08142782528068361,synthetic land-use allocation; not a verified utility asset
SYN-0321,317081948,residential,19.7796607,45.2753886,434.943749669993,0.08142782528068361,synthetic land-use allocation; not a verified utility asset
SYN-0322,317081948,residential,19.7810663,45.2778476,434.943749669993,0.08142782528068361,synthetic land-use allocation; not a verified utility asset
SYN-0323,317081948,residential,19.7807778,45.2764871,434.943749669993,0.08142782528068361,synthetic land-use allocation; not a verified utility asset
SYN-0324,317081948,residential,19.7858584,45.2770286,434.943749669993,0.08142782528068361,synthetic land-use allocation; not a verified utility asset
SYN-0325,317081948,residential,19.7827881,45.2774936,434.943749669993,0.08142782528068361,synthetic land-use allocation; not a verified utility asset
SYN-0326,317081948,residential,19.7825075,45.278881,434.943749669993,0.08142782528068361,synthetic land-use allocation; not a verified utility asset
SYN-0327,317081948,residential,19.7812122,45.276164,434.943749669993,0.08142782528068361,synthetic land-use allocation; not a verified utility asset
SYN-0328,317081948,residential,19.7843488,45.2798669,434.943749669993,0.08142782528068361,synthetic land-use allocation; not a verified utility asset
SYN-0329,317081948,residential,19.7892773,45.2790689,434.943749669993,0.08142782528068361,synthetic land-use allocation; not a verified utility asset
SYN-0330,317081948,residential,19.7783889,45.2717352,434.943749669993,0.08142782528068361,synthetic land-use allocation; not a verified utility asset
SYN-0331,317081948,residential,19.7823145,45.2741541,434.943749669993,0.08142782528068361,synthetic land-use allocation; not a verified utility asset
SYN-0332,317081948,residential,19.7825672,45.2784432,434.943749669993,0.08142782528068361,synthetic land-use allocation; not a verified utility asset
SYN-0333,317081948,residential,19.7819199,45.2778815,434.943749669993,0.08142782528068361,synthetic land-use allocation; not a verified utility asset
SYN-0334,317081948,residential,19.7805812,45.2734108,434.943749669993,0.08142782528068361,synthetic land-use allocation; not a verified utility asset
SYN-0335,317081948,residential,19.7866561,45.2758786,434.943749669993,0.08142782528068361,synthetic land-use allocation; not a verified utility asset
SYN-0336,317081948,residential,19.7760907,45.2744071,434.943749669993,0.08142782528068361,synthetic land-use allocation; not a verified utility asset
SYN-0337,317081948,residential,19.7765596,45.2722802,434.943749669993,0.08142782528068361,synthetic land-use allocation; not a verified utility asset
SYN-0338,317081948,residential,19.7768646,45.2773867,434.943749669993,0.08142782528068361,synthetic land-use allocation; not a verified utility asset
SYN-0339,317081948,residential,19.7770586,45.2761279,434.943749669993,0.08142782528068361,synthetic land-use allocation; not a verified utility asset
SYN-0340,317081948,residential,19.7802206,45.2776286,434.943749669993,0.08142782528068361,synthetic land-use allocation; not a verified utility asset
SYN-0341,317081948,residential,19.7744369,45.2737968,434.943749669993,0.08142782528068361,synthetic land-use allocation; not a verified utility asset
SYN-0342,317081948,residential,19.7794829,45.279379,434.943749669993,0.08142782528068361,synthetic land-use allocation; not a verified utility asset
SYN-0343,317081948,residential,19.7757664,45.2764181,434.943749669993,0.08142782528068361,synthetic land-use allocation; not a verified utility asset
SYN-0344,317081948,residential,19.7828323,45.2800333,434.943749669993,0.08142782528068361,synthetic land-use allocation; not a verified utility asset
SYN-0345,317081948,residential,19.7821796,45.2732828,434.943749669993,0.08142782528068361,synthetic land-use allocation; not a verified utility asset
SYN-0346,317081948,residential,19.7854632,45.2746363,434.943749669993,0.08142782528068361,synthetic land-use allocation; not a verified utility asset
SYN-0347,317081948,residential,19.7808677,45.2743173,434.943749669993,0.08142782528068361,synthetic land-use allocation; not a verified utility asset
SYN-0348,317081948,residential,19.7791278,45.2759042,434.943749669993,0.08142782528068361,synthetic land-use allocation; not a verified utility asset
SYN-0349,317081948,residential,19.7787132,45.2740572,434.943749669993,0.08142782528068361,synthetic land-use allocation; not a verified utility asset
SYN-0350,317081948,residential,19.7815796,45.2782815,434.943749669993,0.08142782528068361,synthetic land-use allocation; not a verified utility asset
SYN-0351,317081948,residential,19.7840971,45.2778109,434.943749669993,0.08142782528068361,synthetic land-use allocation; not a verified utility asset
SYN-0352,317081948,residential,19.7853526,45.279324,434.943749669993,0.08142782528068361,synthetic land-use allocation; not a verified utility asset
SYN-0353,317081948,residential,19.7775927,45.2723922,434.943749669993,0.08142782528068361,synthetic land-use allocation; not a verified utility asset
SYN-0354,317081948,residential,19.7785518,45.2697677,434.943749669993,0.08142782528068361,synthetic land-use allocation; not a verified utility asset
SYN-0355,317081948,residential,19.7859259,45.2776959,434.943749669993,0.08142782528068361,synthetic land-use allocation; not a verified utility asset
SYN-0356,317081948,residential,19.7832618,45.274461,434.943749669993,0.08142782528068361,synthetic land-use allocation; not a verified utility asset
SYN-0357,317081948,residential,19.7880264,45.2778379,434.943749669993,0.08142782528068361,synthetic land-use allocation; not a verified utility asset
SYN-0358,317081948,residential,19.7866404,45.2753242,434.943749669993,0.08142782528068361,synthetic land-use allocation; not a verified utility asset
SYN-0359,317081948,residential,19.7787259,45.2800608,434.943749669993,0.08142782528068361,synthetic land-use allocation; not a verified utility asset
SYN-0360,317081948,residential,19.7840401,45.2772636,434.943749669993,0.08142782528068361,synthetic land-use allocation; not a verified utility asset
SYN-0361,317081948,residential,19.7762237,45.2741999,434.943749669993,0.08142782528068361,synthetic land-use allocation; not a verified utility asset
SYN-0362,317081948,residential,19.7877267,45.2791124,434.943749669993,0.08142782528068361,synthetic land-use allocation; not a verified utility asset
SYN-0363,317081948,residential,19.7879056,45.2788931,434.943749669993,0.08142782528068361,synthetic land-use allocation; not a verified utility asset
SYN-0364,317081948,residential,19.7788438,45.2762554,434.943749669993,0.08142782528068361,synthetic land-use allocation; not a verified utility asset
SYN-0365,317081948,residential,19.7845541,45.2775482,434.943749669993,0.08142782528068361,synthetic land-use allocation; not a verified utility asset
SYN-0366,317081948,residential,19.775362,45.2734216,434.943749669993,0.08142782528068361,synthetic land-use allocation; not a verified utility asset
SYN-0367,317081948,residential,19.7892489,45.2790047,434.943749669993,0.08142782528068361,synthetic land-use allocation; not a verified utility asset
SYN-0368,317081948,residential,19.7873524,45.2788316,434.943749669993,0.08142782528068361,synthetic land-use allocation; not a verified utility asset
SYN-0369,317081948,residential,19.7842065,45.2785626,434.943749669993,0.08142782528068361,synthetic land-use allocation; not a verified utility asset
SYN-0370,317081948,residential,19.7823384,45.2717745,434.943749669993,0.08142782528068361,synthetic land-use allocation; not a verified utility asset
SYN-0371,317081948,residential,19.7815405,45.2745651,434.943749669993,0.08142782528068361,synthetic land-use allocation; not a verified utility asset
SYN-0372,317081948,residential,19.7769774,45.2779369,434.943749669993,0.08142782528068361,synthetic land-use allocation; not a verified utility asset
SYN-0373,317081948,residential,19.7867943,45.2783725,434.943749669993,0.08142782528068361,synthetic land-use allocation; not a verified utility asset
SYN-0374,317081948,residential,19.7835308,45.2742481,434.943749669993,0.08142782528068361,synthetic land-use allocation; not a verified utility asset
SYN-0375,317081948,residential,19.7868127,45.2756661,434.943749669993,0.08142782528068361,synthetic land-use allocation; not a verified utility asset
SYN-0376,333293738,residential,19.817838,45.2416782,433.19044104807915,0.08109958028753993,synthetic land-use allocation; not a verified utility asset
SYN-0377,333293738,residential,19.8148166,45.2480403,433.19044104807915,0.08109958028753993,synthetic land-use allocation; not a verified utility asset
SYN-0378,333293738,residential,19.8171935,45.2450033,433.19044104807915,0.08109958028753993,synthetic land-use allocation; not a verified utility asset
SYN-0379,333293738,residential,19.8066223,45.2450878,433.19044104807915,0.08109958028753993,synthetic land-use allocation; not a verified utility asset
SYN-0380,333293738,residential,19.8047163,45.2392529,433.19044104807915,0.08109958028753993,synthetic land-use allocation; not a verified utility asset
SYN-0381,333293738,residential,19.7956897,45.2408412,433.19044104807915,0.08109958028753993,synthetic land-use allocation; not a verified utility asset
SYN-0382,333293738,residential,19.8015837,45.2413519,433.19044104807915,0.08109958028753993,synthetic land-use allocation; not a verified utility asset
SYN-0383,333293738,residential,19.8163769,45.2404222,433.19044104807915,0.08109958028753993,synthetic land-use allocation; not a verified utility asset
SYN-0384,333293738,residential,19.8106152,45.2452423,433.19044104807915,0.08109958028753993,synthetic land-use allocation; not a verified utility asset
SYN-0385,333293738,residential,19.8016286,45.2427375,433.19044104807915,0.08109958028753993,synthetic land-use allocation; not a verified utility asset
SYN-0386,333293738,residential,19.8137264,45.2419848,433.19044104807915,0.08109958028753993,synthetic land-use allocation; not a verified utility asset
SYN-0387,333293738,residential,19.8187678,45.2421698,433.19044104807915,0.08109958028753993,synthetic land-use allocation; not a verified utility asset
SYN-0388,333293738,residential,19.8186118,45.2418466,433.19044104807915,0.08109958028753993,synthetic land-use allocation; not a verified utility asset
SYN-0389,333293738,residential,19.8133724,45.2407131,433.19044104807915,0.08109958028753993,synthetic land-use allocation; not a verified utility asset
SYN-0390,333293738,residential,19.8042626,45.2445071,433.19044104807915,0.08109958028753993,synthetic land-use allocation; not a verified utility asset
SYN-0391,333293738,residential,19.7925091,45.2413181,433.19044104807915,0.08109958028753993,synthetic land-use allocation; not a verified utility asset
SYN-0392,333293738,residential,19.8020366,45.2394891,433.19044104807915,0.08109958028753993,synthetic land-use allocation; not a verified utility asset
SYN-0393,333293738,residential,19.8173105,45.2454772,433.19044104807915,0.08109958028753993,synthetic land-use allocation; not a verified utility asset
SYN-0394,333293738,residential,19.8038411,45.2434365,433.19044104807915,0.08109958028753993,synthetic land-use allocation; not a verified utility asset
SYN-0395,333293738,residential,19.8070664,45.2412447,433.19044104807915,0.08109958028753993,synthetic land-use allocation; not a verified utility asset
SYN-0396,333293738,residential,19.7894294,45.2421341,433.19044104807915,0.08109958028753993,synthetic land-use allocation; not a verified utility asset
SYN-0397,333293738,residential,19.8091954,45.2401936,433.19044104807915,0.08109958028753993,synthetic land-use allocation; not a verified utility asset
SYN-0398,333293738,residential,19.8020329,45.243146,433.19044104807915,0.08109958028753993,synthetic land-use allocation; not a verified utility asset
SYN-0399,333293738,residential,19.8035712,45.2405352,433.19044104807915,0.08109958028753993,synthetic land-use allocation; not a verified utility asset
SYN-0400,333293738,residential,19.8141606,45.2446759,433.19044104807915,0.08109958028753993,synthetic land-use allocation; not a verified utility asset
SYN-0401,333293738,residential,19.8006805,45.2393778,433.19044104807915,0.08109958028753993,synthetic land-use allocation; not a verified utility asset
SYN-0402,333293738,residential,19.8107689,45.2394485,433.19044104807915,0.08109958028753993,synthetic land-use allocation; not a verified utility asset
SYN-0403,333293738,residential,19.8022528,45.2430999,433.19044104807915,0.08109958028753993,synthetic land-use allocation; not a verified utility asset
SYN-0404,333293738,residential,19.8128436,45.2401472,433.19044104807915,0.08109958028753993,synthetic land-use allocation; not a verified utility asset
SYN-0405,333293738,residential,19.8083353,45.2410052,433.19044104807915,0.08109958028753993,synthetic land-use allocation; not a verified utility asset
SYN-0406,333293738,residential,19.8042774,45.2409561,433.19044104807915,0.08109958028753993,synthetic land-use allocation; not a verified utility asset
SYN-0407,333293738,residential,19.8158943,45.2474949,433.19044104807915,0.08109958028753993,synthetic land-use allocation; not a verified utility asset
SYN-0408,333293738,residential,19.804306,45.2429047,433.19044104807915,0.08109958028753993,synthetic land-use allocation; not a verified utility asset
SYN-0409,333293738,residential,19.8093189,45.2430368,433.19044104807915,0.08109958028753993,synthetic land-use allocation; not a verified utility asset
SYN-0410,333293738,residential,19.8213961,45.2403083,433.19044104807915,0.08109958028753993,synthetic land-use allocation; not a verified utility asset
SYN-0411,333293738,residential,19.8139907,45.2475203,433.19044104807915,0.08109958028753993,synthetic land-use allocation; not a verified utility asset
SYN-0412,333293738,residential,19.8196709,45.2426161,433.19044104807915,0.08109958028753993,synthetic land-use allocation; not a verified utility asset
SYN-0413,333293738,residential,19.8094384,45.2390518,433.19044104807915,0.08109958028753993,synthetic land-use allocation; not a verified utility asset
SYN-0414,333293738,residential,19.8155902,45.2445193,433.19044104807915,0.08109958028753993,synthetic land-use allocation; not a verified utility asset
SYN-0415,333293738,residential,19.8177119,45.2395777,433.19044104807915,0.08109958028753993,synthetic land-use allocation; not a verified utility asset
SYN-0416,333293738,residential,19.8119298,45.2423455,433.19044104807915,0.08109958028753993,synthetic land-use allocation; not a verified utility asset
SYN-0417,333293738,residential,19.8019053,45.242336,433.19044104807915,0.08109958028753993,synthetic land-use allocation; not a verified utility asset
SYN-0418,333293738,residential,19.8076123,45.2446162,433.19044104807915,0.08109958028753993,synthetic land-use allocation; not a verified utility asset
SYN-0419,333293738,residential,19.7997259,45.2420345,433.19044104807915,0.08109958028753993,synthetic land-use allocation; not a verified utility asset
SYN-0420,333293738,residential,19.8139453,45.2413627,433.19044104807915,0.08109958028753993,synthetic land-use allocation; not a verified utility asset
SYN-0421,333293738,residential,19.7987621,45.2441624,433.19044104807915,0.08109958028753993,synthetic land-use allocation; not a verified utility asset
SYN-0422,333293738,residential,19.8154211,45.24307,433.19044104807915,0.08109958028753993,synthetic land-use allocation; not a verified utility asset
SYN-0423,333293738,residential,19.8025795,45.2390171,433.19044104807915,0.08109958028753993,synthetic land-use allocation; not a verified utility asset
SYN-0424,333293738,residential,19.8144315,45.2475097,433.19044104807915,0.08109958028753993,synthetic land-use allocation; not a verified utility asset
SYN-0425,333293738,residential,19.807092,45.2397345,433.19044104807915,0.08109958028753993,synthetic land-use allocation; not a verified utility asset
SYN-0426,333293738,residential,19.8196386,45.2419202,433.19044104807915,0.08109958028753993,synthetic land-use allocation; not a verified utility asset
SYN-0427,333293738,residential,19.8045532,45.2454048,433.19044104807915,0.08109958028753993,synthetic land-use allocation; not a verified utility asset
SYN-0428,333293738,residential,19.789878,45.2416087,433.19044104807915,0.08109958028753993,synthetic land-use allocation; not a verified utility asset
SYN-0429,333293738,residential,19.7960656,45.2402089,433.19044104807915,0.08109958028753993,synthetic land-use allocation; not a verified utility asset
SYN-0430,333293738,residential,19.8193663,45.2388555,433.19044104807915,0.08109958028753993,synthetic land-use allocation; not a verified utility asset
SYN-0431,333293738,residential,19.8075673,45.2394713,433.19044104807915,0.08109958028753993,synthetic land-use allocation; not a verified utility asset
SYN-0432,333293738,residential,19.8016416,45.2391718,433.19044104807915,0.08109958028753993,synthetic land-use allocation; not a verified utility asset
SYN-0433,333293738,residential,19.8163415,45.2387857,433.19044104807915,0.08109958028753993,synthetic land-use allocation; not a verified utility asset
SYN-0434,333293738,residential,19.7902305,45.2414602,433.19044104807915,0.08109958028753993,synthetic land-use allocation; not a verified utility asset
SYN-0435,333293738,residential,19.8146764,45.2416643,433.19044104807915,0.08109958028753993,synthetic land-use allocation; not a verified utility asset
SYN-0436,333293738,residential,19.8097136,45.2439607,433.19044104807915,0.08109958028753993,synthetic land-use allocation; not a verified utility asset
SYN-0437,333293738,residential,19.8011031,45.2415289,433.19044104807915,0.08109958028753993,synthetic land-use allocation; not a verified utility asset
SYN-0438,333293738,residential,19.7990306,45.2420934,433.19044104807915,0.08109958028753993,synthetic land-use allocation; not a verified utility asset
SYN-0439,333293738,residential,19.8048342,45.2446581,433.19044104807915,0.08109958028753993,synthetic land-use allocation; not a verified utility asset
SYN-0440,333293738,residential,19.8094477,45.2424568,433.19044104807915,0.08109958028753993,synthetic land-use allocation; not a verified utility asset
SYN-0441,333293738,residential,19.8207705,45.2391855,433.19044104807915,0.08109958028753993,synthetic land-use allocation; not a verified utility asset
SYN-0442,333293738,residential,19.7977228,45.2399438,433.19044104807915,0.08109958028753993,synthetic land-use allocation; not a verified utility asset
SYN-0443,333293738,residential,19.8091382,45.243218,433.19044104807915,0.08109958028753993,synthetic land-use allocation; not a verified utility asset
SYN-0444,333293738,residential,19.816986,45.2407868,433.19044104807915,0.08109958028753993,synthetic land-use allocation; not a verified utility asset
SYN-0445,333293738,residential,19.8055448,45.2398602,433.19044104807915,0.08109958028753993,synthetic land-use allocation; not a verified utility asset
SYN-0446,333293738,residential,19.8140338,45.2404586,433.19044104807915,0.08109958028753993,synthetic land-use allocation; not a verified utility asset
SYN-0447,333293738,residential,19.8194464,45.2415251,433.19044104807915,0.08109958028753993,synthetic land-use allocation; not a verified utility asset
SYN-0448,333293738,residential,19.8123253,45.2477001,433.19044104807915,0.08109958028753993,synthetic land-use allocation; not a verified utility asset
SYN-0449,333293738,residential,19.8066829,45.2441814,433.19044104807915,0.08109958028753993,synthetic land-use allocation; not a verified utility asset
SYN-0450,333293738,residential,19.8067609,45.2394836,433.19044104807915,0.08109958028753993,synthetic land-use allocation; not a verified utility asset
SYN-0451,333293738,residential,19.8132579,45.2383615,433.19044104807915,0.08109958028753993,synthetic land-use allocation; not a verified utility asset
SYN-0452,333293738,residential,19.8078312,45.2393784,433.19044104807915,0.08109958028753993,synthetic land-use allocation; not a verified utility asset
SYN-0453,333293738,residential,19.817574,45.2424642,433.19044104807915,0.08109958028753993,synthetic land-use allocation; not a verified utility asset
SYN-0454,333293738,residential,19.8192867,45.2396608,433.19044104807915,0.08109958028753993,synthetic land-use allocation; not a verified utility asset
SYN-0455,333293738,residential,19.8002168,45.2400584,433.19044104807915,0.08109958028753993,synthetic land-use allocation; not a verified utility asset
SYN-0456,333293738,residential,19.810152,45.2382124,433.19044104807915,0.08109958028753993,synthetic land-use allocation; not a verified utility asset
SYN-0457,333293738,residential,19.8049429,45.2425775,433.19044104807915,0.08109958028753993,synthetic land-use allocation; not a verified utility asset
SYN-0458,333293738,residential,19.8030672,45.2393233,433.19044104807915,0.08109958028753993,synthetic land-use allocation; not a verified utility asset
SYN-0459,333293738,residential,19.816206,45.2440867,433.19044104807915,0.08109958028753993,synthetic land-use allocation; not a verified utility asset
SYN-0460,333293738,residential,19.8142071,45.2475151,433.19044104807915,0.08109958028753993,synthetic land-use allocation; not a verified utility asset
SYN-0461,333293738,residential,19.8172832,45.2425501,433.19044104807915,0.08109958028753993,synthetic land-use allocation; not a verified utility asset
SYN-0462,333293738,residential,19.809168,45.2449,433.19044104807915,0.08109958028753993,synthetic land-use allocation; not a verified utility asset
SYN-0463,333293738,residential,19.7994993,45.241404,433.19044104807915,0.08109958028753993,synthetic land-use allocation; not a verified utility asset
SYN-0464,333293738,residential,19.8207282,45.2406601,433.19044104807915,0.08109958028753993,synthetic land-use allocation; not a verified utility asset
SYN-0465,333293738,residential,19.8094503,45.2449025,433.19044104807915,0.08109958028753993,synthetic land-use allocation; not a verified utility asset
SYN-0466,333293738,residential,19.8124294,45.2403776,433.19044104807915,0.08109958028753993,synthetic land-use allocation; not a verified utility asset
SYN-0467,333293738,residential,19.8161566,45.241859,433.19044104807915,0.08109958028753993,synthetic land-use allocation; not a verified utility asset
SYN-0468,333293738,residential,19.8178213,45.2435697,433.19044104807915,0.08109958028753993,synthetic land-use allocation; not a verified utility asset
SYN-0469,333293738,residential,19.7964576,45.2403242,433.19044104807915,0.08109958028753993,synthetic land-use allocation; not a verified utility asset
SYN-0470,333293738,residential,19.8130777,45.2439533,433.19044104807915,0.08109958028753993,synthetic land-use allocation; not a verified utility asset
SYN-0471,333293738,residential,19.8084329,45.2410507,433.19044104807915,0.08109958028753993,synthetic land-use allocation; not a verified utility asset
SYN-0472,333293738,residential,19.8109488,45.2408514,433.19044104807915,0.08109958028753993,synthetic land-use allocation; not a verified utility asset
SYN-0473,333293738,residential,19.8048768,45.2438001,433.19044104807915,0.08109958028753993,synthetic land-use allocation; not a verified utility asset
SYN-0474,333293738,residential,19.8129151,45.2398236,433.19044104807915,0.08109958028753993,synthetic land-use allocation; not a verified utility asset
SYN-0475,333293738,residential,19.8160779,45.2432773,433.19044104807915,0.08109958028753993,synthetic land-use allocation; not a verified utility asset
SYN-0476,333293738,residential,19.8143851,45.2463893,433.19044104807915,0.08109958028753993,synthetic land-use allocation; not a verified utility asset
SYN-0477,333293738,residential,19.8183205,45.2391952,433.19044104807915,0.08109958028753993,synthetic land-use allocation; not a verified utility asset
SYN-0478,333293738,residential,19.7940729,45.2403048,433.19044104807915,0.08109958028753993,synthetic land-use allocation; not a verified utility asset
SYN-0479,333293738,residential,19.8103965,45.2426012,433.19044104807915,0.08109958028753993,synthetic land-use allocation; not a verified utility asset
SYN-0480,333293738,residential,19.8058146,45.2405717,433.19044104807915,0.08109958028753993,synthetic land-use allocation; not a verified utility asset
SYN-0481,333293738,residential,19.8033007,45.2444702,433.19044104807915,0.08109958028753993,synthetic land-use allocation; not a verified utility asset
SYN-0482,333293738,residential,19.8168503,45.2455041,433.19044104807915,0.08109958028753993,synthetic land-use allocation; not a verified utility asset
SYN-0483,333293738,residential,19.8137139,45.240186,433.19044104807915,0.08109958028753993,synthetic land-use allocation; not a verified utility asset
SYN-0484,333293738,residential,19.7970196,45.2428132,433.19044104807915,0.08109958028753993,synthetic land-use allocation; not a verified utility asset
SYN-0485,333293738,residential,19.8066489,45.2440496,433.19044104807915,0.08109958028753993,synthetic land-use allocation; not a verified utility asset
SYN-0486,333293738,residential,19.8088293,45.2407676,433.19044104807915,0.08109958028753993,synthetic land-use allocation; not a verified utility asset
SYN-0487,333293738,residential,19.8075763,45.2412727,433.19044104807915,0.08109958028753993,synthetic land-use allocation; not a verified utility asset
SYN-0488,333293738,residential,19.8170504,45.2399282,433.19044104807915,0.08109958028753993,synthetic land-use allocation; not a verified utility asset
SYN-0489,333293738,residential,19.8187016,45.2399305,433.19044104807915,0.08109958028753993,synthetic land-use allocation; not a verified utility asset
SYN-0490,333293738,residential,19.8198124,45.2389496,433.19044104807915,0.08109958028753993,synthetic land-use allocation; not a verified utility asset
SYN-0491,333293738,residential,19.8144178,45.247132,433.19044104807915,0.08109958028753993,synthetic land-use allocation; not a verified utility asset
SYN-0492,333293738,residential,19.7990741,45.2429758,433.19044104807915,0.08109958028753993,synthetic land-use allocation; not a verified utility asset
SYN-0493,333293738,residential,19.8087523,45.2397525,433.19044104807915,0.08109958028753993,synthetic land-use allocation; not a verified utility asset
SYN-0494,333293738,residential,19.8083389,45.2416098,433.19044104807915,0.08109958028753993,synthetic land-use allocation; not a verified utility asset
SYN-0495,333293738,residential,19.8025149,45.2415924,433.19044104807915,0.08109958028753993,synthetic land-use allocation; not a verified utility asset
SYN-0496,333293738,residential,19.810598,45.2409508,433.19044104807915,0.08109958028753993,synthetic land-use allocation; not a verified utility asset
SYN-0497,333293738,residential,19.814781,45.2472061,433.19044104807915,0.08109958028753993,synthetic land-use allocation; not a verified utility asset
SYN-0498,333293738,residential,19.8105365,45.2426254,433.19044104807915,0.08109958028753993,synthetic land-use allocation; not a verified utility asset
SYN-0499,333293738,residential,19.8000854,45.2435019,433.19044104807915,0.08109958028753993,synthetic land-use allocation; not a verified utility asset
SYN-0500,333293738,residential,19.8055375,45.2420952,433.19044104807915,0.08109958028753993,synthetic land-use allocation; not a verified utility asset
SYN-0501,333293738,residential,19.8132606,45.2470841,433.19044104807915,0.08109958028753993,synthetic land-use allocation; not a verified utility asset
SYN-0502,333293738,residential,19.8123919,45.2437053,433.19044104807915,0.08109958028753993,synthetic land-use allocation; not a verified utility asset
SYN-0503,333293738,residential,19.8136237,45.2450766,433.19044104807915,0.08109958028753993,synthetic land-use allocation; not a verified utility asset
SYN-0504,333293738,residential,19.8082858,45.2401498,433.19044104807915,0.08109958028753993,synthetic land-use allocation; not a verified utility asset
SYN-0505,349011700,commercial,19.7912538,45.2804427,461.55846629144133,0.08641048912305523,synthetic land-use allocation; not a verified utility asset
SYN-0506,349011700,commercial,19.7913102,45.2802953,461.55846629144133,0.08641048912305523,synthetic land-use allocation; not a verified utility asset
SYN-0507,349011700,commercial,19.790556,45.2806409,461.55846629144133,0.08641048912305523,synthetic land-use allocation; not a verified utility asset
SYN-0508,349011700,commercial,19.7908499,45.2811022,461.55846629144133,0.08641048912305523,synthetic land-use allocation; not a verified utility asset
SYN-0509,349011700,commercial,19.7912268,45.2802085,461.55846629144133,0.08641048912305523,synthetic land-use allocation; not a verified utility asset
SYN-0510,349011700,commercial,19.7910438,45.2801638,461.55846629144133,0.08641048912305523,synthetic land-use allocation; not a verified utility asset
SYN-0511,349011700,commercial,19.7904778,45.28124,461.55846629144133,0.08641048912305523,synthetic land-use allocation; not a verified utility asset
SYN-0512,349011700,commercial,19.7905611,45.279895,461.55846629144133,0.08641048912305523,synthetic land-use allocation; not a verified utility asset
SYN-0513,349011700,commercial,19.7905941,45.2812601,461.55846629144133,0.08641048912305523,synthetic land-use allocation; not a verified utility asset
SYN-0514,349038100,industrial,19.7974619,45.2776943,453.7349988917039,0.084945821710319,synthetic land-use allocation; not a verified utility asset
SYN-0515,349038100,industrial,19.7972567,45.2791161,453.7349988917039,0.084945821710319,synthetic land-use allocation; not a verified utility asset
SYN-0516,349038100,industrial,19.7968564,45.2777869,453.7349988917039,0.084945821710319,synthetic land-use allocation; not a verified utility asset
SYN-0517,349498741,industrial,19.8356639,45.2967425,483.03814207114937,0.0904317982872928,synthetic land-use allocation; not a verified utility asset
SYN-0518,350584521,commercial,19.8229018,45.3076461,471.2803683575791,0.08823057124502622,synthetic land-use allocation; not a verified utility asset
SYN-0519,350584521,commercial,19.8220229,45.3075721,471.2803683575791,0.08823057124502622,synthetic land-use allocation; not a verified utility asset
SYN-0520,350584521,commercial,19.8217959,45.3081608,471.2803683575791,0.08823057124502622,synthetic land-use allocation; not a verified utility asset
SYN-0521,350584523,commercial,19.8243398,45.3082002,452.57694041137717,0.08472901624139938,synthetic land-use allocation; not a verified utility asset
SYN-0522,350584523,commercial,19.8230149,45.3083008,452.57694041137717,0.08472901624139938,synthetic land-use allocation; not a verified utility asset
SYN-0523,350584523,commercial,19.8237747,45.308394,452.57694041137717,0.08472901624139938,synthetic land-use allocation; not a verified utility asset
SYN-0524,350584523,commercial,19.8258784,45.3079266,452.57694041137717,0.08472901624139938,synthetic land-use allocation; not a verified utility asset
SYN-0525,350584523,commercial,19.8236914,45.30801,452.57694041137717,0.08472901624139938,synthetic land-use allocation; not a verified utility asset
SYN-0526,350584523,commercial,19.8233953,45.3079728,452.57694041137717,0.08472901624139938,synthetic land-use allocation; not a verified utility asset
SYN-0527,350588871,commercial,19.8258895,45.309514,184.69294170250754,0.03457721739635986,synthetic land-use allocation; not a verified utility asset
SYN-0528,350588871,commercial,19.8259093,45.3094425,184.69294170250754,0.03457721739635986,synthetic land-use allocation; not a verified utility asset
SYN-0529,350589894,commercial,19.8236388,45.3115997,436.6829867392327,0.08175343587355498,synthetic land-use allocation; not a verified utility asset
SYN-0530,350589894,commercial,19.8242675,45.3115928,436.6829867392327,0.08175343587355498,synthetic land-use allocation; not a verified utility asset
SYN-0531,350589894,commercial,19.8248959,45.3126894,436.6829867392327,0.08175343587355498,synthetic land-use allocation; not a verified utility asset
SYN-0532,350589894,commercial,19.8258085,45.3125351,436.6829867392327,0.08175343587355498,synthetic land-use allocation; not a verified utility asset
SYN-0533,350589894,commercial,19.8267925,45.312483,436.6829867392327,0.08175343587355498,synthetic land-use allocation; not a verified utility asset
SYN-0534,350589894,commercial,19.8273807,45.3111833,436.6829867392327,0.08175343587355498,synthetic land-use allocation; not a verified utility asset
SYN-0535,350589894,commercial,19.8237345,45.3122964,436.6829867392327,0.08175343587355498,synthetic land-use allocation; not a verified utility asset
SYN-0536,350589894,commercial,19.8269744,45.3127238,436.6829867392327,0.08175343587355498,synthetic land-use allocation; not a verified utility asset
SYN-0537,350589894,commercial,19.8277182,45.3132138,436.6829867392327,0.08175343587355498,synthetic land-use allocation; not a verified utility asset
SYN-0538,350589894,commercial,19.8248339,45.3112163,436.6829867392327,0.08175343587355498,synthetic land-use allocation; not a verified utility asset
SYN-0539,350589894,commercial,19.8237813,45.3125373,436.6829867392327,0.08175343587355498,synthetic land-use allocation; not a verified utility asset
SYN-0540,350589894,commercial,19.824652,45.3132223,436.6829867392327,0.08175343587355498,synthetic land-use allocation; not a verified utility asset
SYN-0541,350589894,commercial,19.8281026,45.3144246,436.6829867392327,0.08175343587355498,synthetic land-use allocation; not a verified utility asset
SYN-0542,350589894,commercial,19.8281649,45.314106,436.6829867392327,0.08175343587355498,synthetic land-use allocation; not a verified utility asset
SYN-0543,350589894,commercial,19.8248153,45.3143457,436.6829867392327,0.08175343587355498,synthetic land-use allocation; not a verified utility asset
SYN-0544,350589894,commercial,19.8237148,45.3138045,436.6829867392327,0.08175343587355498,synthetic land-use allocation; not a verified utility asset
SYN-0545,350589894,commercial,19.8248174,45.3113235,436.6829867392327,0.08175343587355498,synthetic land-use allocation; not a verified utility asset
SYN-0546,350589894,commercial,19.8261751,45.3155793,436.6829867392327,0.08175343587355498,synthetic land-use allocation; not a verified utility asset
SYN-0547,350589894,commercial,19.827199,45.3114482,436.6829867392327,0.08175343587355498,synthetic land-use allocation; not a verified utility asset
SYN-0548,350589894,commercial,19.824037,45.3119705,436.6829867392327,0.08175343587355498,synthetic land-use allocation; not a verified utility asset
SYN-0549,350589894,commercial,19.8254419,45.313269,436.6829867392327,0.08175343587355498,synthetic land-use allocation; not a verified utility asset
SYN-0550,350589894,commercial,19.8245308,45.3111176,436.6829867392327,0.08175343587355498,synthetic land-use allocation; not a verified utility asset
SYN-0551,350589894,commercial,19.8268186,45.3121774,436.6829867392327,0.08175343587355498,synthetic land-use allocation; not a verified utility asset
SYN-0552,350589894,commercial,19.825392,45.3121646,436.6829867392327,0.08175343587355498,synthetic land-use allocation; not a verified utility asset
SYN-0553,350589894,commercial,19.8261133,45.3131443,436.6829867392327,0.08175343587355498,synthetic land-use allocation; not a verified utility asset
SYN-0554,350589894,commercial,19.8259066,45.3113027,436.6829867392327,0.08175343587355498,synthetic land-use allocation; not a verified utility asset
SYN-0555,350589894,commercial,19.8247977,45.3121822,436.6829867392327,0.08175343587355498,synthetic land-use allocation; not a verified utility asset
SYN-0556,350589894,commercial,19.8257383,45.3129426,436.6829867392327,0.08175343587355498,synthetic land-use allocation; not a verified utility asset
SYN-0557,350589894,commercial,19.8244546,45.3113836,436.6829867392327,0.08175343587355498,synthetic land-use allocation; not a verified utility asset
SYN-0558,350589894,commercial,19.8233333,45.3128015,436.6829867392327,0.08175343587355498,synthetic land-use allocation; not a verified utility asset
SYN-0559,350589894,commercial,19.8276192,45.3142286,436.6829867392327,0.08175343587355498,synthetic land-use allocation; not a verified utility asset
SYN-0560,350589894,commercial,19.8238515,45.312427,436.6829867392327,0.08175343587355498,synthetic land-use allocation; not a verified utility asset
SYN-0561,350589894,commercial,19.8238862,45.3129487,436.6829867392327,0.08175343587355498,synthetic land-use allocation; not a verified utility asset
SYN-0562,350589894,commercial,19.824263,45.3130515,436.6829867392327,0.08175343587355498,synthetic land-use allocation; not a verified utility asset
SYN-0563,350589894,commercial,19.8239364,45.3138061,436.6829867392327,0.08175343587355498,synthetic land-use allocation; not a verified utility asset
SYN-0564,350589894,commercial,19.8272777,45.3131493,436.6829867392327,0.08175343587355498,synthetic land-use allocation; not a verified utility asset
SYN-0565,350622703,commercial,19.8193057,45.3082794,177.67228457363814,0.033262847796891155,synthetic land-use allocation; not a verified utility asset
SYN-0566,350622703,commercial,19.8202737,45.3081097,177.67228457363814,0.033262847796891155,synthetic land-use allocation; not a verified utility asset
SYN-0567,350622704,commercial,19.8228674,45.3110095,771.1241942967133,0.14436571674048057,synthetic land-use allocation; not a verified utility asset
SYN-0568,350645446,commercial,19.8240034,45.3042507,513.7076579007488,0.09617357978963789,synthetic land-use allocation; not a verified utility asset
SYN-0569,350645446,commercial,19.82428,45.3035895,513.7076579007488,0.09617357978963789,synthetic land-use allocation; not a verified utility asset
SYN-0570,350645446,commercial,19.8230429,45.3045872,513.7076579007488,0.09617357978963789,synthetic land-use allocation; not a verified utility asset
SYN-0571,350928524,military,19.8229709,45.3040154,185.36892324398497,0.03470377101828029,synthetic land-use allocation; not a verified utility asset
SYN-0572,350928524,military,19.82209,45.3046085,185.36892324398497,0.03470377101828029,synthetic land-use allocation; not a verified utility asset
SYN-0573,351107419,commercial,19.8207238,45.3032154,204.34774776972228,0.03825688428565577,synthetic land-use allocation; not a verified utility asset
SYN-0574,351238979,commercial,19.8176988,45.2941868,526.2861373515427,0.09852845493796004,synthetic land-use allocation; not a verified utility asset
SYN-0575,351596817,industrial,19.8886348,45.2823335,734.3759062961171,0.1374859002654831,synthetic land-use allocation; not a verified utility asset
SYN-0576,353043827,commercial,19.8175329,45.2919497,271.6286728597912,0.05085285656279196,synthetic land-use allocation; not a verified utility asset
SYN-0577,353202610,industrial,19.81648,45.2859356,428.4772770508801,0.08021720711911454,synthetic land-use allocation; not a verified utility asset
SYN-0578,353202610,industrial,19.8172967,45.2854774,428.4772770508801,0.08021720711911454,synthetic land-use allocation; not a verified utility asset
SYN-0579,353202610,industrial,19.81734,45.2864814,428.4772770508801,0.08021720711911454,synthetic land-use allocation; not a verified utility asset
SYN-0580,353238711,commercial,19.8197392,45.2979397,539.1594876809298,0.10093853422337042,synthetic land-use allocation; not a verified utility asset
SYN-0581,355170182,commercial,19.8106746,45.2838519,488.3353208560293,0.09142350755752146,synthetic land-use allocation; not a verified utility asset
SYN-0582,355170182,commercial,19.8100458,45.2837287,488.3353208560293,0.09142350755752146,synthetic land-use allocation; not a verified utility asset
SYN-0583,355170185,commercial,19.8150389,45.2831312,305.80547439050923,0.0572512531963967,synthetic land-use allocation; not a verified utility asset
SYN-0584,355170186,commercial,19.8100101,45.2838792,462.95637795018916,0.08667219861167924,synthetic land-use allocation; not a verified utility asset
SYN-0585,355174791,commercial,19.8203985,45.2822608,506.30914522984517,0.09478847011152351,synthetic land-use allocation; not a verified utility asset
SYN-0586,355200961,commercial,19.8208248,45.2495527,172.3756742333305,0.03227124494779247,synthetic land-use allocation; not a verified utility asset
SYN-0587,355282039,commercial,19.8230344,45.3024286,319.96243636542795,0.059901643337819846,synthetic land-use allocation; not a verified utility asset
SYN-0588,355532243,commercial,19.8253358,45.2919576,162.7203016420632,0.030463618115637397,synthetic land-use allocation; not a verified utility asset
SYN-0589,355533770,commercial,19.8288458,45.2935438,145.0160387330822,0.027149121406650094,synthetic land-use allocation; not a verified utility asset
SYN-0590,355533780,commercial,19.8270666,45.2932171,133.10888847031293,0.024919928891702418,synthetic land-use allocation; not a verified utility asset
SYN-0591,355573211,commercial,19.8379514,45.2926371,110.20658012721144,0.02063228212427246,synthetic land-use allocation; not a verified utility asset
SYN-0592,355573212,commercial,19.8311541,45.2932944,201.58488494579908,0.037739635994419006,synthetic land-use allocation; not a verified utility asset
SYN-0593,355573212,commercial,19.832104,45.2935178,201.58488494579908,0.037739635994419006,synthetic land-use allocation; not a verified utility asset
SYN-0594,355573213,commercial,19.8316804,45.2924165,559.620843667297,0.10476919904273595,synthetic land-use allocation; not a verified utility asset
SYN-0595,355573213,commercial,19.832169,45.2921786,559.620843667297,0.10476919904273595,synthetic land-use allocation; not a verified utility asset
SYN-0596,355573214,residential,19.8341574,45.2945552,435.08774489983233,0.08145478329174943,synthetic land-use allocation; not a verified utility asset
SYN-0597,355573214,residential,19.8360651,45.2900675,435.08774489983233,0.08145478329174943,synthetic land-use allocation; not a verified utility asset
SYN-0598,355573214,residential,19.8354654,45.2908655,435.08774489983233,0.08145478329174943,synthetic land-use allocation; not a verified utility asset
SYN-0599,355573214,residential,19.8322196,45.2905842,435.08774489983233,0.08145478329174943,synthetic land-use allocation; not a verified utility asset
SYN-0600,355573214,residential,19.8335147,45.292087,435.08774489983233,0.08145478329174943,synthetic land-use allocation; not a verified utility asset
SYN-0601,355573214,residential,19.8345175,45.2919553,435.08774489983233,0.08145478329174943,synthetic land-use allocation; not a verified utility asset
SYN-0602,355573214,residential,19.8361921,45.293726,435.08774489983233,0.08145478329174943,synthetic land-use allocation; not a verified utility asset
SYN-0603,355573214,residential,19.8340685,45.2900897,435.08774489983233,0.08145478329174943,synthetic land-use allocation; not a verified utility asset
SYN-0604,355573214,residential,19.8328927,45.2920578,435.08774489983233,0.08145478329174943,synthetic land-use allocation; not a verified utility asset
SYN-0605,355573214,residential,19.8362887,45.2933122,435.08774489983233,0.08145478329174943,synthetic land-use allocation; not a verified utility asset
SYN-0606,355573214,residential,19.8362917,45.293101,435.08774489983233,0.08145478329174943,synthetic land-use allocation; not a verified utility asset
SYN-0607,355573214,residential,19.8322579,45.2938844,435.08774489983233,0.08145478329174943,synthetic land-use allocation; not a verified utility asset
SYN-0608,355573214,residential,19.8365296,45.2922061,435.08774489983233,0.08145478329174943,synthetic land-use allocation; not a verified utility asset
SYN-0609,355573214,residential,19.8356423,45.2941385,435.08774489983233,0.08145478329174943,synthetic land-use allocation; not a verified utility asset
SYN-0610,355573214,residential,19.8362532,45.2939098,435.08774489983233,0.08145478329174943,synthetic land-use allocation; not a verified utility asset
SYN-0611,355573214,residential,19.8329494,45.2936471,435.08774489983233,0.08145478329174943,synthetic land-use allocation; not a verified utility asset
SYN-0612,356006354,commercial,19.8314788,45.2873031,514.5524691819746,0.0963317408057578,synthetic land-use allocation; not a verified utility asset
SYN-0613,356051428,commercial,19.8319925,45.3020944,425.134693553602,0.07959142664702137,synthetic land-use allocation; not a verified utility asset
SYN-0614,356051428,commercial,19.8318984,45.3018825,425.134693553602,0.07959142664702137,synthetic land-use allocation; not a verified utility asset
SYN-0615,356108192,commercial,19.8324227,45.2898038,205.6226565208396,0.038495565832668596,synthetic land-use allocation; not a verified utility asset
SYN-0616,356108192,commercial,19.8329314,45.2896737,205.6226565208396,0.038495565832668596,synthetic land-use allocation; not a verified utility asset
SYN-0617,356349170,commercial,19.8326762,45.2861113,268.33204260033926,0.05023567920828269,synthetic land-use allocation; not a verified utility asset
SYN-0618,357007226,commercial,19.7941674,45.2564922,438.57724014011586,0.0821080677887888,synthetic land-use allocation; not a verified utility asset
SYN-0619,357007226,commercial,19.8004455,45.2582198,438.57724014011586,0.0821080677887888,synthetic land-use allocation; not a verified utility asset
SYN-0620,357007226,commercial,19.7872531,45.2537515,438.57724014011586,0.0821080677887888,synthetic land-use allocation; not a verified utility asset
SYN-0621,357007226,commercial,19.7932288,45.2563719,438.57724014011586,0.0821080677887888,synthetic land-use allocation; not a verified utility asset
SYN-0622,357007226,commercial,19.7953508,45.2564071,438.57724014011586,0.0821080677887888,synthetic land-use allocation; not a verified utility asset
SYN-0623,357007226,commercial,19.795904,45.2573977,438.57724014011586,0.0821080677887888,synthetic land-use allocation; not a verified utility asset
SYN-0624,357007226,commercial,19.7910872,45.2552583,438.57724014011586,0.0821080677887888,synthetic land-use allocation; not a verified utility asset
SYN-0625,357007226,commercial,19.7974145,45.2574094,438.57724014011586,0.0821080677887888,synthetic land-use allocation; not a verified utility asset
SYN-0626,357007226,commercial,19.7958137,45.2572926,438.57724014011586,0.0821080677887888,synthetic land-use allocation; not a verified utility asset
SYN-0627,357007226,commercial,19.7957062,45.256768,438.57724014011586,0.0821080677887888,synthetic land-use allocation; not a verified utility asset
SYN-0628,357007226,commercial,19.8010261,45.2586151,438.57724014011586,0.0821080677887888,synthetic land-use allocation; not a verified utility asset
SYN-0629,357007226,commercial,19.7987969,45.2582768,438.57724014011586,0.0821080677887888,synthetic land-use allocation; not a verified utility asset
SYN-0630,357007226,commercial,19.7896227,45.2547775,438.57724014011586,0.0821080677887888,synthetic land-use allocation; not a verified utility asset
SYN-0631,357007226,commercial,19.7963598,45.2574448,438.57724014011586,0.0821080677887888,synthetic land-use allocation; not a verified utility asset
SYN-0632,357007226,commercial,19.7918294,45.2556574,438.57724014011586,0.0821080677887888,synthetic land-use allocation; not a verified utility asset
SYN-0633,357007226,commercial,19.7895406,45.2551536,438.57724014011586,0.0821080677887888,synthetic land-use allocation; not a verified utility asset
SYN-0634,357007226,commercial,19.7957881,45.2568003,438.57724014011586,0.0821080677887888,synthetic land-use allocation; not a verified utility asset
SYN-0635,357007226,commercial,19.789432,45.2542912,438.57724014011586,0.0821080677887888,synthetic land-use allocation; not a verified utility asset
SYN-0636,357007226,commercial,19.7998814,45.2582832,438.57724014011586,0.0821080677887888,synthetic land-use allocation; not a verified utility asset
SYN-0637,357007226,commercial,19.7902162,45.2550145,438.57724014011586,0.0821080677887888,synthetic land-use allocation; not a verified utility asset
SYN-0638,357007226,commercial,19.8028782,45.2593513,438.57724014011586,0.0821080677887888,synthetic land-use allocation; not a verified utility asset
SYN-0639,357007226,commercial,19.8048419,45.2595026,438.57724014011586,0.0821080677887888,synthetic land-use allocation; not a verified utility asset
SYN-0640,357007226,commercial,19.7944555,45.2557801,438.57724014011586,0.0821080677887888,synthetic land-use allocation; not a verified utility asset
SYN-0641,357007226,commercial,19.7898508,45.2553028,438.57724014011586,0.0821080677887888,synthetic land-use allocation; not a verified utility asset
SYN-0642,357007226,commercial,19.8039002,45.2593667,438.57724014011586,0.0821080677887888,synthetic land-use allocation; not a verified utility asset
SYN-0643,357007226,commercial,19.7939155,45.2556062,438.57724014011586,0.0821080677887888,synthetic land-use allocation; not a verified utility asset
SYN-0644,357007226,commercial,19.8026471,45.2589615,438.57724014011586,0.0821080677887888,synthetic land-use allocation; not a verified utility asset
SYN-0645,357007226,commercial,19.7902834,45.2544212,438.57724014011586,0.0821080677887888,synthetic land-use allocation; not a verified utility asset
SYN-0646,357007226,commercial,19.8041152,45.2599293,438.57724014011586,0.0821080677887888,synthetic land-use allocation; not a verified utility asset
SYN-0647,357007226,commercial,19.8029659,45.2591688,438.57724014011586,0.0821080677887888,synthetic land-use allocation; not a verified utility asset
SYN-0648,357007226,commercial,19.8008976,45.259009,438.57724014011586,0.0821080677887888,synthetic land-use allocation; not a verified utility asset
SYN-0649,357007228,residential,19.7974194,45.2607803,430.3801949391694,0.08057346115299518,synthetic land-use allocation; not a verified utility asset
SYN-0650,357007228,residential,19.7988692,45.2601195,430.3801949391694,0.08057346115299518,synthetic land-use allocation; not a verified utility asset
SYN-0651,357007228,residential,19.8010494,45.2598234,430.3801949391694,0.08057346115299518,synthetic land-use allocation; not a verified utility asset
SYN-0652,357007228,residential,19.7955098,45.2609208,430.3801949391694,0.08057346115299518,synthetic land-use allocation; not a verified utility asset
SYN-0653,357007228,residential,19.7983851,45.2600393,430.3801949391694,0.08057346115299518,synthetic land-use allocation; not a verified utility asset
SYN-0654,357007228,residential,19.7989055,45.2609531,430.3801949391694,0.08057346115299518,synthetic land-use allocation; not a verified utility asset
SYN-0655,357007228,residential,19.8004726,45.2614561,430.3801949391694,0.08057346115299518,synthetic land-use allocation; not a verified utility asset
SYN-0656,357007228,residential,19.7985176,45.2597559,430.3801949391694,0.08057346115299518,synthetic land-use allocation; not a verified utility asset
SYN-0657,357007228,residential,19.7999635,45.260655,430.3801949391694,0.08057346115299518,synthetic land-use allocation; not a verified utility asset
SYN-0658,357007228,residential,19.7997809,45.2603569,430.3801949391694,0.08057346115299518,synthetic land-use allocation; not a verified utility asset
SYN-0659,357007228,residential,19.7959456,45.2601726,430.3801949391694,0.08057346115299518,synthetic land-use allocation; not a verified utility asset
SYN-0660,357007228,residential,19.8030856,45.2610534,430.3801949391694,0.08057346115299518,synthetic land-use allocation; not a verified utility asset
SYN-0661,357007228,residential,19.8001505,45.2613668,430.3801949391694,0.08057346115299518,synthetic land-use allocation; not a verified utility asset
SYN-0662,357007228,residential,19.7986267,45.2606496,430.3801949391694,0.08057346115299518,synthetic land-use allocation; not a verified utility asset
SYN-0663,357007228,residential,19.7996875,45.2619262,430.3801949391694,0.08057346115299518,synthetic land-use allocation; not a verified utility asset
SYN-0664,357007228,residential,19.7975722,45.2599708,430.3801949391694,0.08057346115299518,synthetic land-use allocation; not a verified utility asset
SYN-0665,357010479,commercial,19.8074339,45.2548587,172.1578790025151,0.03223047049818775,synthetic land-use allocation; not a verified utility asset
SYN-0666,357010479,commercial,19.8071121,45.2547302,172.1578790025151,0.03223047049818775,synthetic land-use allocation; not a verified utility asset
SYN-0667,357013197,residential,19.7933814,45.2517292,433.3992263906464,0.08113866795441325,synthetic land-use allocation; not a verified utility asset
SYN-0668,357013197,residential,19.8032357,45.2571322,433.3992263906464,0.08113866795441325,synthetic land-use allocation; not a verified utility asset
SYN-0669,357013197,residential,19.8043838,45.249806,433.3992263906464,0.08113866795441325,synthetic land-use allocation; not a verified utility asset
SYN-0670,357013197,residential,19.8016693,45.2491211,433.3992263906464,0.08113866795441325,synthetic land-use allocation; not a verified utility asset
SYN-0671,357013197,residential,19.7910924,45.2516554,433.3992263906464,0.08113866795441325,synthetic land-use allocation; not a verified utility asset
SYN-0672,357013197,residential,19.8049398,45.2516368,433.3992263906464,0.08113866795441325,synthetic land-use allocation; not a verified utility asset
SYN-0673,357013197,residential,19.7931542,45.2535938,433.3992263906464,0.08113866795441325,synthetic land-use allocation; not a verified utility asset
SYN-0674,357013197,residential,19.7957272,45.2516846,433.3992263906464,0.08113866795441325,synthetic land-use allocation; not a verified utility asset
SYN-0675,357013197,residential,19.8020604,45.2565958,433.3992263906464,0.08113866795441325,synthetic land-use allocation; not a verified utility asset
SYN-0676,357013197,residential,19.8075755,45.2581634,433.3992263906464,0.08113866795441325,synthetic land-use allocation; not a verified utility asset
SYN-0677,357013197,residential,19.8018009,45.2469125,433.3992263906464,0.08113866795441325,synthetic land-use allocation; not a verified utility asset
SYN-0678,357013197,residential,19.7936673,45.2474791,433.3992263906464,0.08113866795441325,synthetic land-use allocation; not a verified utility asset
SYN-0679,357013197,residential,19.7988324,45.2506362,433.3992263906464,0.08113866795441325,synthetic land-use allocation; not a verified utility asset
SYN-0680,357013197,residential,19.8020754,45.2548821,433.3992263906464,0.08113866795441325,synthetic land-use allocation; not a verified utility asset
SYN-0681,357013197,residential,19.8034247,45.2499884,433.3992263906464,0.08113866795441325,synthetic land-use allocation; not a verified utility asset
SYN-0682,357013197,residential,19.7965812,45.2496667,433.3992263906464,0.08113866795441325,synthetic land-use allocation; not a verified utility asset
SYN-0683,357013197,residential,19.7949116,45.2537213,433.3992263906464,0.08113866795441325,synthetic land-use allocation; not a verified utility asset
SYN-0684,357013197,residential,19.8024588,45.2485612,433.3992263906464,0.08113866795441325,synthetic land-use allocation; not a verified utility asset
SYN-0685,357013197,residential,19.8006746,45.255982,433.3992263906464,0.08113866795441325,synthetic land-use allocation; not a verified utility asset
SYN-0686,357013197,residential,19.7938704,45.246685,433.3992263906464,0.08113866795441325,synthetic land-use allocation; not a verified utility asset
SYN-0687,357013197,residential,19.7990494,45.2544925,433.3992263906464,0.08113866795441325,synthetic land-use allocation; not a verified utility asset
SYN-0688,357013197,residential,19.8025992,45.2557064,433.3992263906464,0.08113866795441325,synthetic land-use allocation; not a verified utility asset
SYN-0689,357013197,residential,19.8074865,45.253083,433.3992263906464,0.08113866795441325,synthetic land-use allocation; not a verified utility asset
SYN-0690,357013197,residential,19.7924171,45.2538492,433.3992263906464,0.08113866795441325,synthetic land-use allocation; not a verified utility asset
SYN-0691,357013197,residential,19.7966454,45.2538817,433.3992263906464,0.08113866795441325,synthetic land-use allocation; not a verified utility asset
SYN-0692,357013197,residential,19.8029969,45.256823,433.3992263906464,0.08113866795441325,synthetic land-use allocation; not a verified utility asset
SYN-0693,357013197,residential,19.7947155,45.2511174,433.3992263906464,0.08113866795441325,synthetic land-use allocation; not a verified utility asset
SYN-0694,357013197,residential,19.80924,45.2526033,433.3992263906464,0.08113866795441325,synthetic land-use allocation; not a verified utility asset
SYN-0695,357013197,residential,19.7861911,45.2514268,433.3992263906464,0.08113866795441325,synthetic land-use allocation; not a verified utility asset
SYN-0696,357013197,residential,19.8009337,45.2495104,433.3992263906464,0.08113866795441325,synthetic land-use allocation; not a verified utility asset
SYN-0697,357013197,residential,19.7914307,45.250614,433.3992263906464,0.08113866795441325,synthetic land-use allocation; not a verified utility asset
SYN-0698,357013197,residential,19.8078293,45.2532427,433.3992263906464,0.08113866795441325,synthetic land-use allocation; not a verified utility asset
SYN-0699,357013197,residential,19.8022553,45.2528288,433.3992263906464,0.08113866795441325,synthetic land-use allocation; not a verified utility asset
SYN-0700,357013197,residential,19.7966747,45.2535944,433.3992263906464,0.08113866795441325,synthetic land-use allocation; not a verified utility asset
SYN-0701,357013197,residential,19.802707,45.2541072,433.3992263906464,0.08113866795441325,synthetic land-use allocation; not a verified utility asset
SYN-0702,357013197,residential,19.7958465,45.2541395,433.3992263906464,0.08113866795441325,synthetic land-use allocation; not a verified utility asset
SYN-0703,357013197,residential,19.7987326,45.2552875,433.3992263906464,0.08113866795441325,synthetic land-use allocation; not a verified utility asset
SYN-0704,357013197,residential,19.7928136,45.2512317,433.3992263906464,0.08113866795441325,synthetic land-use allocation; not a verified utility asset
SYN-0705,357013197,residential,19.8053895,45.255018,433.3992263906464,0.08113866795441325,synthetic land-use allocation; not a verified utility asset
SYN-0706,357013197,residential,19.7947388,45.2458422,433.3992263906464,0.08113866795441325,synthetic land-use allocation; not a verified utility asset
SYN-0707,357013197,residential,19.799994,45.2560367,433.3992263906464,0.08113866795441325,synthetic land-use allocation; not a verified utility asset
SYN-0708,357013197,residential,19.8017928,45.2505166,433.3992263906464,0.08113866795441325,synthetic land-use allocation; not a verified utility asset
SYN-0709,357013197,residential,19.8072151,45.2529718,433.3992263906464,0.08113866795441325,synthetic land-use allocation; not a verified utility asset
SYN-0710,357013197,residential,19.8069824,45.2483523,433.3992263906464,0.08113866795441325,synthetic land-use allocation; not a verified utility asset
SYN-0711,357013197,residential,19.8003334,45.2510144,433.3992263906464,0.08113866795441325,synthetic land-use allocation; not a verified utility asset
SYN-0712,357013197,residential,19.8056702,45.2499657,433.3992263906464,0.08113866795441325,synthetic land-use allocation; not a verified utility asset
SYN-0713,357013197,residential,19.7927408,45.2507973,433.3992263906464,0.08113866795441325,synthetic land-use allocation; not a verified utility asset
SYN-0714,357013197,residential,19.7989398,45.2473041,433.3992263906464,0.08113866795441325,synthetic land-use allocation; not a verified utility asset
SYN-0715,357013197,residential,19.7970794,45.2543223,433.3992263906464,0.08113866795441325,synthetic land-use allocation; not a verified utility asset
SYN-0716,357013197,residential,19.7949319,45.2460011,433.3992263906464,0.08113866795441325,synthetic land-use allocation; not a verified utility asset
SYN-0717,357013197,residential,19.7990761,45.2499615,433.3992263906464,0.08113866795441325,synthetic land-use allocation; not a verified utility asset
SYN-0718,357013197,residential,19.7905783,45.2532485,433.3992263906464,0.08113866795441325,synthetic land-use allocation; not a verified utility asset
SYN-0719,357013197,residential,19.7942033,45.2462933,433.3992263906464,0.08113866795441325,synthetic land-use allocation; not a verified utility asset
SYN-0720,357013197,residential,19.7992681,45.2506493,433.3992263906464,0.08113866795441325,synthetic land-use allocation; not a verified utility asset
SYN-0721,357013197,residential,19.7928051,45.2497081,433.3992263906464,0.08113866795441325,synthetic land-use allocation; not a verified utility asset
SYN-0722,357013197,residential,19.8054263,45.2514777,433.3992263906464,0.08113866795441325,synthetic land-use allocation; not a verified utility asset
SYN-0723,357013197,residential,19.7976667,45.2473334,433.3992263906464,0.08113866795441325,synthetic land-use allocation; not a verified utility asset
SYN-0724,357013197,residential,19.7991196,45.2487812,433.3992263906464,0.08113866795441325,synthetic land-use allocation; not a verified utility asset
SYN-0725,357013197,residential,19.7993176,45.2534003,433.3992263906464,0.08113866795441325,synthetic land-use allocation; not a verified utility asset
SYN-0726,357013197,residential,19.8051353,45.2499091,433.3992263906464,0.08113866795441325,synthetic land-use allocation; not a verified utility asset
SYN-0727,357013197,residential,19.8023512,45.2507446,433.3992263906464,0.08113866795441325,synthetic land-use allocation; not a verified utility asset
SYN-0728,357013197,residential,19.7976234,45.2496351,433.3992263906464,0.08113866795441325,synthetic land-use allocation; not a verified utility asset
SYN-0729,357013197,residential,19.7970034,45.2555636,433.3992263906464,0.08113866795441325,synthetic land-use allocation; not a verified utility asset
SYN-0730,357013197,residential,19.7993282,45.2527721,433.3992263906464,0.08113866795441325,synthetic land-use allocation; not a verified utility asset
SYN-0731,357013197,residential,19.7895499,45.2509845,433.3992263906464,0.08113866795441325,synthetic land-use allocation; not a verified utility asset
SYN-0732,357013197,residential,19.8000138,45.2555691,433.3992263906464,0.08113866795441325,synthetic land-use allocation; not a verified utility asset
SYN-0733,357013197,residential,19.7991098,45.2522262,433.3992263906464,0.08113866795441325,synthetic land-use allocation; not a verified utility asset
SYN-0734,357013197,residential,19.8055414,45.2503361,433.3992263906464,0.08113866795441325,synthetic land-use allocation; not a verified utility asset
SYN-0735,357013197,residential,19.7968109,45.2537137,433.3992263906464,0.08113866795441325,synthetic land-use allocation; not a verified utility asset
SYN-0736,357013197,residential,19.7902605,45.2527768,433.3992263906464,0.08113866795441325,synthetic land-use allocation; not a verified utility asset
SYN-0737,357013197,residential,19.7859643,45.2517506,433.3992263906464,0.08113866795441325,synthetic land-use allocation; not a verified utility asset
SYN-0738,357013197,residential,19.7948308,45.249659,433.3992263906464,0.08113866795441325,synthetic land-use allocation; not a verified utility asset
SYN-0739,357013197,residential,19.7954201,45.2509535,433.3992263906464,0.08113866795441325,synthetic land-use allocation; not a verified utility asset
SYN-0740,357013197,residential,19.7895769,45.2520865,433.3992263906464,0.08113866795441325,synthetic land-use allocation; not a verified utility asset
SYN-0741,357013197,residential,19.8012553,45.2525991,433.3992263906464,0.08113866795441325,synthetic land-use allocation; not a verified utility asset
SYN-0742,357013197,residential,19.8006649,45.2535946,433.3992263906464,0.08113866795441325,synthetic land-use allocation; not a verified utility asset
SYN-0743,357013197,residential,19.803183,45.2531535,433.3992263906464,0.08113866795441325,synthetic land-use allocation; not a verified utility asset
SYN-0744,357013197,residential,19.7979925,45.2498309,433.3992263906464,0.08113866795441325,synthetic land-use allocation; not a verified utility asset
SYN-0745,357013197,residential,19.7981076,45.251603,433.3992263906464,0.08113866795441325,synthetic land-use allocation; not a verified utility asset
SYN-0746,357013197,residential,19.8009353,45.2569523,433.3992263906464,0.08113866795441325,synthetic land-use allocation; not a verified utility asset
SYN-0747,357013197,residential,19.7934857,45.2474689,433.3992263906464,0.08113866795441325,synthetic land-use allocation; not a verified utility asset
SYN-0748,357013197,residential,19.7987604,45.2509283,433.3992263906464,0.08113866795441325,synthetic land-use allocation; not a verified utility asset
SYN-0749,357013197,residential,19.7857138,45.2517154,433.3992263906464,0.08113866795441325,synthetic land-use allocation; not a verified utility asset
SYN-0750,357013197,residential,19.7962348,45.2514589,433.3992263906464,0.08113866795441325,synthetic land-use allocation; not a verified utility asset
SYN-0751,357013197,residential,19.7881047,45.2529089,433.3992263906464,0.08113866795441325,synthetic land-use allocation; not a verified utility asset
SYN-0752,357013197,residential,19.7914089,45.2528428,433.3992263906464,0.08113866795441325,synthetic land-use allocation; not a verified utility asset
SYN-0753,357013197,residential,19.8022686,45.2526848,433.3992263906464,0.08113866795441325,synthetic land-use allocation; not a verified utility asset
SYN-0754,357013197,residential,19.7977363,45.2522022,433.3992263906464,0.08113866795441325,synthetic land-use allocation; not a verified utility asset
SYN-0755,357013197,residential,19.8043319,45.247692,433.3992263906464,0.08113866795441325,synthetic land-use allocation; not a verified utility asset
SYN-0756,357013197,residential,19.8018636,45.2484935,433.3992263906464,0.08113866795441325,synthetic land-use allocation; not a verified utility asset
SYN-0757,357013197,residential,19.7968176,45.2556838,433.3992263906464,0.08113866795441325,synthetic land-use allocation; not a verified utility asset
SYN-0758,357013197,residential,19.7897196,45.2494716,433.3992263906464,0.08113866795441325,synthetic land-use allocation; not a verified utility asset
SYN-0759,357013197,residential,19.7944708,45.2528648,433.3992263906464,0.08113866795441325,synthetic land-use allocation; not a verified utility asset
SYN-0760,357013197,residential,19.8008363,45.2469043,433.3992263906464,0.08113866795441325,synthetic land-use allocation; not a verified utility asset
SYN-0761,357013197,residential,19.7939395,45.2517493,433.3992263906464,0.08113866795441325,synthetic land-use allocation; not a verified utility asset
SYN-0762,357013197,residential,19.785533,45.2508341,433.3992263906464,0.08113866795441325,synthetic land-use allocation; not a verified utility asset
SYN-0763,357013197,residential,19.8002577,45.2484337,433.3992263906464,0.08113866795441325,synthetic land-use allocation; not a verified utility asset
SYN-0764,357013197,residential,19.7881325,45.2496024,433.3992263906464,0.08113866795441325,synthetic land-use allocation; not a verified utility asset
SYN-0765,357013197,residential,19.8021519,45.2558425,433.3992263906464,0.08113866795441325,synthetic land-use allocation; not a verified utility asset
SYN-0766,357013197,residential,19.7983348,45.2560484,433.3992263906464,0.08113866795441325,synthetic land-use allocation; not a verified utility asset
SYN-0767,357013197,residential,19.7869617,45.2494671,433.3992263906464,0.08113866795441325,synthetic land-use allocation; not a verified utility asset
SYN-0768,357013197,residential,19.8016327,45.2506697,433.3992263906464,0.08113866795441325,synthetic land-use allocation; not a verified utility asset
SYN-0769,357013197,residential,19.7997114,45.2547827,433.3992263906464,0.08113866795441325,synthetic land-use allocation; not a verified utility asset
SYN-0770,357013197,residential,19.7973996,45.2510595,433.3992263906464,0.08113866795441325,synthetic land-use allocation; not a verified utility asset
SYN-0771,357013197,residential,19.8006876,45.254301,433.3992263906464,0.08113866795441325,synthetic land-use allocation; not a verified utility asset
SYN-0772,357013197,residential,19.7862386,45.2516409,433.3992263906464,0.08113866795441325,synthetic land-use allocation; not a verified utility asset
SYN-0773,357013197,residential,19.7968225,45.2483787,433.3992263906464,0.08113866795441325,synthetic land-use allocation; not a verified utility asset
SYN-0774,357013197,residential,19.8028885,45.2523892,433.3992263906464,0.08113866795441325,synthetic land-use allocation; not a verified utility asset
SYN-0775,357013197,residential,19.8015469,45.2484031,433.3992263906464,0.08113866795441325,synthetic land-use allocation; not a verified utility asset
SYN-0776,357013197,residential,19.8020017,45.2471344,433.3992263906464,0.08113866795441325,synthetic land-use allocation; not a verified utility asset
SYN-0777,357013197,residential,19.7943474,45.2519803,433.3992263906464,0.08113866795441325,synthetic land-use allocation; not a verified utility asset
SYN-0778,357013197,residential,19.791965,45.252123,433.3992263906464,0.08113866795441325,synthetic land-use allocation; not a verified utility asset
SYN-0779,357013197,residential,19.7966648,45.2465896,433.3992263906464,0.08113866795441325,synthetic land-use allocation; not a verified utility asset
SYN-0780,357013344,residential,19.7913604,45.2484119,552.6422419717312,0.1034627028348903,synthetic land-use allocation; not a verified utility asset
SYN-0781,357013344,residential,19.7915613,45.2484116,552.6422419717312,0.1034627028348903,synthetic land-use allocation; not a verified utility asset
SYN-0782,358356450,industrial,19.8370935,45.3195209,436.72705183446834,0.08176168550325662,synthetic land-use allocation; not a verified utility asset
SYN-0783,358356450,industrial,19.8373812,45.3195602,436.72705183446834,0.08176168550325662,synthetic land-use allocation; not a verified utility asset
SYN-0784,358356450,industrial,19.8363733,45.3192553,436.72705183446834,0.08176168550325662,synthetic land-use allocation; not a verified utility asset
SYN-0785,358356451,industrial,19.8291958,45.3099826,143.71385257387303,0.026905333130268466,synthetic land-use allocation; not a verified utility asset
SYN-0786,359396873,commercial,19.8451252,45.2866821,93.06608137061617,0.017423330302261474,synthetic land-use allocation; not a verified utility asset
SYN-0787,359396875,commercial,19.8417686,45.2873017,178.61369947817667,0.03343909442285499,synthetic land-use allocation; not a verified utility asset
SYN-0788,359396875,commercial,19.8415959,45.2866495,178.61369947817667,0.03343909442285499,synthetic land-use allocation; not a verified utility asset
SYN-0789,359523532,commercial,19.8805756,45.2783084,436.79483805913395,0.08177437607499768,synthetic land-use allocation; not a verified utility asset
SYN-0790,359523532,commercial,19.8804169,45.2778545,436.79483805913395,0.08177437607499768,synthetic land-use allocation; not a verified utility asset
SYN-0791,359523532,commercial,19.8770764,45.2784004,436.79483805913395,0.08177437607499768,synthetic land-use allocation; not a verified utility asset
SYN-0792,359523532,commercial,19.8784106,45.27706,436.79483805913395,0.08177437607499768,synthetic land-use allocation; not a verified utility asset
SYN-0793,359523532,commercial,19.8778982,45.2778885,436.79483805913395,0.08177437607499768,synthetic land-use allocation; not a verified utility asset
SYN-0794,359523532,commercial,19.8794833,45.2779363,436.79483805913395,0.08177437607499768,synthetic land-use allocation; not a verified utility asset
SYN-0795,359523532,commercial,19.8787236,45.2767446,436.79483805913395,0.08177437607499768,synthetic land-use allocation; not a verified utility asset
SYN-0796,359523532,commercial,19.8802723,45.2795411,436.79483805913395,0.08177437607499768,synthetic land-use allocation; not a verified utility asset
SYN-0797,359523532,commercial,19.8779963,45.2783774,436.79483805913395,0.08177437607499768,synthetic land-use allocation; not a verified utility asset
SYN-0798,359523532,commercial,19.8795224,45.279713,436.79483805913395,0.08177437607499768,synthetic land-use allocation; not a verified utility asset
SYN-0799,359523532,commercial,19.8780122,45.2778719,436.79483805913395,0.08177437607499768,synthetic land-use allocation; not a verified utility asset
SYN-0800,359523532,commercial,19.8783886,45.2784135,436.79483805913395,0.08177437607499768,synthetic land-use allocation; not a verified utility asset
SYN-0801,359523532,commercial,19.878001,45.2796998,436.79483805913395,0.08177437607499768,synthetic land-use allocation; not a verified utility asset
SYN-0802,359523532,commercial,19.87847,45.277308,436.79483805913395,0.08177437607499768,synthetic land-use allocation; not a verified utility asset
SYN-0803,359523532,commercial,19.8801666,45.2796566,436.79483805913395,0.08177437607499768,synthetic land-use allocation; not a verified utility asset
SYN-0804,359523532,commercial,19.8770049,45.2786524,436.79483805913395,0.08177437607499768,synthetic land-use allocation; not a verified utility asset
SYN-0805,359523532,commercial,19.8793255,45.2772653,436.79483805913395,0.08177437607499768,synthetic land-use allocation; not a verified utility asset
SYN-0806,359523532,commercial,19.878494,45.2790676,436.79483805913395,0.08177437607499768,synthetic land-use allocation; not a verified utility asset
SYN-0807,360123617,retail,19.8249313,45.2680471,430.4311764430411,0.08058300563545519,synthetic land-use allocation; not a verified utility asset
SYN-0808,360123617,retail,19.8251665,45.2675649,430.4311764430411,0.08058300563545519,synthetic land-use allocation; not a verified utility asset
SYN-0809,360123617,retail,19.8237814,45.2672854,430.4311764430411,0.08058300563545519,synthetic land-use allocation; not a verified utility asset
SYN-0810,360123617,retail,19.8252743,45.2677184,430.4311764430411,0.08058300563545519,synthetic land-use allocation; not a verified utility asset
SYN-0811,360123617,retail,19.8255027,45.2675121,430.4311764430411,0.08058300563545519,synthetic land-use allocation; not a verified utility asset
SYN-0812,360123618,commercial,19.8216606,45.269215,478.53599509308464,0.08958893058820305,synthetic land-use allocation; not a verified utility asset
SYN-0813,360123618,commercial,19.823405,45.2692039,478.53599509308464,0.08958893058820305,synthetic land-use allocation; not a verified utility asset
SYN-0814,360123618,commercial,19.8222229,45.269596,478.53599509308464,0.08958893058820305,synthetic land-use allocation; not a verified utility asset
SYN-0815,360123618,commercial,19.8212545,45.2693783,478.53599509308464,0.08958893058820305,synthetic land-use allocation; not a verified utility asset
SYN-0816,360746023,commercial,19.8331718,45.2685695,694.7244989085918,0.13006257742124322,synthetic land-use allocation; not a verified utility asset
SYN-0817,360746024,commercial,19.8378831,45.2733475,460.119693250949,0.08614112978670735,synthetic land-use allocation; not a verified utility asset
SYN-0818,360746024,commercial,19.8390855,45.2732352,460.119693250949,0.08614112978670735,synthetic land-use allocation; not a verified utility asset
SYN-0819,365993826,industrial,19.8365448,45.3013241,455.2620954770141,0.08523171650482912,synthetic land-use allocation; not a verified utility asset
SYN-0820,365993826,industrial,19.8379253,45.3005814,455.2620954770141,0.08523171650482912,synthetic land-use allocation; not a verified utility asset
SYN-0821,365993826,industrial,19.8369184,45.300311,455.2620954770141,0.08523171650482912,synthetic land-use allocation; not a verified utility asset
SYN-0822,366567941,commercial,19.7918854,45.2429166,217.8688860632706,0.040788238943352026,synthetic land-use allocation; not a verified utility asset
SYN-0823,366751373,residential,19.8804322,45.2689134,215.83311213775465,0.04040711231802712,synthetic land-use allocation; not a verified utility asset
SYN-0824,374370755,commercial,19.8501534,45.2578328,617.6105203983059,0.11562571386452301,synthetic land-use allocation; not a verified utility asset
SYN-0825,374707842,commercial,19.8237955,45.239076,417.1498848158412,0.07809655377830817,synthetic land-use allocation; not a verified utility asset
SYN-0826,374707842,commercial,19.8233546,45.2392259,417.1498848158412,0.07809655377830817,synthetic land-use allocation; not a verified utility asset
SYN-0827,379886168,commercial,19.8430997,45.269594,639.8435661581425,0.11978806489718649,synthetic land-use allocation; not a verified utility asset
SYN-0828,379886170,commercial,19.8547117,45.2658512,447.0675088431945,0.0836975701487259,synthetic land-use allocation; not a verified utility asset
SYN-0829,380048085,commercial,19.8417721,45.2733197,276.86576721271354,0.05183331714941212,synthetic land-use allocation; not a verified utility asset
SYN-0830,382511338,commercial,19.840458,45.2726,476.6056604445499,0.08922754373619428,synthetic land-use allocation; not a verified utility asset
SYN-0831,382511338,commercial,19.8407996,45.2703246,476.6056604445499,0.08922754373619428,synthetic land-use allocation; not a verified utility asset
SYN-0832,382511338,commercial,19.8411233,45.2710226,476.6056604445499,0.08922754373619428,synthetic land-use allocation; not a verified utility asset
SYN-0833,382511338,commercial,19.8405012,45.2714487,476.6056604445499,0.08922754373619428,synthetic land-use allocation; not a verified utility asset
SYN-0834,382511338,commercial,19.8402891,45.2706755,476.6056604445499,0.08922754373619428,synthetic land-use allocation; not a verified utility asset
SYN-0835,382665500,commercial,19.8289273,45.2670867,210.3969493945557,0.03938938321998531,synthetic land-use allocation; not a verified utility asset
SYN-0836,382665500,commercial,19.8291317,45.2665656,210.3969493945557,0.03938938321998531,synthetic land-use allocation; not a verified utility asset
SYN-0837,382669174,commercial,19.8353705,45.2690843,551.3575265821728,0.10322218534186797,synthetic land-use allocation; not a verified utility asset
SYN-0838,382669175,commercial,19.8331896,45.2682931,111.4088641379195,0.020857367258697256,synthetic land-use allocation; not a verified utility asset
SYN-0839,382726508,commercial,19.8341321,45.2696656,163.99752039796908,0.030702732129300147,synthetic land-use allocation; not a verified utility asset
SYN-0840,382728141,commercial,19.8325185,45.2730914,568.3135303441125,0.10639659700506215,synthetic land-use allocation; not a verified utility asset
SYN-0841,382854479,commercial,19.837395,45.2729439,118.83584697917908,0.022247806968704757,synthetic land-use allocation; not a verified utility asset
SYN-0842,383040790,commercial,19.8307499,45.2756806,77.91035457359357,0.014585956792316604,synthetic land-use allocation; not a verified utility asset
SYN-0843,383059820,commercial,19.8255711,45.2728963,439.2232175837706,0.0822290042051808,synthetic land-use allocation; not a verified utility asset
SYN-0844,383059820,commercial,19.8247299,45.2737466,439.2232175837706,0.0822290042051808,synthetic land-use allocation; not a verified utility asset
SYN-0845,383059820,commercial,19.8260474,45.2727053,439.2232175837706,0.0822290042051808,synthetic land-use allocation; not a verified utility asset
SYN-0846,383059820,commercial,19.8244439,45.2731832,439.2232175837706,0.0822290042051808,synthetic land-use allocation; not a verified utility asset
SYN-0847,383059820,commercial,19.826145,45.2730528,439.2232175837706,0.0822290042051808,synthetic land-use allocation; not a verified utility asset
SYN-0848,383059832,industrial,19.8240408,45.2758676,420.19508757591456,0.07866666023110729,synthetic land-use allocation; not a verified utility asset
SYN-0849,383059832,industrial,19.8252438,45.2742526,420.19508757591456,0.07866666023110729,synthetic land-use allocation; not a verified utility asset
SYN-0850,383059832,industrial,19.8240936,45.2750007,420.19508757591456,0.07866666023110729,synthetic land-use allocation; not a verified utility asset
SYN-0851,383059832,industrial,19.8242257,45.2749799,420.19508757591456,0.07866666023110729,synthetic land-use allocation; not a verified utility asset
SYN-0852,383059832,industrial,19.8243011,45.2749667,420.19508757591456,0.07866666023110729,synthetic land-use allocation; not a verified utility asset
SYN-0853,383059832,industrial,19.824729,45.275239,420.19508757591456,0.07866666023110729,synthetic land-use allocation; not a verified utility asset
SYN-0854,383059834,industrial,19.8245348,45.2780952,406.1591870095974,0.07603893455430819,synthetic land-use allocation; not a verified utility asset
SYN-0855,383059834,industrial,19.8242145,45.2768614,406.1591870095974,0.07603893455430819,synthetic land-use allocation; not a verified utility asset
SYN-0856,383059834,industrial,19.8241681,45.2776307,406.1591870095974,0.07603893455430819,synthetic land-use allocation; not a verified utility asset
SYN-0857,383060147,industrial,19.821163,45.2782574,439.5430910326661,0.08228888918876397,synthetic land-use allocation; not a verified utility asset
SYN-0858,383060147,industrial,19.8190084,45.2786012,439.5430910326661,0.08228888918876397,synthetic land-use allocation; not a verified utility asset
SYN-0859,383060147,industrial,19.8214365,45.2777381,439.5430910326661,0.08228888918876397,synthetic land-use allocation; not a verified utility asset
SYN-0860,383060147,industrial,19.8209308,45.2792782,439.5430910326661,0.08228888918876397,synthetic land-use allocation; not a verified utility asset
SYN-0861,383060147,industrial,19.8228169,45.2775166,439.5430910326661,0.08228888918876397,synthetic land-use allocation; not a verified utility asset
SYN-0862,383060147,industrial,19.8218267,45.2779828,439.5430910326661,0.08228888918876397,synthetic land-use allocation; not a verified utility asset
SYN-0863,383060147,industrial,19.8229372,45.2782602,439.5430910326661,0.08228888918876397,synthetic land-use allocation; not a verified utility asset
SYN-0864,383060147,industrial,19.8226757,45.2793043,439.5430910326661,0.08228888918876397,synthetic land-use allocation; not a verified utility asset
SYN-0865,383060147,industrial,19.8201651,45.2794031,439.5430910326661,0.08228888918876397,synthetic land-use allocation; not a verified utility asset
SYN-0866,383060147,industrial,19.8187027,45.2801297,439.5430910326661,0.08228888918876397,synthetic land-use allocation; not a verified utility asset
SYN-0867,383060147,industrial,19.8198911,45.2779831,439.5430910326661,0.08228888918876397,synthetic land-use allocation; not a verified utility asset
SYN-0868,383060147,industrial,19.8206076,45.2778775,439.5430910326661,0.08228888918876397,synthetic land-use allocation; not a verified utility asset
SYN-0869,383064634,commercial,19.824442,45.2715106,468.1299366223266,0.08764076439048124,synthetic land-use allocation; not a verified utility asset
SYN-0870,383064634,commercial,19.8243947,45.2713247,468.1299366223266,0.08764076439048124,synthetic land-use allocation; not a verified utility asset
SYN-0871,383064634,commercial,19.8248337,45.2713495,468.1299366223266,0.08764076439048124,synthetic land-use allocation; not a verified utility asset
SYN-0872,383064634,commercial,19.825163,45.2714373,468.1299366223266,0.08764076439048124,synthetic land-use allocation; not a verified utility asset
SYN-0873,383064634,commercial,19.8243536,45.2697483,468.1299366223266,0.08764076439048124,synthetic land-use allocation; not a verified utility asset
SYN-0874,383064634,commercial,19.82551,45.2707675,468.1299366223266,0.08764076439048124,synthetic land-use allocation; not a verified utility asset
SYN-0875,383064857,retail,19.8243396,45.2687069,388.8316149009575,0.07279495986730254,synthetic land-use allocation; not a verified utility asset
SYN-0876,383064857,retail,19.8245791,45.2695264,388.8316149009575,0.07279495986730254,synthetic land-use allocation; not a verified utility asset
SYN-0877,383065639,industrial,19.8232109,45.2700775,441.2997427508405,0.08261776005837652,synthetic land-use allocation; not a verified utility asset
SYN-0878,383065639,industrial,19.822901,45.2699539,441.2997427508405,0.08261776005837652,synthetic land-use allocation; not a verified utility asset
SYN-0879,383065639,industrial,19.8235115,45.2697743,441.2997427508405,0.08261776005837652,synthetic land-use allocation; not a verified utility asset
SYN-0880,383065639,industrial,19.8208866,45.2711911,441.2997427508405,0.08261776005837652,synthetic land-use allocation; not a verified utility asset
SYN-0881,383065639,industrial,19.8226757,45.2699518,441.2997427508405,0.08261776005837652,synthetic land-use allocation; not a verified utility asset
SYN-0882,383065639,industrial,19.8207167,45.2702464,441.2997427508405,0.08261776005837652,synthetic land-use allocation; not a verified utility asset
SYN-0883,383065639,industrial,19.8217609,45.2718822,441.2997427508405,0.08261776005837652,synthetic land-use allocation; not a verified utility asset
SYN-0884,383065640,commercial,19.8203822,45.2704255,627.9351099353449,0.11755862788743901,synthetic land-use allocation; not a verified utility asset
SYN-0885,383065641,retail,19.8192948,45.2721418,468.89660822034625,0.08778429651613788,synthetic land-use allocation; not a verified utility asset
SYN-0886,383065641,retail,19.8184728,45.2722644,468.89660822034625,0.08778429651613788,synthetic land-use allocation; not a verified utility asset
SYN-0887,383065641,retail,19.817897,45.2715964,468.89660822034625,0.08778429651613788,synthetic land-use allocation; not a verified utility asset
SYN-0888,383065641,retail,19.8202916,45.2721233,468.89660822034625,0.08778429651613788,synthetic land-use allocation; not a verified utility asset
SYN-0889,383065641,retail,19.8186701,45.2723667,468.89660822034625,0.08778429651613788,synthetic land-use allocation; not a verified utility asset
SYN-0890,383065641,retail,19.8199168,45.2720051,468.89660822034625,0.08778429651613788,synthetic land-use allocation; not a verified utility asset
SYN-0891,383066329,commercial,19.8150966,45.2727216,485.991017759287,0.09098461976315418,synthetic land-use allocation; not a verified utility asset
SYN-0892,383066329,commercial,19.8145653,45.273137,485.991017759287,0.09098461976315418,synthetic land-use allocation; not a verified utility asset
SYN-0893,383066329,commercial,19.8169651,45.2716298,485.991017759287,0.09098461976315418,synthetic land-use allocation; not a verified utility asset
SYN-0894,383066329,commercial,19.8179061,45.2714632,485.991017759287,0.09098461976315418,synthetic land-use allocation; not a verified utility asset
SYN-0895,383066329,commercial,19.8172465,45.2725432,485.991017759287,0.09098461976315418,synthetic land-use allocation; not a verified utility asset
SYN-0896,383066329,commercial,19.8144988,45.2729314,485.991017759287,0.09098461976315418,synthetic land-use allocation; not a verified utility asset
SYN-0897,383066330,commercial,19.8168947,45.2726332,496.71180362242126,0.09299170752748526,synthetic land-use allocation; not a verified utility asset
SYN-0898,383068072,industrial,19.8142535,45.2772172,450.95488766251805,0.08442534426558557,synthetic land-use allocation; not a verified utility asset
SYN-0899,383068072,industrial,19.8136559,45.2750653,450.95488766251805,0.08442534426558557,synthetic land-use allocation; not a verified utility asset
SYN-0900,383068072,industrial,19.815968,45.2758352,450.95488766251805,0.08442534426558557,synthetic land-use allocation; not a verified utility asset
SYN-0901,383068072,industrial,19.8127877,45.2763638,450.95488766251805,0.08442534426558557,synthetic land-use allocation; not a verified utility asset
SYN-0902,383068072,industrial,19.8147181,45.2742525,450.95488766251805,0.08442534426558557,synthetic land-use allocation; not a verified utility asset
SYN-0903,383068072,industrial,19.8138378,45.2765654,450.95488766251805,0.08442534426558557,synthetic land-use allocation; not a verified utility asset
SYN-0904,383068072,industrial,19.8141436,45.2765454,450.95488766251805,0.08442534426558557,synthetic land-use allocation; not a verified utility asset
SYN-0905,383068072,industrial,19.8145102,45.2741523,450.95488766251805,0.08442534426558557,synthetic land-use allocation; not a verified utility asset
SYN-0906,383068072,industrial,19.8144485,45.2759933,450.95488766251805,0.08442534426558557,synthetic land-use allocation; not a verified utility asset
SYN-0907,383068072,industrial,19.8130543,45.2751884,450.95488766251805,0.08442534426558557,synthetic land-use allocation; not a verified utility asset
SYN-0908,383068072,industrial,19.8137019,45.2755785,450.95488766251805,0.08442534426558557,synthetic land-use allocation; not a verified utility asset
SYN-0909,383068072,industrial,19.8145893,45.2741338,450.95488766251805,0.08442534426558557,synthetic land-use allocation; not a verified utility asset
SYN-0910,383068072,industrial,19.8153421,45.2750082,450.95488766251805,0.08442534426558557,synthetic land-use allocation; not a verified utility asset
SYN-0911,383077457,industrial,19.8077733,45.278472,421.63654247924103,0.07893652165136476,synthetic land-use allocation; not a verified utility asset
SYN-0912,383077457,industrial,19.8088584,45.2782185,421.63654247924103,0.07893652165136476,synthetic land-use allocation; not a verified utility asset
SYN-0913,383077457,industrial,19.8084348,45.2770661,421.63654247924103,0.07893652165136476,synthetic land-use allocation; not a verified utility asset
SYN-0914,383077457,industrial,19.8091394,45.2766257,421.63654247924103,0.07893652165136476,synthetic land-use allocation; not a verified utility asset
SYN-0915,383077457,industrial,19.8083315,45.2785246,421.63654247924103,0.07893652165136476,synthetic land-use allocation; not a verified utility asset
SYN-0916,383077458,industrial,19.8104898,45.2757605,302.0583667061255,0.05654973988562167,synthetic land-use allocation; not a verified utility asset
SYN-0917,383077460,industrial,19.8117157,45.2767759,451.66509656838184,0.084558305750245,synthetic land-use allocation; not a verified utility asset
SYN-0918,383077460,industrial,19.8117012,45.2754099,451.66509656838184,0.084558305750245,synthetic land-use allocation; not a verified utility asset
SYN-0919,383077460,industrial,19.8109562,45.2752212,451.66509656838184,0.084558305750245,synthetic land-use allocation; not a verified utility asset
SYN-0920,383077460,industrial,19.8097754,45.2761982,451.66509656838184,0.084558305750245,synthetic land-use allocation; not a verified utility asset
SYN-0921,383077460,industrial,19.8113413,45.2761731,451.66509656838184,0.084558305750245,synthetic land-use allocation; not a verified utility asset
SYN-0922,383077460,industrial,19.8103027,45.2782593,451.66509656838184,0.084558305750245,synthetic land-use allocation; not a verified utility asset
SYN-0923,383077460,industrial,19.8117391,45.2762829,451.66509656838184,0.084558305750245,synthetic land-use allocation; not a verified utility asset
SYN-0924,383077460,industrial,19.8097089,45.2767298,451.66509656838184,0.084558305750245,synthetic land-use allocation; not a verified utility asset
SYN-0925,383077460,industrial,19.8116633,45.2773964,451.66509656838184,0.084558305750245,synthetic land-use allocation; not a verified utility asset
SYN-0926,383085012,industrial,19.8094462,45.2797335,454.07880371308613,0.08501018699651383,synthetic land-use allocation; not a verified utility asset
SYN-0927,383085012,industrial,19.8095064,45.2793136,454.07880371308613,0.08501018699651383,synthetic land-use allocation; not a verified utility asset
SYN-0928,383085012,industrial,19.809534,45.2794423,454.07880371308613,0.08501018699651383,synthetic land-use allocation; not a verified utility asset
SYN-0929,383085012,industrial,19.810199,45.2797183,454.07880371308613,0.08501018699651383,synthetic land-use allocation; not a verified utility asset
SYN-0930,383085012,industrial,19.8097532,45.2792746,454.07880371308613,0.08501018699651383,synthetic land-use allocation; not a verified utility asset
SYN-0931,383085012,industrial,19.8095926,45.2806144,454.07880371308613,0.08501018699651383,synthetic land-use allocation; not a verified utility asset
SYN-0932,383085012,industrial,19.810531,45.2813047,454.07880371308613,0.08501018699651383,synthetic land-use allocation; not a verified utility asset
SYN-0933,383085012,industrial,19.8110194,45.2799091,454.07880371308613,0.08501018699651383,synthetic land-use allocation; not a verified utility asset
SYN-0934,383085014,commercial,19.8062079,45.2820513,516.2449622892848,0.09664860024593916,synthetic land-use allocation; not a verified utility asset
SYN-0935,383085016,industrial,19.807505,45.2807044,447.1677795709555,0.08371634229410581,synthetic land-use allocation; not a verified utility asset
SYN-0936,383085016,industrial,19.8080731,45.2797918,447.1677795709555,0.08371634229410581,synthetic land-use allocation; not a verified utility asset
SYN-0937,383085016,industrial,19.8071353,45.2795319,447.1677795709555,0.08371634229410581,synthetic land-use allocation; not a verified utility asset
SYN-0938,383085016,industrial,19.8080769,45.2817531,447.1677795709555,0.08371634229410581,synthetic land-use allocation; not a verified utility asset
SYN-0939,383085016,industrial,19.8079987,45.2821388,447.1677795709555,0.08371634229410581,synthetic land-use allocation; not a verified utility asset
SYN-0940,383085016,industrial,19.8097534,45.2817749,447.1677795709555,0.08371634229410581,synthetic land-use allocation; not a verified utility asset
SYN-0941,383085016,industrial,19.8083167,45.2825716,447.1677795709555,0.08371634229410581,synthetic land-use allocation; not a verified utility asset
SYN-0942,383085016,industrial,19.8087718,45.2804234,447.1677795709555,0.08371634229410581,synthetic land-use allocation; not a verified utility asset
SYN-0943,383085016,industrial,19.8100063,45.2812203,447.1677795709555,0.08371634229410581,synthetic land-use allocation; not a verified utility asset
SYN-0944,383085016,industrial,19.8091161,45.2811047,447.1677795709555,0.08371634229410581,synthetic land-use allocation; not a verified utility asset
SYN-0945,383085016,industrial,19.8091754,45.2820414,447.1677795709555,0.08371634229410581,synthetic land-use allocation; not a verified utility asset
SYN-0946,383085016,industrial,19.8097738,45.2814484,447.1677795709555,0.08371634229410581,synthetic land-use allocation; not a verified utility asset
SYN-0947,383085018,commercial,19.805997,45.2813978,586.4446386932055,0.10979100541744942,synthetic land-use allocation; not a verified utility asset
SYN-0948,383085020,industrial,19.7990625,45.2842116,444.81662722801616,0.08327617222077015,synthetic land-use allocation; not a verified utility asset
SYN-0949,383085020,industrial,19.8019675,45.2842402,444.81662722801616,0.08327617222077015,synthetic land-use allocation; not a verified utility asset
SYN-0950,383085020,industrial,19.7984492,45.282915,444.81662722801616,0.08327617222077015,synthetic land-use allocation; not a verified utility asset
SYN-0951,383085020,industrial,19.8006467,45.2829804,444.81662722801616,0.08327617222077015,synthetic land-use allocation; not a verified utility asset
SYN-0952,383085020,industrial,19.8002587,45.2842683,444.81662722801616,0.08327617222077015,synthetic land-use allocation; not a verified utility asset
SYN-0953,383085020,industrial,19.7990615,45.2831584,444.81662722801616,0.08327617222077015,synthetic land-use allocation; not a verified utility asset
SYN-0954,383085020,industrial,19.8007455,45.2815903,444.81662722801616,0.08327617222077015,synthetic land-use allocation; not a verified utility asset
SYN-0955,383085020,industrial,19.8008185,45.2836643,444.81662722801616,0.08327617222077015,synthetic land-use allocation; not a verified utility asset
SYN-0956,383085020,industrial,19.8011546,45.2831726,444.81662722801616,0.08327617222077015,synthetic land-use allocation; not a verified utility asset
SYN-0957,383085020,industrial,19.8014928,45.2844196,444.81662722801616,0.08327617222077015,synthetic land-use allocation; not a verified utility asset
SYN-0958,383085020,industrial,19.7999874,45.2830644,444.81662722801616,0.08327617222077015,synthetic land-use allocation; not a verified utility asset
SYN-0959,383085020,industrial,19.7988719,45.2822852,444.81662722801616,0.08327617222077015,synthetic land-use allocation; not a verified utility asset
SYN-0960,383088215,industrial,19.806043,45.2776817,195.56740460860328,0.03661307574864262,synthetic land-use allocation; not a verified utility asset
SYN-0961,383088215,industrial,19.8063215,45.2773713,195.56740460860328,0.03661307574864262,synthetic land-use allocation; not a verified utility asset
SYN-0962,383088217,industrial,19.8038904,45.2791276,542.5167189982789,0.10156705698141293,synthetic land-use allocation; not a verified utility asset
SYN-0963,383088217,industrial,19.8045852,45.2782631,542.5167189982789,0.10156705698141293,synthetic land-use allocation; not a verified utility asset
SYN-0964,383088217,industrial,19.806086,45.2786302,542.5167189982789,0.10156705698141293,synthetic land-use allocation; not a verified utility asset
SYN-0965,383088219,industrial,19.8127393,45.278288,451.1494068333678,0.08446176109665789,synthetic land-use allocation; not a verified utility asset
SYN-0966,383088219,industrial,19.812338,45.2802309,451.1494068333678,0.08446176109665789,synthetic land-use allocation; not a verified utility asset
SYN-0967,383088219,industrial,19.8133563,45.2784495,451.1494068333678,0.08446176109665789,synthetic land-use allocation; not a verified utility asset
SYN-0968,383088219,industrial,19.812764,45.280434,451.1494068333678,0.08446176109665789,synthetic land-use allocation; not a verified utility asset
SYN-0969,383088219,industrial,19.8129317,45.278664,451.1494068333678,0.08446176109665789,synthetic land-use allocation; not a verified utility asset
SYN-0970,383088219,industrial,19.8121927,45.2811949,451.1494068333678,0.08446176109665789,synthetic land-use allocation; not a verified utility asset
SYN-0971,383088219,industrial,19.8111518,45.2793211,451.1494068333678,0.08446176109665789,synthetic land-use allocation; not a verified utility asset
SYN-0972,383088219,industrial,19.8122292,45.279459,451.1494068333678,0.08446176109665789,synthetic land-use allocation; not a verified utility asset
SYN-0973,383088219,industrial,19.812808,45.281037,451.1494068333678,0.08446176109665789,synthetic land-use allocation; not a verified utility asset
SYN-0974,383088219,industrial,19.8128238,45.2816552,451.1494068333678,0.08446176109665789,synthetic land-use allocation; not a verified utility asset
SYN-0975,383088219,industrial,19.8118207,45.2809829,451.1494068333678,0.08446176109665789,synthetic land-use allocation; not a verified utility asset
SYN-0976,383088221,commercial,19.8144729,45.2789186,463.16190434367866,0.08671067615566586,synthetic land-use allocation; not a verified utility asset
SYN-0977,383088221,commercial,19.8133749,45.2780834,463.16190434367866,0.08671067615566586,synthetic land-use allocation; not a verified utility asset
SYN-0978,383088221,commercial,19.8143102,45.2785199,463.16190434367866,0.08671067615566586,synthetic land-use allocation; not a verified utility asset
SYN-0979,383088221,commercial,19.8151277,45.2788849,463.16190434367866,0.08671067615566586,synthetic land-use allocation; not a verified utility asset
SYN-0980,383088222,industrial,19.8067194,45.2785833,296.7206048503835,0.055550432871532975,synthetic land-use allocation; not a verified utility asset
SYN-0981,383088225,industrial,19.8168545,45.2783261,485.9370780369318,0.09097452145896895,synthetic land-use allocation; not a verified utility asset
SYN-0982,383088225,industrial,19.8175251,45.2803822,485.9370780369318,0.09097452145896895,synthetic land-use allocation; not a verified utility asset
SYN-0983,383088225,industrial,19.8168641,45.2806666,485.9370780369318,0.09097452145896895,synthetic land-use allocation; not a verified utility asset
SYN-0984,383088225,industrial,19.8157584,45.2791881,485.9370780369318,0.09097452145896895,synthetic land-use allocation; not a verified utility asset
SYN-0985,383088225,industrial,19.8160769,45.2795729,485.9370780369318,0.09097452145896895,synthetic land-use allocation; not a verified utility asset
SYN-0986,383088225,industrial,19.8163056,45.2788333,485.9370780369318,0.09097452145896895,synthetic land-use allocation; not a verified utility asset
SYN-0987,383188612,industrial,19.8399434,45.244883,442.01046879747406,0.08275081835934446,synthetic land-use allocation; not a verified utility asset
SYN-0988,383188612,industrial,19.8400491,45.2443363,442.01046879747406,0.08275081835934446,synthetic land-use allocation; not a verified utility asset
SYN-0989,383188612,industrial,19.8393946,45.2447439,442.01046879747406,0.08275081835934446,synthetic land-use allocation; not a verified utility asset
SYN-0990,383198967,commercial,19.8381116,45.2435707,173.15559238812529,0.03241725702243441,synthetic land-use allocation; not a verified utility asset
SYN-0991,383198967,commercial,19.8383685,45.2436691,173.15559238812529,0.03241725702243441,synthetic land-use allocation; not a verified utility asset
SYN-0992,384987767,commercial,19.8393364,45.3050063,483.4446541516614,0.09050790328866719,synthetic land-use allocation; not a verified utility asset
SYN-0993,384987767,commercial,19.8421665,45.3051736,483.4446541516614,0.09050790328866719,synthetic land-use allocation; not a verified utility asset
SYN-0994,384987767,commercial,19.838544,45.3054621,483.4446541516614,0.09050790328866719,synthetic land-use allocation; not a verified utility asset
SYN-0995,384987767,commercial,19.8411658,45.3049373,483.4446541516614,0.09050790328866719,synthetic land-use allocation; not a verified utility asset
SYN-0996,384987767,commercial,19.8423801,45.3053095,483.4446541516614,0.09050790328866719,synthetic land-use allocation; not a verified utility asset
SYN-0997,384987767,commercial,19.8401582,45.3050404,483.4446541516614,0.09050790328866719,synthetic land-use allocation; not a verified utility asset
SYN-0998,386343261,commercial,19.8194415,45.265108,60.57568197261049,0.011340652789392832,synthetic land-use allocation; not a verified utility asset
SYN-0999,386343262,commercial,19.8205736,45.261759,113.24027000228456,0.021200233196774734,synthetic land-use allocation; not a verified utility asset
SYN-1000,386347750,commercial,19.8273468,45.261335,526.319635936199,0.09853472636248474,synthetic land-use allocation; not a verified utility asset
SYN-1001,386988766,commercial,19.8060679,45.2729837,219.79861460044611,0.04114951232245795,synthetic land-use allocation; not a verified utility asset
SYN-1002,386988767,commercial,19.8072571,45.272212,544.2253291998569,0.10188693377714216,synthetic land-use allocation; not a verified utility asset
SYN-1003,386988769,commercial,19.8064293,45.2726081,146.7009839467186,0.027464567770846857,synthetic land-use allocation; not a verified utility asset
SYN-1004,386988770,commercial,19.8133147,45.2674883,444.4936890580626,0.0832157134766236,synthetic land-use allocation; not a verified utility asset
SYN-1005,392066332,residential,19.8233979,45.240026,207.9873141091586,0.03893826428527627,synthetic land-use allocation; not a verified utility asset
SYN-1006,392066332,residential,19.8229926,45.2400096,207.9873141091586,0.03893826428527627,synthetic land-use allocation; not a verified utility asset
SYN-1007,394516001,industrial,19.8584967,45.2843346,447.69088529557035,0.08381427532930769,synthetic land-use allocation; not a verified utility asset
SYN-1008,394516001,industrial,19.8579583,45.2825365,447.69088529557035,0.08381427532930769,synthetic land-use allocation; not a verified utility asset
SYN-1009,394516001,industrial,19.8575194,45.2817025,447.69088529557035,0.08381427532930769,synthetic land-use allocation; not a verified utility asset
SYN-1010,394516001,industrial,19.8584908,45.2831035,447.69088529557035,0.08381427532930769,synthetic land-use allocation; not a verified utility asset
SYN-1011,394516001,industrial,19.8565047,45.2816458,447.69088529557035,0.08381427532930769,synthetic land-use allocation; not a verified utility asset
SYN-1012,394516001,industrial,19.8575999,45.2828282,447.69088529557035,0.08381427532930769,synthetic land-use allocation; not a verified utility asset
SYN-1013,394516001,industrial,19.8594751,45.2839611,447.69088529557035,0.08381427532930769,synthetic land-use allocation; not a verified utility asset
SYN-1014,394516004,industrial,19.8566202,45.2805489,593.7005784941571,0.11114942337105223,synthetic land-use allocation; not a verified utility asset
SYN-1015,394516004,industrial,19.8565461,45.2803952,593.7005784941571,0.11114942337105223,synthetic land-use allocation; not a verified utility asset
SYN-1016,396143653,commercial,19.7861704,45.2534159,488.0062574524921,0.09136190208014691,synthetic land-use allocation; not a verified utility asset
SYN-1017,396143653,commercial,19.7872426,45.2531437,488.0062574524921,0.09136190208014691,synthetic land-use allocation; not a verified utility asset
SYN-1018,397083719,industrial,19.8687623,45.2806156,212.65423513280714,0.03981198009335658,synthetic land-use allocation; not a verified utility asset
SYN-1019,397083719,industrial,19.869027,45.2805026,212.65423513280714,0.03981198009335658,synthetic land-use allocation; not a verified utility asset
SYN-1020,397083722,industrial,19.8731094,45.280582,441.0519795524794,0.08257137516735914,synthetic land-use allocation; not a verified utility asset
SYN-1021,397083722,industrial,19.8732442,45.2811435,441.0519795524794,0.08257137516735914,synthetic land-use allocation; not a verified utility asset
SYN-1022,397083722,industrial,19.872237,45.2812985,441.0519795524794,0.08257137516735914,synthetic land-use allocation; not a verified utility asset
SYN-1023,397083722,industrial,19.8695616,45.2806044,441.0519795524794,0.08257137516735914,synthetic land-use allocation; not a verified utility asset
SYN-1024,397083722,industrial,19.8737282,45.2813636,441.0519795524794,0.08257137516735914,synthetic land-use allocation; not a verified utility asset
SYN-1025,397083722,industrial,19.8711292,45.2811774,441.0519795524794,0.08257137516735914,synthetic land-use allocation; not a verified utility asset
SYN-1026,397083722,industrial,19.8725002,45.2815981,441.0519795524794,0.08257137516735914,synthetic land-use allocation; not a verified utility asset
SYN-1027,397083723,industrial,19.8672037,45.2813737,417.74932535097787,0.07820877780543421,synthetic land-use allocation; not a verified utility asset
SYN-1028,397083723,industrial,19.8666155,45.2804807,417.74932535097787,0.07820877780543421,synthetic land-use allocation; not a verified utility asset
SYN-1029,397083751,industrial,19.8766494,45.2820128,432.69792177005854,0.08100737348206576,synthetic land-use allocation; not a verified utility asset
SYN-1030,397083751,industrial,19.8770168,45.2827881,432.69792177005854,0.08100737348206576,synthetic land-use allocation; not a verified utility asset
SYN-1031,397083751,industrial,19.8757055,45.2820663,432.69792177005854,0.08100737348206576,synthetic land-use allocation; not a verified utility asset
SYN-1032,397083751,industrial,19.8767768,45.2828879,432.69792177005854,0.08100737348206576,synthetic land-use allocation; not a verified utility asset
SYN-1033,397083751,industrial,19.8751853,45.2824609,432.69792177005854,0.08100737348206576,synthetic land-use allocation; not a verified utility asset
SYN-1034,397083751,industrial,19.875909,45.2834141,432.69792177005854,0.08100737348206576,synthetic land-use allocation; not a verified utility asset
SYN-1035,397083751,industrial,19.8761757,45.2822143,432.69792177005854,0.08100737348206576,synthetic land-use allocation; not a verified utility asset
SYN-1036,397083751,industrial,19.8754607,45.2821739,432.69792177005854,0.08100737348206576,synthetic land-use allocation; not a verified utility asset
SYN-1037,397083751,industrial,19.8767384,45.2816159,432.69792177005854,0.08100737348206576,synthetic land-use allocation; not a verified utility asset
SYN-1038,411638049,commercial,19.8044984,45.2469116,495.6691627423124,0.09279650991979363,synthetic land-use allocation; not a verified utility asset
SYN-1039,411638053,retail,19.7999163,45.2448368,426.56587146749143,0.07985936406469017,synthetic land-use allocation; not a verified utility asset
SYN-1040,411638053,retail,19.7973563,45.2440578,426.56587146749143,0.07985936406469017,synthetic land-use allocation; not a verified utility asset
SYN-1041,411638053,retail,19.8004582,45.2458793,426.56587146749143,0.07985936406469017,synthetic land-use allocation; not a verified utility asset
SYN-1042,411638053,retail,19.7995612,45.2448572,426.56587146749143,0.07985936406469017,synthetic land-use allocation; not a verified utility asset
SYN-1043,411638053,retail,19.7991621,45.2449459,426.56587146749143,0.07985936406469017,synthetic land-use allocation; not a verified utility asset
SYN-1044,411638053,retail,19.7970716,45.2448079,426.56587146749143,0.07985936406469017,synthetic land-use allocation; not a verified utility asset
SYN-1045,411638055,retail,19.8020528,45.2462318,477.3861033716683,0.0893736540558831,synthetic land-use allocation; not a verified utility asset
SYN-1046,411638055,retail,19.801717,45.2456216,477.3861033716683,0.0893736540558831,synthetic land-use allocation; not a verified utility asset
SYN-1047,469046138,commercial,19.792353,45.2425439,29.874820473812246,0.005593002919754803,synthetic land-use allocation; not a verified utility asset
SYN-1048,635535683,residential,19.8206313,45.2583875,328.6423815009424,0.06152665589743671,synthetic land-use allocation; not a verified utility asset
SYN-1049,637327576,industrial,19.8727743,45.2887828,447.8573145797738,0.083845433323154,synthetic land-use allocation; not a verified utility asset
SYN-1050,637327576,industrial,19.8724112,45.2876654,447.8573145797738,0.083845433323154,synthetic land-use allocation; not a verified utility asset
SYN-1051,637327576,industrial,19.8733072,45.2897209,447.8573145797738,0.083845433323154,synthetic land-use allocation; not a verified utility asset
SYN-1052,637327576,industrial,19.8734567,45.2880594,447.8573145797738,0.083845433323154,synthetic land-use allocation; not a verified utility asset
SYN-1053,637327576,industrial,19.8741107,45.288272,447.8573145797738,0.083845433323154,synthetic land-use allocation; not a verified utility asset
SYN-1054,637327576,industrial,19.8735797,45.2886637,447.8573145797738,0.083845433323154,synthetic land-use allocation; not a verified utility asset
SYN-1055,637327576,industrial,19.8741088,45.2879009,447.8573145797738,0.083845433323154,synthetic land-use allocation; not a verified utility asset
SYN-1056,637327576,industrial,19.8729807,45.288389,447.8573145797738,0.083845433323154,synthetic land-use allocation; not a verified utility asset
SYN-1057,637327576,industrial,19.8736514,45.2896585,447.8573145797738,0.083845433323154,synthetic land-use allocation; not a verified utility asset
SYN-1058,637327576,industrial,19.8718906,45.2885088,447.8573145797738,0.083845433323154,synthetic land-use allocation; not a verified utility asset
SYN-1059,637327665,commercial,19.8568615,45.2981127,427.76755188012964,0.08008433619673659,synthetic land-use allocation; not a verified utility asset
SYN-1060,637327665,commercial,19.858911,45.2988852,427.76755188012964,0.08008433619673659,synthetic land-use allocation; not a verified utility asset
SYN-1061,637327665,commercial,19.8581221,45.2995636,427.76755188012964,0.08008433619673659,synthetic land-use allocation; not a verified utility asset
SYN-1062,637327665,commercial,19.8584599,45.2989805,427.76755188012964,0.08008433619673659,synthetic land-use allocation; not a verified utility asset
SYN-1063,637327665,commercial,19.8610434,45.296624,427.76755188012964,0.08008433619673659,synthetic land-use allocation; not a verified utility asset
SYN-1064,637327665,commercial,19.8590452,45.2989718,427.76755188012964,0.08008433619673659,synthetic land-use allocation; not a verified utility asset
SYN-1065,637327665,commercial,19.85754,45.2980014,427.76755188012964,0.08008433619673659,synthetic land-use allocation; not a verified utility asset
SYN-1066,637327665,commercial,19.8587794,45.2978122,427.76755188012964,0.08008433619673659,synthetic land-use allocation; not a verified utility asset
SYN-1067,637327665,commercial,19.8582033,45.2986784,427.76755188012964,0.08008433619673659,synthetic land-use allocation; not a verified utility asset
SYN-1068,637327665,commercial,19.8596637,45.2983301,427.76755188012964,0.08008433619673659,synthetic land-use allocation; not a verified utility asset
SYN-1069,637327665,commercial,19.8568781,45.298643,427.76755188012964,0.08008433619673659,synthetic land-use allocation; not a verified utility asset
SYN-1070,637327665,commercial,19.8595972,45.2972622,427.76755188012964,0.08008433619673659,synthetic land-use allocation; not a verified utility asset
SYN-1071,637327665,commercial,19.8611917,45.2978298,427.76755188012964,0.08008433619673659,synthetic land-use allocation; not a verified utility asset
SYN-1072,637327665,commercial,19.8608397,45.2971733,427.76755188012964,0.08008433619673659,synthetic land-use allocation; not a verified utility asset
SYN-1073,637327665,commercial,19.8615748,45.298196,427.76755188012964,0.08008433619673659,synthetic land-use allocation; not a verified utility asset
SYN-1074,637327665,commercial,19.8593704,45.2989803,427.76755188012964,0.08008433619673659,synthetic land-use allocation; not a verified utility asset
SYN-1075,668480142,industrial,19.8757137,45.2872555,424.8896645568338,0.07954555363849398,synthetic land-use allocation; not a verified utility asset
SYN-1076,668480142,industrial,19.8755598,45.2879078,424.8896645568338,0.07954555363849398,synthetic land-use allocation; not a verified utility asset
SYN-1077,668480142,industrial,19.8737165,45.2876379,424.8896645568338,0.07954555363849398,synthetic land-use allocation; not a verified utility asset
SYN-1078,668480142,industrial,19.8746416,45.2865874,424.8896645568338,0.07954555363849398,synthetic land-use allocation; not a verified utility asset
SYN-1079,668480142,industrial,19.8740876,45.2873481,424.8896645568338,0.07954555363849398,synthetic land-use allocation; not a verified utility asset
SYN-1080,668480142,industrial,19.876166,45.2865394,424.8896645568338,0.07954555363849398,synthetic land-use allocation; not a verified utility asset
SYN-1081,668480142,industrial,19.8736388,45.2874372,424.8896645568338,0.07954555363849398,synthetic land-use allocation; not a verified utility asset
SYN-1082,668480142,industrial,19.8768285,45.2867011,424.8896645568338,0.07954555363849398,synthetic land-use allocation; not a verified utility asset
SYN-1083,673397927,residential,19.7997367,45.2718775,465.0992532636318,0.08707337618177581,synthetic land-use allocation; not a verified utility asset
SYN-1084,673571350,residential,19.7853244,45.2565621,572.8506608079908,0.10724601412387043,synthetic land-use allocation; not a verified utility asset
SYN-1085,673571350,residential,19.7864034,45.2566096,572.8506608079908,0.10724601412387043,synthetic land-use allocation; not a verified utility asset
SYN-1086,673571351,residential,19.7845346,45.2530452,582.7569533289492,0.10910061683327357,synthetic land-use allocation; not a verified utility asset
SYN-1087,673571351,residential,19.7846045,45.253674,582.7569533289492,0.10910061683327357,synthetic land-use allocation; not a verified utility asset
SYN-1088,675770248,industrial,19.8556649,45.2619511,585.6459682073814,0.10964148263243213,synthetic land-use allocation; not a verified utility asset
SYN-1089,679204621,industrial,19.8124946,45.2488661,339.5833378740141,0.0635749627983314,synthetic land-use allocation; not a verified utility asset
SYN-1090,679204636,residential,19.8134088,45.2520059,415.32807810981933,0.0777554849429342,synthetic land-use allocation; not a verified utility asset
SYN-1091,679204636,residential,19.8145132,45.2502105,415.32807810981933,0.0777554849429342,synthetic land-use allocation; not a verified utility asset
SYN-1092,679204637,residential,19.812087,45.249382,195.9069331123197,0.03667664044568542,synthetic land-use allocation; not a verified utility asset
SYN-1093,679204637,residential,19.8117213,45.2487515,195.9069331123197,0.03667664044568542,synthetic land-use allocation; not a verified utility asset
SYN-1094,679204639,industrial,19.814363,45.2486762,604.3686405351077,0.11314664046547679,synthetic land-use allocation; not a verified utility asset
SYN-1095,679204640,industrial,19.812858,45.2487204,213.1554130276506,0.039905807918418607,synthetic land-use allocation; not a verified utility asset
SYN-1096,679204643,residential,19.8085219,45.2484012,122.87073244976546,0.023003196486029148,synthetic land-use allocation; not a verified utility asset
SYN-1097,679217016,residential,19.8186778,45.2507271,500.8192945248275,0.09376068984254761,synthetic land-use allocation; not a verified utility asset
SYN-1098,679217016,residential,19.8181516,45.2503433,500.8192945248275,0.09376068984254761,synthetic land-use allocation; not a verified utility asset
SYN-1099,679217016,residential,19.8181643,45.250157,500.8192945248275,0.09376068984254761,synthetic land-use allocation; not a verified utility asset
SYN-1100,679217016,residential,19.8178467,45.2503298,500.8192945248275,0.09376068984254761,synthetic land-use allocation; not a verified utility asset
SYN-1101,679217017,commercial,19.8239126,45.256434,459.04146845957723,0.08593927035087974,synthetic land-use allocation; not a verified utility asset
SYN-1102,679217017,commercial,19.8228181,45.2543819,459.04146845957723,0.08593927035087974,synthetic land-use allocation; not a verified utility asset
SYN-1103,679217017,commercial,19.8238683,45.254822,459.04146845957723,0.08593927035087974,synthetic land-use allocation; not a verified utility asset
SYN-1104,679217017,commercial,19.8214571,45.2544207,459.04146845957723,0.08593927035087974,synthetic land-use allocation; not a verified utility asset
SYN-1105,679217018,residential,19.8142297,45.2548678,457.89224782917415,0.08572411945660337,synthetic land-use allocation; not a verified utility asset
SYN-1106,679217018,residential,19.8130607,45.2548938,457.89224782917415,0.08572411945660337,synthetic land-use allocation; not a verified utility asset
SYN-1107,679217018,residential,19.8135572,45.2546968,457.89224782917415,0.08572411945660337,synthetic land-use allocation; not a verified utility asset
SYN-1108,679217018,residential,19.8174894,45.2574549,457.89224782917415,0.08572411945660337,synthetic land-use allocation; not a verified utility asset
SYN-1109,679217018,residential,19.8155385,45.254892,457.89224782917415,0.08572411945660337,synthetic land-use allocation; not a verified utility asset
SYN-1110,679217018,residential,19.81455,45.2556319,457.89224782917415,0.08572411945660337,synthetic land-use allocation; not a verified utility asset
SYN-1111,679217018,residential,19.8167692,45.2553198,457.89224782917415,0.08572411945660337,synthetic land-use allocation; not a verified utility asset
SYN-1112,679217018,residential,19.8133104,45.2560359,457.89224782917415,0.08572411945660337,synthetic land-use allocation; not a verified utility asset
SYN-1113,679217018,residential,19.813285,45.2548707,457.89224782917415,0.08572411945660337,synthetic land-use allocation; not a verified utility asset
SYN-1114,679217019,residential,19.8156886,45.2596169,431.13472728446567,0.0807147206331648,synthetic land-use allocation; not a verified utility asset
SYN-1115,679217019,residential,19.8139079,45.2588525,431.13472728446567,0.0807147206331648,synthetic land-use allocation; not a verified utility asset
SYN-1116,679217019,residential,19.8113742,45.2590259,431.13472728446567,0.0807147206331648,synthetic land-use allocation; not a verified utility asset
SYN-1117,679217019,residential,19.813214,45.2611475,431.13472728446567,0.0807147206331648,synthetic land-use allocation; not a verified utility asset
SYN-1118,679217019,residential,19.8127258,45.2590899,431.13472728446567,0.0807147206331648,synthetic land-use allocation; not a verified utility asset
SYN-1119,679217019,residential,19.8164771,45.2593013,431.13472728446567,0.0807147206331648,synthetic land-use allocation; not a verified utility asset
SYN-1120,679217019,residential,19.8141921,45.2571938,431.13472728446567,0.0807147206331648,synthetic land-use allocation; not a verified utility asset
SYN-1121,679217019,residential,19.8148924,45.2605431,431.13472728446567,0.0807147206331648,synthetic land-use allocation; not a verified utility asset
SYN-1122,679217019,residential,19.8152036,45.2589365,431.13472728446567,0.0807147206331648,synthetic land-use allocation; not a verified utility asset
SYN-1123,679217019,residential,19.8161773,45.2596568,431.13472728446567,0.0807147206331648,synthetic land-use allocation; not a verified utility asset
SYN-1124,679217019,residential,19.8100673,45.2596629,431.13472728446567,0.0807147206331648,synthetic land-use allocation; not a verified utility asset
SYN-1125,679217019,residential,19.8146292,45.2604114,431.13472728446567,0.0807147206331648,synthetic land-use allocation; not a verified utility asset
SYN-1126,679217019,residential,19.8153259,45.2595405,431.13472728446567,0.0807147206331648,synthetic land-use allocation; not a verified utility asset
SYN-1127,679217019,residential,19.8112023,45.2599488,431.13472728446567,0.0807147206331648,synthetic land-use allocation; not a verified utility asset
SYN-1128,679217019,residential,19.8120161,45.2601896,431.13472728446567,0.0807147206331648,synthetic land-use allocation; not a verified utility asset
SYN-1129,679217019,residential,19.8158342,45.2600968,431.13472728446567,0.0807147206331648,synthetic land-use allocation; not a verified utility asset
SYN-1130,679217019,residential,19.8119282,45.2575323,431.13472728446567,0.0807147206331648,synthetic land-use allocation; not a verified utility asset
SYN-1131,679217019,residential,19.8131995,45.2604408,431.13472728446567,0.0807147206331648,synthetic land-use allocation; not a verified utility asset
SYN-1132,679217019,residential,19.8167776,45.2576731,431.13472728446567,0.0807147206331648,synthetic land-use allocation; not a verified utility asset
SYN-1133,679217021,residential,19.8196966,45.2614698,457.7016192962927,0.08568843100980822,synthetic land-use allocation; not a verified utility asset
SYN-1134,679217021,residential,19.8174554,45.2630624,457.7016192962927,0.08568843100980822,synthetic land-use allocation; not a verified utility asset
SYN-1135,679217021,residential,19.8210404,45.2592993,457.7016192962927,0.08568843100980822,synthetic land-use allocation; not a verified utility asset
SYN-1136,679217021,residential,19.8187876,45.2613299,457.7016192962927,0.08568843100980822,synthetic land-use allocation; not a verified utility asset
SYN-1137,679217021,residential,19.8173503,45.2603653,457.7016192962927,0.08568843100980822,synthetic land-use allocation; not a verified utility asset
SYN-1138,679217021,residential,19.819935,45.2591054,457.7016192962927,0.08568843100980822,synthetic land-use allocation; not a verified utility asset
SYN-1139,679217021,residential,19.8210829,45.2596031,457.7016192962927,0.08568843100980822,synthetic land-use allocation; not a verified utility asset
SYN-1140,679217021,residential,19.8179365,45.2624434,457.7016192962927,0.08568843100980822,synthetic land-use allocation; not a verified utility asset
SYN-1141,679217021,residential,19.8181154,45.2599353,457.7016192962927,0.08568843100980822,synthetic land-use allocation; not a verified utility asset
SYN-1142,679217021,residential,19.8204445,45.2601383,457.7016192962927,0.08568843100980822,synthetic land-use allocation; not a verified utility asset
SYN-1143,679217021,residential,19.8154788,45.262204,457.7016192962927,0.08568843100980822,synthetic land-use allocation; not a verified utility asset
SYN-1144,679217022,residential,19.8122352,45.2627788,436.7830074071842,0.0817721612040847,synthetic land-use allocation; not a verified utility asset
SYN-1145,679217022,residential,19.8111408,45.2635696,436.7830074071842,0.0817721612040847,synthetic land-use allocation; not a verified utility asset
SYN-1146,679217022,residential,19.8103902,45.2652832,436.7830074071842,0.0817721612040847,synthetic land-use allocation; not a verified utility asset
SYN-1147,679217022,residential,19.8105308,45.2637168,436.7830074071842,0.0817721612040847,synthetic land-use allocation; not a verified utility asset
SYN-1148,679217022,residential,19.8134297,45.2639975,436.7830074071842,0.0817721612040847,synthetic land-use allocation; not a verified utility asset
SYN-1149,679217022,residential,19.8083908,45.265063,436.7830074071842,0.0817721612040847,synthetic land-use allocation; not a verified utility asset
SYN-1150,679217022,residential,19.8126685,45.2660188,436.7830074071842,0.0817721612040847,synthetic land-use allocation; not a verified utility asset
SYN-1151,679217022,residential,19.8107883,45.2648003,436.7830074071842,0.0817721612040847,synthetic land-use allocation; not a verified utility asset
SYN-1152,679217022,residential,19.8118435,45.2626359,436.7830074071842,0.0817721612040847,synthetic land-use allocation; not a verified utility asset
SYN-1153,679217022,residential,19.8146059,45.2653559,436.7830074071842,0.0817721612040847,synthetic land-use allocation; not a verified utility asset
SYN-1154,679217022,residential,19.8082841,45.2635398,436.7830074071842,0.0817721612040847,synthetic land-use allocation; not a verified utility asset
SYN-1155,679217022,residential,19.8108522,45.2638483,436.7830074071842,0.0817721612040847,synthetic land-use allocation; not a verified utility asset
SYN-1156,679217022,residential,19.8084938,45.2647348,436.7830074071842,0.0817721612040847,synthetic land-use allocation; not a verified utility asset
SYN-1157,679217022,residential,19.8123009,45.2631645,436.7830074071842,0.0817721612040847,synthetic land-use allocation; not a verified utility asset
SYN-1158,679217022,residential,19.8109234,45.2632536,436.7830074071842,0.0817721612040847,synthetic land-use allocation; not a verified utility asset
SYN-1159,679217022,residential,19.8074318,45.2641148,436.7830074071842,0.0817721612040847,synthetic land-use allocation; not a verified utility asset
SYN-1160,679217022,residential,19.8101275,45.2618953,436.7830074071842,0.0817721612040847,synthetic land-use allocation; not a verified utility asset
SYN-1161,679217022,residential,19.8136794,45.2652951,436.7830074071842,0.0817721612040847,synthetic land-use allocation; not a verified utility asset
SYN-1162,679217022,residential,19.8142564,45.2635381,436.7830074071842,0.0817721612040847,synthetic land-use allocation; not a verified utility asset
SYN-1163,679217022,residential,19.8095447,45.2608754,436.7830074071842,0.0817721612040847,synthetic land-use allocation; not a verified utility asset
SYN-1164,679217022,residential,19.8107736,45.2641515,436.7830074071842,0.0817721612040847,synthetic land-use allocation; not a verified utility asset
SYN-1165,679217022,residential,19.8106831,45.264598,436.7830074071842,0.0817721612040847,synthetic land-use allocation; not a verified utility asset
SYN-1166,679217022,residential,19.8138159,45.265451,436.7830074071842,0.0817721612040847,synthetic land-use allocation; not a verified utility asset
SYN-1167,679217023,residential,19.8070974,45.2661872,430.2576497418277,0.08055051890143806,synthetic land-use allocation; not a verified utility asset
SYN-1168,679217023,residential,19.8070156,45.2659899,430.2576497418277,0.08055051890143806,synthetic land-use allocation; not a verified utility asset
SYN-1169,679217023,residential,19.804421,45.267986,430.2576497418277,0.08055051890143806,synthetic land-use allocation; not a verified utility asset
SYN-1170,679217023,residential,19.8102134,45.2672245,430.2576497418277,0.08055051890143806,synthetic land-use allocation; not a verified utility asset
SYN-1171,679217023,residential,19.8086656,45.2687898,430.2576497418277,0.08055051890143806,synthetic land-use allocation; not a verified utility asset
SYN-1172,679217023,residential,19.8046644,45.2689878,430.2576497418277,0.08055051890143806,synthetic land-use allocation; not a verified utility asset
SYN-1173,679217023,residential,19.8059811,45.2701114,430.2576497418277,0.08055051890143806,synthetic land-use allocation; not a verified utility asset
SYN-1174,679217023,residential,19.8053525,45.2675084,430.2576497418277,0.08055051890143806,synthetic land-use allocation; not a verified utility asset
SYN-1175,679217023,residential,19.8106501,45.2671354,430.2576497418277,0.08055051890143806,synthetic land-use allocation; not a verified utility asset
SYN-1176,679217023,residential,19.8099505,45.2690468,430.2576497418277,0.08055051890143806,synthetic land-use allocation; not a verified utility asset
SYN-1177,679217023,residential,19.8072929,45.2703546,430.2576497418277,0.08055051890143806,synthetic land-use allocation; not a verified utility asset
SYN-1178,679217023,residential,19.804297,45.2701264,430.2576497418277,0.08055051890143806,synthetic land-use allocation; not a verified utility asset
SYN-1179,679217023,residential,19.8092217,45.2677037,430.2576497418277,0.08055051890143806,synthetic land-use allocation; not a verified utility asset
SYN-1180,679217023,residential,19.8062651,45.267553,430.2576497418277,0.08055051890143806,synthetic land-use allocation; not a verified utility asset
SYN-1181,679217023,residential,19.8067224,45.2693509,430.2576497418277,0.08055051890143806,synthetic land-use allocation; not a verified utility asset
SYN-1182,679217023,residential,19.8048807,45.2675426,430.2576497418277,0.08055051890143806,synthetic land-use allocation; not a verified utility asset
SYN-1183,679217023,residential,19.8068827,45.268092,430.2576497418277,0.08055051890143806,synthetic land-use allocation; not a verified utility asset
SYN-1184,679217023,residential,19.8060235,45.2674416,430.2576497418277,0.08055051890143806,synthetic land-use allocation; not a verified utility asset
SYN-1185,679217023,residential,19.8049674,45.2704578,430.2576497418277,0.08055051890143806,synthetic land-use allocation; not a verified utility asset
SYN-1186,679217023,residential,19.8084798,45.2701589,430.2576497418277,0.08055051890143806,synthetic land-use allocation; not a verified utility asset
SYN-1187,679217023,residential,19.8070445,45.2701761,430.2576497418277,0.08055051890143806,synthetic land-use allocation; not a verified utility asset
SYN-1188,699422159,residential,19.8216229,45.2423785,436.132206917542,0.08165032184301015,synthetic land-use allocation; not a verified utility asset
SYN-1189,699422159,residential,19.819963,45.2453595,436.132206917542,0.08165032184301015,synthetic land-use allocation; not a verified utility asset
SYN-1190,699422159,residential,19.8243765,45.2457066,436.132206917542,0.08165032184301015,synthetic land-use allocation; not a verified utility asset
SYN-1191,699422159,residential,19.8207712,45.2480885,436.132206917542,0.08165032184301015,synthetic land-use allocation; not a verified utility asset
SYN-1192,699422159,residential,19.8226168,45.2468523,436.132206917542,0.08165032184301015,synthetic land-use allocation; not a verified utility asset
SYN-1193,699422159,residential,19.8240183,45.2488312,436.132206917542,0.08165032184301015,synthetic land-use allocation; not a verified utility asset
SYN-1194,699422159,residential,19.8187782,45.2475345,436.132206917542,0.08165032184301015,synthetic land-use allocation; not a verified utility asset
SYN-1195,699422159,residential,19.8204726,45.2433135,436.132206917542,0.08165032184301015,synthetic land-use allocation; not a verified utility asset
SYN-1196,699422159,residential,19.8243901,45.2441913,436.132206917542,0.08165032184301015,synthetic land-use allocation; not a verified utility asset
SYN-1197,699422159,residential,19.8249069,45.2460116,436.132206917542,0.08165032184301015,synthetic land-use allocation; not a verified utility asset
SYN-1198,699422159,residential,19.8235282,45.2467046,436.132206917542,0.08165032184301015,synthetic land-use allocation; not a verified utility asset
SYN-1199,699422159,residential,19.8247673,45.2443739,436.132206917542,0.08165032184301015,synthetic land-use allocation; not a verified utility asset
SYN-1200,699422159,residential,19.8202259,45.2474258,436.132206917542,0.08165032184301015,synthetic land-use allocation; not a verified utility asset
SYN-1201,699422159,residential,19.8220799,45.2439918,436.132206917542,0.08165032184301015,synthetic land-use allocation; not a verified utility asset
SYN-1202,699422159,residential,19.8244432,45.2471521,436.132206917542,0.08165032184301015,synthetic land-use allocation; not a verified utility asset
SYN-1203,699422159,residential,19.8175191,45.2479584,436.132206917542,0.08165032184301015,synthetic land-use allocation; not a verified utility asset
SYN-1204,699422159,residential,19.8206734,45.2468307,436.132206917542,0.08165032184301015,synthetic land-use allocation; not a verified utility asset
SYN-1205,699422159,residential,19.8187309,45.2470879,436.132206917542,0.08165032184301015,synthetic land-use allocation; not a verified utility asset
SYN-1206,699422159,residential,19.8169589,45.2484282,436.132206917542,0.08165032184301015,synthetic land-use allocation; not a verified utility asset
SYN-1207,699422159,residential,19.8220499,45.2439253,436.132206917542,0.08165032184301015,synthetic land-use allocation; not a verified utility asset
SYN-1208,699422159,residential,19.8226807,45.2465966,436.132206917542,0.08165032184301015,synthetic land-use allocation; not a verified utility asset
SYN-1209,699422159,residential,19.8241368,45.2417645,436.132206917542,0.08165032184301015,synthetic land-use allocation; not a verified utility asset
SYN-1210,699422159,residential,19.8234254,45.2464137,436.132206917542,0.08165032184301015,synthetic land-use allocation; not a verified utility asset
SYN-1211,699422159,residential,19.8251879,45.2411791,436.132206917542,0.08165032184301015,synthetic land-use allocation; not a verified utility asset
SYN-1212,699422159,residential,19.8204191,45.2450013,436.132206917542,0.08165032184301015,synthetic land-use allocation; not a verified utility asset
SYN-1213,699422159,residential,19.8209736,45.2472154,436.132206917542,0.08165032184301015,synthetic land-use allocation; not a verified utility asset
SYN-1214,699422159,residential,19.822381,45.2473048,436.132206917542,0.08165032184301015,synthetic land-use allocation; not a verified utility asset
SYN-1215,699422159,residential,19.8246713,45.2481406,436.132206917542,0.08165032184301015,synthetic land-use allocation; not a verified utility asset
SYN-1216,699422159,residential,19.8193675,45.2489241,436.132206917542,0.08165032184301015,synthetic land-use allocation; not a verified utility asset
SYN-1217,699422159,residential,19.8250627,45.2431831,436.132206917542,0.08165032184301015,synthetic land-use allocation; not a verified utility asset
SYN-1218,699422159,residential,19.8185623,45.2462329,436.132206917542,0.08165032184301015,synthetic land-use allocation; not a verified utility asset
SYN-1219,699422160,residential,19.8274016,45.2483674,475.9087592429686,0.08909707364822698,synthetic land-use allocation; not a verified utility asset
SYN-1220,699422160,residential,19.8270221,45.2487301,475.9087592429686,0.08909707364822698,synthetic land-use allocation; not a verified utility asset
SYN-1221,699422160,residential,19.8273704,45.2474662,475.9087592429686,0.08909707364822698,synthetic land-use allocation; not a verified utility asset
SYN-1222,699422160,residential,19.825898,45.2455413,475.9087592429686,0.08909707364822698,synthetic land-use allocation; not a verified utility asset
SYN-1223,699422160,residential,19.8258404,45.2456157,475.9087592429686,0.08909707364822698,synthetic land-use allocation; not a verified utility asset
SYN-1224,699422161,residential,19.8321459,45.2453838,439.07895389384527,0.08220199593446417,synthetic land-use allocation; not a verified utility asset
SYN-1225,699422161,residential,19.8302494,45.2433019,439.07895389384527,0.08220199593446417,synthetic land-use allocation; not a verified utility asset
SYN-1226,699422161,residential,19.8278547,45.2427969,439.07895389384527,0.08220199593446417,synthetic land-use allocation; not a verified utility asset
SYN-1227,699422161,residential,19.8261485,45.2424634,439.07895389384527,0.08220199593446417,synthetic land-use allocation; not a verified utility asset
SYN-1228,699422161,residential,19.8274467,45.242305,439.07895389384527,0.08220199593446417,synthetic land-use allocation; not a verified utility asset
SYN-1229,699422161,residential,19.8306361,45.2438113,439.07895389384527,0.08220199593446417,synthetic land-use allocation; not a verified utility asset
SYN-1230,699422161,residential,19.8334461,45.2422262,439.07895389384527,0.08220199593446417,synthetic land-use allocation; not a verified utility asset
SYN-1231,699422161,residential,19.8289342,45.2458594,439.07895389384527,0.08220199593446417,synthetic land-use allocation; not a verified utility asset
SYN-1232,699422161,residential,19.8298148,45.245998,439.07895389384527,0.08220199593446417,synthetic land-use allocation; not a verified utility asset
SYN-1233,699422161,residential,19.8277625,45.2411251,439.07895389384527,0.08220199593446417,synthetic land-use allocation; not a verified utility asset
SYN-1234,699422161,residential,19.8265122,45.2408446,439.07895389384527,0.08220199593446417,synthetic land-use allocation; not a verified utility asset
SYN-1235,699422161,residential,19.8301781,45.2461432,439.07895389384527,0.08220199593446417,synthetic land-use allocation; not a verified utility asset
SYN-1236,699422161,residential,19.8268413,45.2421506,439.07895389384527,0.08220199593446417,synthetic land-use allocation; not a verified utility asset
SYN-1237,699422161,residential,19.8274187,45.2424255,439.07895389384527,0.08220199593446417,synthetic land-use allocation; not a verified utility asset
SYN-1238,699422161,residential,19.8311761,45.2442945,439.07895389384527,0.08220199593446417,synthetic land-use allocation; not a verified utility asset
SYN-1239,699422161,residential,19.8303804,45.2415868,439.07895389384527,0.08220199593446417,synthetic land-use allocation; not a verified utility asset
SYN-1240,699422161,residential,19.8267565,45.2421872,439.07895389384527,0.08220199593446417,synthetic land-use allocation; not a verified utility asset
SYN-1241,699422161,residential,19.8312782,45.2437565,439.07895389384527,0.08220199593446417,synthetic land-use allocation; not a verified utility asset
SYN-1242,699422161,residential,19.8294092,45.2426512,439.07895389384527,0.08220199593446417,synthetic land-use allocation; not a verified utility asset
SYN-1243,699422161,residential,19.8352308,45.2430875,439.07895389384527,0.08220199593446417,synthetic land-use allocation; not a verified utility asset
SYN-1244,699422161,residential,19.8257419,45.2411062,439.07895389384527,0.08220199593446417,synthetic land-use allocation; not a verified utility asset
SYN-1245,722226244,industrial,19.8878016,45.2638398,194.77339668425168,0.03646442586326173,synthetic land-use allocation; not a verified utility asset
SYN-1246,722226249,industrial,19.8834755,45.2671055,442.4584971007717,0.08283469580425405,synthetic land-use allocation; not a verified utility asset
SYN-1247,722226249,industrial,19.8828572,45.2674546,442.4584971007717,0.08283469580425405,synthetic land-use allocation; not a verified utility asset
SYN-1248,722226249,industrial,19.8885764,45.2681858,442.4584971007717,0.08283469580425405,synthetic land-use allocation; not a verified utility asset
SYN-1249,722226249,industrial,19.8824117,45.2682505,442.4584971007717,0.08283469580425405,synthetic land-use allocation; not a verified utility asset
SYN-1250,722226249,industrial,19.8833268,45.2690399,442.4584971007717,0.08283469580425405,synthetic land-use allocation; not a verified utility asset
SYN-1251,722226249,industrial,19.8834581,45.269719,442.4584971007717,0.08283469580425405,synthetic land-use allocation; not a verified utility asset
SYN-1252,722226249,industrial,19.8810429,45.2693334,442.4584971007717,0.08283469580425405,synthetic land-use allocation; not a verified utility asset
SYN-1253,722226249,industrial,19.8845275,45.2686431,442.4584971007717,0.08283469580425405,synthetic land-use allocation; not a verified utility asset
SYN-1254,722226249,industrial,19.8872935,45.2665205,442.4584971007717,0.08283469580425405,synthetic land-use allocation; not a verified utility asset
SYN-1255,722226249,industrial,19.8850787,45.2696557,442.4584971007717,0.08283469580425405,synthetic land-use allocation; not a verified utility asset
SYN-1256,722226249,industrial,19.8813058,45.2680137,442.4584971007717,0.08283469580425405,synthetic land-use allocation; not a verified utility asset
SYN-1257,722226249,industrial,19.8869551,45.2692339,442.4584971007717,0.08283469580425405,synthetic land-use allocation; not a verified utility asset
SYN-1258,722226249,industrial,19.8819078,45.2699059,442.4584971007717,0.08283469580425405,synthetic land-use allocation; not a verified utility asset
SYN-1259,722226249,industrial,19.8873722,45.2690698,442.4584971007717,0.08283469580425405,synthetic land-use allocation; not a verified utility asset
SYN-1260,722226249,industrial,19.8853214,45.267483,442.4584971007717,0.08283469580425405,synthetic land-use allocation; not a verified utility asset
SYN-1261,722226249,industrial,19.8852563,45.2669698,442.4584971007717,0.08283469580425405,synthetic land-use allocation; not a verified utility asset
SYN-1262,722226249,industrial,19.8887563,45.2686736,442.4584971007717,0.08283469580425405,synthetic land-use allocation; not a verified utility asset
SYN-1263,722226249,industrial,19.8834331,45.270154,442.4584971007717,0.08283469580425405,synthetic land-use allocation; not a verified utility asset
SYN-1264,722226249,industrial,19.8864843,45.2681787,442.4584971007717,0.08283469580425405,synthetic land-use allocation; not a verified utility asset
SYN-1265,722226249,industrial,19.8840974,45.2669361,442.4584971007717,0.08283469580425405,synthetic land-use allocation; not a verified utility asset
SYN-1266,722226249,industrial,19.8878037,45.2693106,442.4584971007717,0.08283469580425405,synthetic land-use allocation; not a verified utility asset
SYN-1267,722226249,industrial,19.8859853,45.2679434,442.4584971007717,0.08283469580425405,synthetic land-use allocation; not a verified utility asset
SYN-1268,722226249,industrial,19.8857501,45.2667195,442.4584971007717,0.08283469580425405,synthetic land-use allocation; not a verified utility asset
SYN-1269,722226249,industrial,19.8878351,45.2678423,442.4584971007717,0.08283469580425405,synthetic land-use allocation; not a verified utility asset
SYN-1270,722226249,industrial,19.8878124,45.2683658,442.4584971007717,0.08283469580425405,synthetic land-use allocation; not a verified utility asset
SYN-1271,722226249,industrial,19.8835163,45.2674702,442.4584971007717,0.08283469580425405,synthetic land-use allocation; not a verified utility asset
SYN-1272,722226249,industrial,19.8850571,45.2667622,442.4584971007717,0.08283469580425405,synthetic land-use allocation; not a verified utility asset
SYN-1273,746901737,commercial,19.7934557,45.2435515,268.57289048655997,0.05028076945182173,synthetic land-use allocation; not a verified utility asset
SYN-1274,747134225,commercial,19.7932488,45.243323,62.56433670592629,0.011712958013438255,synthetic land-use allocation; not a verified utility asset
SYN-1275,749459183,commercial,19.7961558,45.2430464,256.87227856826394,0.04809024393287133,synthetic land-use allocation; not a verified utility asset
SYN-1276,750723925,residential,19.8237706,45.2615193,444.7956774125525,0.08327225010919932,synthetic land-use allocation; not a verified utility asset
SYN-1277,750723925,residential,19.8268155,45.2615787,444.7956774125525,0.08327225010919932,synthetic land-use allocation; not a verified utility asset
SYN-1278,750723925,residential,19.8233464,45.2634246,444.7956774125525,0.08327225010919932,synthetic land-use allocation; not a verified utility asset
SYN-1279,750723925,residential,19.829979,45.2619145,444.7956774125525,0.08327225010919932,synthetic land-use allocation; not a verified utility asset
SYN-1280,750723925,residential,19.8236268,45.2626798,444.7956774125525,0.08327225010919932,synthetic land-use allocation; not a verified utility asset
SYN-1281,750723925,residential,19.8232582,45.2619509,444.7956774125525,0.08327225010919932,synthetic land-use allocation; not a verified utility asset
SYN-1282,750723925,residential,19.8207358,45.2631142,444.7956774125525,0.08327225010919932,synthetic land-use allocation; not a verified utility asset
SYN-1283,750723925,residential,19.8255529,45.2632539,444.7956774125525,0.08327225010919932,synthetic land-use allocation; not a verified utility asset
SYN-1284,750723925,residential,19.8257225,45.2621156,444.7956774125525,0.08327225010919932,synthetic land-use allocation; not a verified utility asset
SYN-1285,750723925,residential,19.820665,45.2619589,444.7956774125525,0.08327225010919932,synthetic land-use allocation; not a verified utility asset
SYN-1286,750723925,residential,19.8306159,45.2615974,444.7956774125525,0.08327225010919932,synthetic land-use allocation; not a verified utility asset
SYN-1287,750723925,residential,19.8312694,45.2613873,444.7956774125525,0.08327225010919932,synthetic land-use allocation; not a verified utility asset
SYN-1288,750723925,residential,19.8266604,45.2624805,444.7956774125525,0.08327225010919932,synthetic land-use allocation; not a verified utility asset
SYN-1289,750723925,residential,19.8300333,45.2612058,444.7956774125525,0.08327225010919932,synthetic land-use allocation; not a verified utility asset
SYN-1290,750723925,residential,19.8217055,45.263052,444.7956774125525,0.08327225010919932,synthetic land-use allocation; not a verified utility asset
SYN-1291,750723925,residential,19.8301284,45.2609569,444.7956774125525,0.08327225010919932,synthetic land-use allocation; not a verified utility asset
SYN-1292,750723925,residential,19.8277708,45.262596,444.7956774125525,0.08327225010919932,synthetic land-use allocation; not a verified utility asset
SYN-1293,750723925,residential,19.8264472,45.260466,444.7956774125525,0.08327225010919932,synthetic land-use allocation; not a verified utility asset
SYN-1294,750723925,residential,19.827689,45.2632242,444.7956774125525,0.08327225010919932,synthetic land-use allocation; not a verified utility asset
SYN-1295,750723925,residential,19.8251513,45.2628166,444.7956774125525,0.08327225010919932,synthetic land-use allocation; not a verified utility asset
SYN-1296,750723925,residential,19.8232518,45.2603402,444.7956774125525,0.08327225010919932,synthetic land-use allocation; not a verified utility asset
SYN-1297,750723925,residential,19.8224226,45.2600399,444.7956774125525,0.08327225010919932,synthetic land-use allocation; not a verified utility asset
SYN-1298,750723925,residential,19.8291445,45.2608681,444.7956774125525,0.08327225010919932,synthetic land-use allocation; not a verified utility asset
SYN-1299,750723926,residential,19.8193279,45.2638216,410.59777924828063,0.07686990387753198,synthetic land-use allocation; not a verified utility asset
SYN-1300,750723926,residential,19.8197781,45.2641393,410.59777924828063,0.07686990387753198,synthetic land-use allocation; not a verified utility asset
SYN-1301,750723927,retail,19.8199249,45.2645513,693.7683512221131,0.12988357260322664,synthetic land-use allocation; not a verified utility asset
SYN-1302,750737884,residential,19.833321,45.2613003,442.8011293503443,0.08289884156787268,synthetic land-use allocation; not a verified utility asset
SYN-1303,750737884,residential,19.8349325,45.2636917,442.8011293503443,0.08289884156787268,synthetic land-use allocation; not a verified utility asset
SYN-1304,750737884,residential,19.8335974,45.2631065,442.8011293503443,0.08289884156787268,synthetic land-use allocation; not a verified utility asset
SYN-1305,750737884,residential,19.8350354,45.2650335,442.8011293503443,0.08289884156787268,synthetic land-use allocation; not a verified utility asset
SYN-1306,750737884,residential,19.8332588,45.2627034,442.8011293503443,0.08289884156787268,synthetic land-use allocation; not a verified utility asset
SYN-1307,750737884,residential,19.8333611,45.2647995,442.8011293503443,0.08289884156787268,synthetic land-use allocation; not a verified utility asset
SYN-1308,750737884,residential,19.8329947,45.2622528,442.8011293503443,0.08289884156787268,synthetic land-use allocation; not a verified utility asset
SYN-1309,750737884,residential,19.8348683,45.2630348,442.8011293503443,0.08289884156787268,synthetic land-use allocation; not a verified utility asset
SYN-1310,750737884,residential,19.8368816,45.2635813,442.8011293503443,0.08289884156787268,synthetic land-use allocation; not a verified utility asset
SYN-1311,750737884,residential,19.8349306,45.2652296,442.8011293503443,0.08289884156787268,synthetic land-use allocation; not a verified utility asset
SYN-1312,750737884,residential,19.8339887,45.2619012,442.8011293503443,0.08289884156787268,synthetic land-use allocation; not a verified utility asset
SYN-1313,750737884,residential,19.8353214,45.2623063,442.8011293503443,0.08289884156787268,synthetic land-use allocation; not a verified utility asset
SYN-1314,750737884,residential,19.835433,45.2650272,442.8011293503443,0.08289884156787268,synthetic land-use allocation; not a verified utility asset
SYN-1315,750737884,residential,19.8348947,45.262683,442.8011293503443,0.08289884156787268,synthetic land-use allocation; not a verified utility asset
SYN-1316,750737885,residential,19.8431301,45.2648847,440.90533111022364,0.08254392043616059,synthetic land-use allocation; not a verified utility asset
SYN-1317,750737885,residential,19.8410314,45.2642415,440.90533111022364,0.08254392043616059,synthetic land-use allocation; not a verified utility asset
SYN-1318,750737885,residential,19.8373429,45.2662702,440.90533111022364,0.08254392043616059,synthetic land-use allocation; not a verified utility asset
SYN-1319,750737885,residential,19.8371893,45.264879,440.90533111022364,0.08254392043616059,synthetic land-use allocation; not a verified utility asset
SYN-1320,750737885,residential,19.8421975,45.2614107,440.90533111022364,0.08254392043616059,synthetic land-use allocation; not a verified utility asset
SYN-1321,750737885,residential,19.838805,45.2643724,440.90533111022364,0.08254392043616059,synthetic land-use allocation; not a verified utility asset
SYN-1322,750737885,residential,19.8422862,45.2680834,440.90533111022364,0.08254392043616059,synthetic land-use allocation; not a verified utility asset
SYN-1323,750737885,residential,19.8404013,45.2678789,440.90533111022364,0.08254392043616059,synthetic land-use allocation; not a verified utility asset
SYN-1324,750737885,residential,19.8424201,45.2620662,440.90533111022364,0.08254392043616059,synthetic land-use allocation; not a verified utility asset
SYN-1325,750737885,residential,19.8371639,45.2654874,440.90533111022364,0.08254392043616059,synthetic land-use allocation; not a verified utility asset
SYN-1326,750737885,residential,19.8436562,45.2648151,440.90533111022364,0.08254392043616059,synthetic land-use allocation; not a verified utility asset
SYN-1327,750737885,residential,19.8373598,45.2654894,440.90533111022364,0.08254392043616059,synthetic land-use allocation; not a verified utility asset
SYN-1328,750737885,residential,19.8412715,45.2619623,440.90533111022364,0.08254392043616059,synthetic land-use allocation; not a verified utility asset
SYN-1329,750737885,residential,19.8421547,45.2612128,440.90533111022364,0.08254392043616059,synthetic land-use allocation; not a verified utility asset
SYN-1330,750737885,residential,19.8397327,45.2636207,440.90533111022364,0.08254392043616059,synthetic land-use allocation; not a verified utility asset
SYN-1331,750737885,residential,19.8390328,45.2636991,440.90533111022364,0.08254392043616059,synthetic land-use allocation; not a verified utility asset
SYN-1332,750737885,residential,19.8399594,45.2662077,440.90533111022364,0.08254392043616059,synthetic land-use allocation; not a verified utility asset
SYN-1333,750737885,residential,19.8430844,45.2612339,440.90533111022364,0.08254392043616059,synthetic land-use allocation; not a verified utility asset
SYN-1334,750737885,residential,19.8420494,45.2629063,440.90533111022364,0.08254392043616059,synthetic land-use allocation; not a verified utility asset
SYN-1335,750737885,residential,19.8428267,45.2660662,440.90533111022364,0.08254392043616059,synthetic land-use allocation; not a verified utility asset
SYN-1336,750737885,residential,19.8400867,45.26745,440.90533111022364,0.08254392043616059,synthetic land-use allocation; not a verified utility asset
SYN-1337,750737885,residential,19.8417277,45.2663589,440.90533111022364,0.08254392043616059,synthetic land-use allocation; not a verified utility asset
SYN-1338,750737885,residential,19.8422046,45.2674855,440.90533111022364,0.08254392043616059,synthetic land-use allocation; not a verified utility asset
SYN-1339,750737886,residential,19.8349447,45.2676069,470.1203852959124,0.08801340546635802,synthetic land-use allocation; not a verified utility asset
SYN-1340,750737886,residential,19.8407969,45.2684072,470.1203852959124,0.08801340546635802,synthetic land-use allocation; not a verified utility asset
SYN-1341,750737886,residential,19.8378413,45.2696736,470.1203852959124,0.08801340546635802,synthetic land-use allocation; not a verified utility asset
SYN-1342,750737886,residential,19.8416577,45.2690059,470.1203852959124,0.08801340546635802,synthetic land-use allocation; not a verified utility asset
SYN-1343,750737886,residential,19.8373671,45.2679667,470.1203852959124,0.08801340546635802,synthetic land-use allocation; not a verified utility asset
SYN-1344,750737886,residential,19.8354199,45.2679364,470.1203852959124,0.08801340546635802,synthetic land-use allocation; not a verified utility asset
SYN-1345,750737886,residential,19.8343101,45.2676187,470.1203852959124,0.08801340546635802,synthetic land-use allocation; not a verified utility asset
SYN-1346,750737886,residential,19.8394896,45.2690738,470.1203852959124,0.08801340546635802,synthetic land-use allocation; not a verified utility asset
SYN-1347,750737887,residential,19.8443195,45.2695436,280.8007305629932,0.05256999978576584,synthetic land-use allocation; not a verified utility asset
SYN-1348,750737889,residential,19.8487255,45.261872,441.3918726702215,0.08263500812547525,synthetic land-use allocation; not a verified utility asset
SYN-1349,750737889,residential,19.8440268,45.2651443,441.3918726702215,0.08263500812547525,synthetic land-use allocation; not a verified utility asset
SYN-1350,750737889,residential,19.8503025,45.2635011,441.3918726702215,0.08263500812547525,synthetic land-use allocation; not a verified utility asset
SYN-1351,750737889,residential,19.8495792,45.2621853,441.3918726702215,0.08263500812547525,synthetic land-use allocation; not a verified utility asset
SYN-1352,750737889,residential,19.8463875,45.2666813,441.3918726702215,0.08263500812547525,synthetic land-use allocation; not a verified utility asset
SYN-1353,750737889,residential,19.8489852,45.2616124,441.3918726702215,0.08263500812547525,synthetic land-use allocation; not a verified utility asset
SYN-1354,750737889,residential,19.8498876,45.2626507,441.3918726702215,0.08263500812547525,synthetic land-use allocation; not a verified utility asset
SYN-1355,750737889,residential,19.8505125,45.2658372,441.3918726702215,0.08263500812547525,synthetic land-use allocation; not a verified utility asset
SYN-1356,750737889,residential,19.8467032,45.2649181,441.3918726702215,0.08263500812547525,synthetic land-use allocation; not a verified utility asset
SYN-1357,750737889,residential,19.8467035,45.2589655,441.3918726702215,0.08263500812547525,synthetic land-use allocation; not a verified utility asset
SYN-1358,750737889,residential,19.8491539,45.2599447,441.3918726702215,0.08263500812547525,synthetic land-use allocation; not a verified utility asset
SYN-1359,750737889,residential,19.8461503,45.2587369,441.3918726702215,0.08263500812547525,synthetic land-use allocation; not a verified utility asset
SYN-1360,750737889,residential,19.8472353,45.2651453,441.3918726702215,0.08263500812547525,synthetic land-use allocation; not a verified utility asset
SYN-1361,750737889,residential,19.8474178,45.2608325,441.3918726702215,0.08263500812547525,synthetic land-use allocation; not a verified utility asset
SYN-1362,750737889,residential,19.8453811,45.2640504,441.3918726702215,0.08263500812547525,synthetic land-use allocation; not a verified utility asset
SYN-1363,750737889,residential,19.8465918,45.2673985,441.3918726702215,0.08263500812547525,synthetic land-use allocation; not a verified utility asset
SYN-1364,750737889,residential,19.8492652,45.2611225,441.3918726702215,0.08263500812547525,synthetic land-use allocation; not a verified utility asset
SYN-1365,750737889,residential,19.849838,45.2620605,441.3918726702215,0.08263500812547525,synthetic land-use allocation; not a verified utility asset
SYN-1366,750737889,residential,19.8492525,45.2643185,441.3918726702215,0.08263500812547525,synthetic land-use allocation; not a verified utility asset
SYN-1367,750737889,residential,19.8446739,45.264271,441.3918726702215,0.08263500812547525,synthetic land-use allocation; not a verified utility asset
SYN-1368,750737889,residential,19.8475487,45.2622298,441.3918726702215,0.08263500812547525,synthetic land-use allocation; not a verified utility asset
SYN-1369,750737889,residential,19.8455514,45.2609564,441.3918726702215,0.08263500812547525,synthetic land-use allocation; not a verified utility asset
SYN-1370,750737889,residential,19.8463497,45.2608272,441.3918726702215,0.08263500812547525,synthetic land-use allocation; not a verified utility asset
SYN-1371,750737889,residential,19.844545,45.2660198,441.3918726702215,0.08263500812547525,synthetic land-use allocation; not a verified utility asset
SYN-1372,750737889,residential,19.846349,45.2646422,441.3918726702215,0.08263500812547525,synthetic land-use allocation; not a verified utility asset
SYN-1373,750737889,residential,19.846826,45.2627224,441.3918726702215,0.08263500812547525,synthetic land-use allocation; not a verified utility asset
SYN-1374,750737889,residential,19.8483105,45.2640942,441.3918726702215,0.08263500812547525,synthetic land-use allocation; not a verified utility asset
SYN-1375,750737889,residential,19.8458861,45.2645457,441.3918726702215,0.08263500812547525,synthetic land-use allocation; not a verified utility asset
SYN-1376,750737889,residential,19.8480274,45.2657577,441.3918726702215,0.08263500812547525,synthetic land-use allocation; not a verified utility asset
SYN-1377,750737889,residential,19.8474695,45.2669329,441.3918726702215,0.08263500812547525,synthetic land-use allocation; not a verified utility asset
SYN-1378,750737889,residential,19.8483658,45.2595899,441.3918726702215,0.08263500812547525,synthetic land-use allocation; not a verified utility asset
SYN-1379,750737889,residential,19.8454376,45.2636614,441.3918726702215,0.08263500812547525,synthetic land-use allocation; not a verified utility asset
SYN-1380,750737889,residential,19.8484422,45.2624862,441.3918726702215,0.08263500812547525,synthetic land-use allocation; not a verified utility asset
SYN-1381,750737889,residential,19.8457049,45.2623436,441.3918726702215,0.08263500812547525,synthetic land-use allocation; not a verified utility asset
SYN-1382,750737889,residential,19.8484274,45.2586531,441.3918726702215,0.08263500812547525,synthetic land-use allocation; not a verified utility asset
SYN-1383,750737889,residential,19.8473482,45.266738,441.3918726702215,0.08263500812547525,synthetic land-use allocation; not a verified utility asset
SYN-1384,750737890,residential,19.85099,45.2619233,184.7789574518031,0.03459332080147912,synthetic land-use allocation; not a verified utility asset
SYN-1385,750737891,residential,19.8529583,45.2587032,450.30642391693766,0.08430394237714357,synthetic land-use allocation; not a verified utility asset
SYN-1386,750737891,residential,19.8502432,45.2582891,450.30642391693766,0.08430394237714357,synthetic land-use allocation; not a verified utility asset
SYN-1387,750737891,residential,19.8537804,45.2593232,450.30642391693766,0.08430394237714357,synthetic land-use allocation; not a verified utility asset
SYN-1388,750737891,residential,19.8536808,45.2575032,450.30642391693766,0.08430394237714357,synthetic land-use allocation; not a verified utility asset
SYN-1389,750737891,residential,19.852259,45.2610307,450.30642391693766,0.08430394237714357,synthetic land-use allocation; not a verified utility asset
SYN-1390,750737891,residential,19.8508031,45.2589886,450.30642391693766,0.08430394237714357,synthetic land-use allocation; not a verified utility asset
SYN-1391,750737891,residential,19.8533131,45.2583964,450.30642391693766,0.08430394237714357,synthetic land-use allocation; not a verified utility asset
SYN-1392,750737891,residential,19.8530876,45.2602496,450.30642391693766,0.08430394237714357,synthetic land-use allocation; not a verified utility asset
SYN-1393,750737891,residential,19.850878,45.2578948,450.30642391693766,0.08430394237714357,synthetic land-use allocation; not a verified utility asset
SYN-1394,750737891,residential,19.8532617,45.2578912,450.30642391693766,0.08430394237714357,synthetic land-use allocation; not a verified utility asset
SYN-1395,750737891,residential,19.8493596,45.2582844,450.30642391693766,0.08430394237714357,synthetic land-use allocation; not a verified utility asset
SYN-1396,750737891,residential,19.8536522,45.2586556,450.30642391693766,0.08430394237714357,synthetic land-use allocation; not a verified utility asset
SYN-1397,750737891,residential,19.8536305,45.2612913,450.30642391693766,0.08430394237714357,synthetic land-use allocation; not a verified utility asset
SYN-1398,750737893,residential,19.8524639,45.263032,196.20530083445462,0.03673249924298008,synthetic land-use allocation; not a verified utility asset
SYN-1399,750740770,residential,19.8363343,45.2716819,453.1621259435231,0.08483857152367327,synthetic land-use allocation; not a verified utility asset
SYN-1400,750740770,residential,19.8342803,45.2712363,453.1621259435231,0.08483857152367327,synthetic land-use allocation; not a verified utility asset
SYN-1401,750740770,residential,19.8351833,45.2718175,453.1621259435231,0.08483857152367327,synthetic land-use allocation; not a verified utility asset
SYN-1402,750740770,residential,19.8357614,45.2718393,453.1621259435231,0.08483857152367327,synthetic land-use allocation; not a verified utility asset
SYN-1403,750740770,residential,19.8352332,45.2700819,453.1621259435231,0.08483857152367327,synthetic land-use allocation; not a verified utility asset
SYN-1404,750740770,residential,19.8394174,45.2714729,453.1621259435231,0.08483857152367327,synthetic land-use allocation; not a verified utility asset
SYN-1405,750740770,residential,19.8377049,45.2716289,453.1621259435231,0.08483857152367327,synthetic land-use allocation; not a verified utility asset
SYN-1406,750740770,residential,19.8385098,45.2714639,453.1621259435231,0.08483857152367327,synthetic land-use allocation; not a verified utility asset
SYN-1407,750740770,residential,19.8366425,45.2701113,453.1621259435231,0.08483857152367327,synthetic land-use allocation; not a verified utility asset
SYN-1408,750740770,residential,19.8394861,45.2720241,453.1621259435231,0.08483857152367327,synthetic land-use allocation; not a verified utility asset
SYN-1409,750740770,residential,19.833266,45.2715361,453.1621259435231,0.08483857152367327,synthetic land-use allocation; not a verified utility asset
SYN-1410,750740770,residential,19.8377204,45.2719965,453.1621259435231,0.08483857152367327,synthetic land-use allocation; not a verified utility asset
SYN-1411,750740771,residential,19.8345912,45.2756804,426.82483630638666,0.07990784606649247,synthetic land-use allocation; not a verified utility asset
SYN-1412,750740771,residential,19.8388506,45.274937,426.82483630638666,0.07990784606649247,synthetic land-use allocation; not a verified utility asset
SYN-1413,750740771,residential,19.8310726,45.2737903,426.82483630638666,0.07990784606649247,synthetic land-use allocation; not a verified utility asset
SYN-1414,750740771,residential,19.8340007,45.2755424,426.82483630638666,0.07990784606649247,synthetic land-use allocation; not a verified utility asset
SYN-1415,750740771,residential,19.8333875,45.2747908,426.82483630638666,0.07990784606649247,synthetic land-use allocation; not a verified utility asset
SYN-1416,750740771,residential,19.8365311,45.2751193,426.82483630638666,0.07990784606649247,synthetic land-use allocation; not a verified utility asset
SYN-1417,750740771,residential,19.8337372,45.2741009,426.82483630638666,0.07990784606649247,synthetic land-use allocation; not a verified utility asset
SYN-1418,750740771,residential,19.8332342,45.2760048,426.82483630638666,0.07990784606649247,synthetic land-use allocation; not a verified utility asset
SYN-1419,750740771,residential,19.8386895,45.2744371,426.82483630638666,0.07990784606649247,synthetic land-use allocation; not a verified utility asset
SYN-1420,750740771,residential,19.8332064,45.2758425,426.82483630638666,0.07990784606649247,synthetic land-use allocation; not a verified utility asset
SYN-1421,750740771,residential,19.8343262,45.275314,426.82483630638666,0.07990784606649247,synthetic land-use allocation; not a verified utility asset
SYN-1422,750740771,residential,19.8394843,45.2747935,426.82483630638666,0.07990784606649247,synthetic land-use allocation; not a verified utility asset
SYN-1423,750740771,residential,19.8347361,45.2749802,426.82483630638666,0.07990784606649247,synthetic land-use allocation; not a verified utility asset
SYN-1424,750742610,residential,19.828617,45.2921964,431.20057927111594,0.08072704908728653,synthetic land-use allocation; not a verified utility asset
SYN-1425,750742610,residential,19.8272158,45.284946,431.20057927111594,0.08072704908728653,synthetic land-use allocation; not a verified utility asset
SYN-1426,750742610,residential,19.8284788,45.290597,431.20057927111594,0.08072704908728653,synthetic land-use allocation; not a verified utility asset
SYN-1427,750742610,residential,19.8266344,45.2852891,431.20057927111594,0.08072704908728653,synthetic land-use allocation; not a verified utility asset
SYN-1428,750742610,residential,19.8305646,45.2860804,431.20057927111594,0.08072704908728653,synthetic land-use allocation; not a verified utility asset
SYN-1429,750742610,residential,19.8300461,45.2851499,431.20057927111594,0.08072704908728653,synthetic land-use allocation; not a verified utility asset
SYN-1430,750742610,residential,19.8265086,45.2850293,431.20057927111594,0.08072704908728653,synthetic land-use allocation; not a verified utility asset
SYN-1431,750742610,residential,19.8300762,45.2852929,431.20057927111594,0.08072704908728653,synthetic land-use allocation; not a verified utility asset
SYN-1432,750742610,residential,19.8281511,45.2906375,431.20057927111594,0.08072704908728653,synthetic land-use allocation; not a verified utility asset
SYN-1433,750742610,residential,19.8301329,45.2919317,431.20057927111594,0.08072704908728653,synthetic land-use allocation; not a verified utility asset
SYN-1434,750742610,residential,19.8289926,45.2871679,431.20057927111594,0.08072704908728653,synthetic land-use allocation; not a verified utility asset
SYN-1435,750742610,residential,19.8311049,45.2888842,431.20057927111594,0.08072704908728653,synthetic land-use allocation; not a verified utility asset
SYN-1436,750742610,residential,19.8263756,45.2877098,431.20057927111594,0.08072704908728653,synthetic land-use allocation; not a verified utility asset
SYN-1437,750742610,residential,19.8297933,45.2873671,431.20057927111594,0.08072704908728653,synthetic land-use allocation; not a verified utility asset
SYN-1438,750742610,residential,19.8318212,45.2878707,431.20057927111594,0.08072704908728653,synthetic land-use allocation; not a verified utility asset
SYN-1439,750742610,residential,19.8296022,45.2915582,431.20057927111594,0.08072704908728653,synthetic land-use allocation; not a verified utility asset
SYN-1440,750742610,residential,19.8329981,45.2850836,431.20057927111594,0.08072704908728653,synthetic land-use allocation; not a verified utility asset
SYN-1441,750742610,residential,19.828887,45.2894271,431.20057927111594,0.08072704908728653,synthetic land-use allocation; not a verified utility asset
SYN-1442,750742610,residential,19.830309,45.2931284,431.20057927111594,0.08072704908728653,synthetic land-use allocation; not a verified utility asset
SYN-1443,750742610,residential,19.8292123,45.2858381,431.20057927111594,0.08072704908728653,synthetic land-use allocation; not a verified utility asset
SYN-1444,750742610,residential,19.829816,45.2866892,431.20057927111594,0.08072704908728653,synthetic land-use allocation; not a verified utility asset
SYN-1445,750742610,residential,19.8265903,45.2851754,431.20057927111594,0.08072704908728653,synthetic land-use allocation; not a verified utility asset
SYN-1446,750742610,residential,19.8302942,45.2846557,431.20057927111594,0.08072704908728653,synthetic land-use allocation; not a verified utility asset
SYN-1447,750742610,residential,19.830099,45.290937,431.20057927111594,0.08072704908728653,synthetic land-use allocation; not a verified utility asset
SYN-1448,750742610,residential,19.826969,45.2919723,431.20057927111594,0.08072704908728653,synthetic land-use allocation; not a verified utility asset
SYN-1449,750742610,residential,19.8300077,45.285969,431.20057927111594,0.08072704908728653,synthetic land-use allocation; not a verified utility asset
SYN-1450,750742610,residential,19.8308468,45.2870175,431.20057927111594,0.08072704908728653,synthetic land-use allocation; not a verified utility asset
SYN-1451,750742610,residential,19.8308619,45.2871555,431.20057927111594,0.08072704908728653,synthetic land-use allocation; not a verified utility asset
SYN-1452,750742610,residential,19.8274553,45.2871492,431.20057927111594,0.08072704908728653,synthetic land-use allocation; not a verified utility asset
SYN-1453,750755204,residential,19.8281897,45.294626,717.3219006004689,0.13429314120830693,synthetic land-use allocation; not a verified utility asset
SYN-1454,750755205,residential,19.8272062,45.2934602,182.25716895161418,0.03412120514619261,synthetic land-use allocation; not a verified utility asset
SYN-1455,750755205,residential,19.8284296,45.2934003,182.25716895161418,0.03412120514619261,synthetic land-use allocation; not a verified utility asset
SYN-1456,750755206,residential,19.8254846,45.2928273,115.95244787055249,0.02170799252371074,synthetic land-use allocation; not a verified utility asset
SYN-1457,750755207,residential,19.8251506,45.3020994,435.7800265339569,0.08158438852918827,synthetic land-use allocation; not a verified utility asset
SYN-1458,750755207,residential,19.8262435,45.297867,435.7800265339569,0.08158438852918827,synthetic land-use allocation; not a verified utility asset
SYN-1459,750755207,residential,19.8290921,45.2947234,435.7800265339569,0.08158438852918827,synthetic land-use allocation; not a verified utility asset
SYN-1460,750755207,residential,19.8256207,45.3047418,435.7800265339569,0.08158438852918827,synthetic land-use allocation; not a verified utility asset
SYN-1461,750755207,residential,19.8285376,45.3049347,435.7800265339569,0.08158438852918827,synthetic land-use allocation; not a verified utility asset
SYN-1462,750755207,residential,19.8303631,45.2974267,435.7800265339569,0.08158438852918827,synthetic land-use allocation; not a verified utility asset
SYN-1463,750755207,residential,19.8248204,45.3027372,435.7800265339569,0.08158438852918827,synthetic land-use allocation; not a verified utility asset
SYN-1464,750755207,residential,19.822911,45.2983174,435.7800265339569,0.08158438852918827,synthetic land-use allocation; not a verified utility asset
SYN-1465,750755207,residential,19.8297069,45.2974341,435.7800265339569,0.08158438852918827,synthetic land-use allocation; not a verified utility asset
SYN-1466,750755207,residential,19.8269657,45.2986085,435.7800265339569,0.08158438852918827,synthetic land-use allocation; not a verified utility asset
SYN-1467,750755207,residential,19.8288069,45.302859,435.7800265339569,0.08158438852918827,synthetic land-use allocation; not a verified utility asset
SYN-1468,750755207,residential,19.8280928,45.2962592,435.7800265339569,0.08158438852918827,synthetic land-use allocation; not a verified utility asset
SYN-1469,750755207,residential,19.8272701,45.3047629,435.7800265339569,0.08158438852918827,synthetic land-use allocation; not a verified utility asset
SYN-1470,750755207,residential,19.8269764,45.3011477,435.7800265339569,0.08158438852918827,synthetic land-use allocation; not a verified utility asset
SYN-1471,750755207,residential,19.8232502,45.2963922,435.7800265339569,0.08158438852918827,synthetic land-use allocation; not a verified utility asset
SYN-1472,750755207,residential,19.8280928,45.3045881,435.7800265339569,0.08158438852918827,synthetic land-use allocation; not a verified utility asset
SYN-1473,750755207,residential,19.82673,45.2991938,435.7800265339569,0.08158438852918827,synthetic land-use allocation; not a verified utility asset
SYN-1474,750755207,residential,19.8265381,45.2985112,435.7800265339569,0.08158438852918827,synthetic land-use allocation; not a verified utility asset
SYN-1475,750755207,residential,19.8289483,45.3004279,435.7800265339569,0.08158438852918827,synthetic land-use allocation; not a verified utility asset
SYN-1476,750755207,residential,19.8264525,45.3010828,435.7800265339569,0.08158438852918827,synthetic land-use allocation; not a verified utility asset
SYN-1477,750755207,residential,19.8274006,45.2975819,435.7800265339569,0.08158438852918827,synthetic land-use allocation; not a verified utility asset
SYN-1478,750755207,residential,19.8293159,45.3001779,435.7800265339569,0.08158438852918827,synthetic land-use allocation; not a verified utility asset
SYN-1479,750755207,residential,19.8280534,45.3008589,435.7800265339569,0.08158438852918827,synthetic land-use allocation; not a verified utility asset
SYN-1480,750755207,residential,19.8248697,45.2998229,435.7800265339569,0.08158438852918827,synthetic land-use allocation; not a verified utility asset
SYN-1481,750755207,residential,19.828536,45.2964592,435.7800265339569,0.08158438852918827,synthetic land-use allocation; not a verified utility asset
SYN-1482,750755207,residential,19.8278955,45.3031538,435.7800265339569,0.08158438852918827,synthetic land-use allocation; not a verified utility asset
SYN-1483,750755207,residential,19.8295627,45.3020399,435.7800265339569,0.08158438852918827,synthetic land-use allocation; not a verified utility asset
SYN-1484,750755207,residential,19.8279296,45.3044652,435.7800265339569,0.08158438852918827,synthetic land-use allocation; not a verified utility asset
SYN-1485,750755207,residential,19.8234496,45.2961391,435.7800265339569,0.08158438852918827,synthetic land-use allocation; not a verified utility asset
SYN-1486,750755207,residential,19.8285845,45.2976595,435.7800265339569,0.08158438852918827,synthetic land-use allocation; not a verified utility asset
SYN-1487,750755207,residential,19.8298266,45.3022099,435.7800265339569,0.08158438852918827,synthetic land-use allocation; not a verified utility asset
SYN-1488,750755207,residential,19.8286734,45.2961689,435.7800265339569,0.08158438852918827,synthetic land-use allocation; not a verified utility asset
SYN-1489,750755207,residential,19.829353,45.2985454,435.7800265339569,0.08158438852918827,synthetic land-use allocation; not a verified utility asset
SYN-1490,750755207,residential,19.8247724,45.3015143,435.7800265339569,0.08158438852918827,synthetic land-use allocation; not a verified utility asset
SYN-1491,750755207,residential,19.8281916,45.3004712,435.7800265339569,0.08158438852918827,synthetic land-use allocation; not a verified utility asset
SYN-1492,750755207,residential,19.8283796,45.3004291,435.7800265339569,0.08158438852918827,synthetic land-use allocation; not a verified utility asset
SYN-1493,750755207,residential,19.8272027,45.299542,435.7800265339569,0.08158438852918827,synthetic land-use allocation; not a verified utility asset
SYN-1494,750755207,residential,19.8287267,45.2999272,435.7800265339569,0.08158438852918827,synthetic land-use allocation; not a verified utility asset
SYN-1495,750755207,residential,19.8247515,45.3026945,435.7800265339569,0.08158438852918827,synthetic land-use allocation; not a verified utility asset
SYN-1496,750755207,residential,19.8251063,45.3033634,435.7800265339569,0.08158438852918827,synthetic land-use allocation; not a verified utility asset
SYN-1497,750755207,residential,19.8298648,45.295793,435.7800265339569,0.08158438852918827,synthetic land-use allocation; not a verified utility asset
SYN-1498,750755207,residential,19.8261275,45.2998571,435.7800265339569,0.08158438852918827,synthetic land-use allocation; not a verified utility asset
SYN-1499,750766674,residential,19.8208975,45.2998086,449.99896238051974,0.08424638108493748,synthetic land-use allocation; not a verified utility asset
SYN-1500,750766674,residential,19.8209976,45.3011612,449.99896238051974,0.08424638108493748,synthetic land-use allocation; not a verified utility asset
SYN-1501,750766674,residential,19.8220188,45.2982553,449.99896238051974,0.08424638108493748,synthetic land-use allocation; not a verified utility asset
SYN-1502,750766674,residential,19.821639,45.2996711,449.99896238051974,0.08424638108493748,synthetic land-use allocation; not a verified utility asset
SYN-1503,750766674,residential,19.8189589,45.3021229,449.99896238051974,0.08424638108493748,synthetic land-use allocation; not a verified utility asset
SYN-1504,750766674,residential,19.8221688,45.2989342,449.99896238051974,0.08424638108493748,synthetic land-use allocation; not a verified utility asset
SYN-1505,750766674,residential,19.8211561,45.3019161,449.99896238051974,0.08424638108493748,synthetic land-use allocation; not a verified utility asset
SYN-1506,750766674,residential,19.8217563,45.3004577,449.99896238051974,0.08424638108493748,synthetic land-use allocation; not a verified utility asset
SYN-1507,750766674,residential,19.8208025,45.2993706,449.99896238051974,0.08424638108493748,synthetic land-use allocation; not a verified utility asset
SYN-1508,750766675,residential,19.8207974,45.3054441,475.55991439646544,0.08903176479568531,synthetic land-use allocation; not a verified utility asset
SYN-1509,750766675,residential,19.8210949,45.3056477,475.55991439646544,0.08903176479568531,synthetic land-use allocation; not a verified utility asset
SYN-1510,750766675,residential,19.8204587,45.304475,475.55991439646544,0.08903176479568531,synthetic land-use allocation; not a verified utility asset
SYN-1511,750766675,residential,19.820306,45.3055601,475.55991439646544,0.08903176479568531,synthetic land-use allocation; not a verified utility asset
SYN-1512,750782386,residential,19.8351271,45.3001826,440.10309245217326,0.08239372963716486,synthetic land-use allocation; not a verified utility asset
SYN-1513,750782386,residential,19.8328785,45.3009884,440.10309245217326,0.08239372963716486,synthetic land-use allocation; not a verified utility asset
SYN-1514,750782386,residential,19.832375,45.2979073,440.10309245217326,0.08239372963716486,synthetic land-use allocation; not a verified utility asset
SYN-1515,750782386,residential,19.8342367,45.2984205,440.10309245217326,0.08239372963716486,synthetic land-use allocation; not a verified utility asset
SYN-1516,750782386,residential,19.8316317,45.2997816,440.10309245217326,0.08239372963716486,synthetic land-use allocation; not a verified utility asset
SYN-1517,750782386,residential,19.8362548,45.2951631,440.10309245217326,0.08239372963716486,synthetic land-use allocation; not a verified utility asset
SYN-1518,750782386,residential,19.8324133,45.2969933,440.10309245217326,0.08239372963716486,synthetic land-use allocation; not a verified utility asset
SYN-1519,750782386,residential,19.8318331,45.2984032,440.10309245217326,0.08239372963716486,synthetic land-use allocation; not a verified utility asset
SYN-1520,750782386,residential,19.8348962,45.2993255,440.10309245217326,0.08239372963716486,synthetic land-use allocation; not a verified utility asset
SYN-1521,750782386,residential,19.8320071,45.2961516,440.10309245217326,0.08239372963716486,synthetic land-use allocation; not a verified utility asset
SYN-1522,750782386,residential,19.8322959,45.2976872,440.10309245217326,0.08239372963716486,synthetic land-use allocation; not a verified utility asset
SYN-1523,750782386,residential,19.8351038,45.2992281,440.10309245217326,0.08239372963716486,synthetic land-use allocation; not a verified utility asset
SYN-1524,750782386,residential,19.8324007,45.2984083,440.10309245217326,0.08239372963716486,synthetic land-use allocation; not a verified utility asset
SYN-1525,750782386,residential,19.8326437,45.2990002,440.10309245217326,0.08239372963716486,synthetic land-use allocation; not a verified utility asset
SYN-1526,750782386,residential,19.8315178,45.2991469,440.10309245217326,0.08239372963716486,synthetic land-use allocation; not a verified utility asset
SYN-1527,750782387,residential,19.8361617,45.2986762,134.53633339731405,0.0251871674396798,synthetic land-use allocation; not a verified utility asset
SYN-1528,750782391,industrial,19.8454157,45.2970507,487.6710172684145,0.09129914021920088,synthetic land-use allocation; not a verified utility asset
SYN-1529,750782391,industrial,19.8454962,45.297558,487.6710172684145,0.09129914021920088,synthetic land-use allocation; not a verified utility asset
SYN-1530,750782391,industrial,19.8440426,45.2968549,487.6710172684145,0.09129914021920088,synthetic land-use allocation; not a verified utility asset
SYN-1531,750794215,residential,19.826987,45.2584939,448.6113407038918,0.0839865980313222,synthetic land-use allocation; not a verified utility asset
SYN-1532,750794215,residential,19.8257585,45.2581769,448.6113407038918,0.0839865980313222,synthetic land-use allocation; not a verified utility asset
SYN-1533,750794215,residential,19.8294223,45.2570411,448.6113407038918,0.0839865980313222,synthetic land-use allocation; not a verified utility asset
SYN-1534,750794215,residential,19.830299,45.2570477,448.6113407038918,0.0839865980313222,synthetic land-use allocation; not a verified utility asset
SYN-1535,750794215,residential,19.8273092,45.256911,448.6113407038918,0.0839865980313222,synthetic land-use allocation; not a verified utility asset
SYN-1536,750794215,residential,19.8294501,45.2572968,448.6113407038918,0.0839865980313222,synthetic land-use allocation; not a verified utility asset
SYN-1537,750794215,residential,19.8281562,45.2552008,448.6113407038918,0.0839865980313222,synthetic land-use allocation; not a verified utility asset
SYN-1538,750794215,residential,19.8281599,45.2583277,448.6113407038918,0.0839865980313222,synthetic land-use allocation; not a verified utility asset
SYN-1539,750794215,residential,19.8276816,45.2581421,448.6113407038918,0.0839865980313222,synthetic land-use allocation; not a verified utility asset
SYN-1540,750794215,residential,19.8266192,45.2562969,448.6113407038918,0.0839865980313222,synthetic land-use allocation; not a verified utility asset
SYN-1541,750794215,residential,19.8272523,45.2579293,448.6113407038918,0.0839865980313222,synthetic land-use allocation; not a verified utility asset
SYN-1542,750794215,residential,19.8288153,45.2592399,448.6113407038918,0.0839865980313222,synthetic land-use allocation; not a verified utility asset
SYN-1543,750794216,residential,19.8305685,45.2536148,433.57576114557264,0.08117171784003871,synthetic land-use allocation; not a verified utility asset
SYN-1544,750794216,residential,19.8322776,45.2510388,433.57576114557264,0.08117171784003871,synthetic land-use allocation; not a verified utility asset
SYN-1545,750794216,residential,19.8324009,45.2514542,433.57576114557264,0.08117171784003871,synthetic land-use allocation; not a verified utility asset
SYN-1546,750794216,residential,19.8337428,45.2523035,433.57576114557264,0.08117171784003871,synthetic land-use allocation; not a verified utility asset
SYN-1547,750794216,residential,19.8323801,45.253538,433.57576114557264,0.08117171784003871,synthetic land-use allocation; not a verified utility asset
SYN-1548,750794216,residential,19.8345638,45.2541599,433.57576114557264,0.08117171784003871,synthetic land-use allocation; not a verified utility asset
SYN-1549,750794216,residential,19.8314063,45.2514164,433.57576114557264,0.08117171784003871,synthetic land-use allocation; not a verified utility asset
SYN-1550,750794216,residential,19.8330318,45.2540725,433.57576114557264,0.08117171784003871,synthetic land-use allocation; not a verified utility asset
SYN-1551,750794216,residential,19.832972,45.2544847,433.57576114557264,0.08117171784003871,synthetic land-use allocation; not a verified utility asset
SYN-1552,750794216,residential,19.8344868,45.2512896,433.57576114557264,0.08117171784003871,synthetic land-use allocation; not a verified utility asset
SYN-1553,750794216,residential,19.8313717,45.2532263,433.57576114557264,0.08117171784003871,synthetic land-use allocation; not a verified utility asset
SYN-1554,750794216,residential,19.8357258,45.2533353,433.57576114557264,0.08117171784003871,synthetic land-use allocation; not a verified utility asset
SYN-1555,750794216,residential,19.8292332,45.2519441,433.57576114557264,0.08117171784003871,synthetic land-use allocation; not a verified utility asset
SYN-1556,750794216,residential,19.8354444,45.2530289,433.57576114557264,0.08117171784003871,synthetic land-use allocation; not a verified utility asset
SYN-1557,750794216,residential,19.8332452,45.2515256,433.57576114557264,0.08117171784003871,synthetic land-use allocation; not a verified utility asset
SYN-1558,750794216,residential,19.8334729,45.2516859,433.57576114557264,0.08117171784003871,synthetic land-use allocation; not a verified utility asset
SYN-1559,750794216,residential,19.8294224,45.2523551,433.57576114557264,0.08117171784003871,synthetic land-use allocation; not a verified utility asset
SYN-1560,750794216,residential,19.8325069,45.2530392,433.57576114557264,0.08117171784003871,synthetic land-use allocation; not a verified utility asset
SYN-1561,750794216,residential,19.8295435,45.2506282,433.57576114557264,0.08117171784003871,synthetic land-use allocation; not a verified utility asset
SYN-1562,750794216,residential,19.8328634,45.2522291,433.57576114557264,0.08117171784003871,synthetic land-use allocation; not a verified utility asset
SYN-1563,750794216,residential,19.8325645,45.2528502,433.57576114557264,0.08117171784003871,synthetic land-use allocation; not a verified utility asset
SYN-1564,750794217,residential,19.8308701,45.259931,429.0039409157908,0.08031580629017086,synthetic land-use allocation; not a verified utility asset
SYN-1565,750794217,residential,19.832964,45.2588722,429.0039409157908,0.08031580629017086,synthetic land-use allocation; not a verified utility asset
SYN-1566,750794217,residential,19.8325274,45.2573611,429.0039409157908,0.08031580629017086,synthetic land-use allocation; not a verified utility asset
SYN-1567,750794217,residential,19.833185,45.2558836,429.0039409157908,0.08031580629017086,synthetic land-use allocation; not a verified utility asset
SYN-1568,750794217,residential,19.8324985,45.2554366,429.0039409157908,0.08031580629017086,synthetic land-use allocation; not a verified utility asset
SYN-1569,750794217,residential,19.8313615,45.2595417,429.0039409157908,0.08031580629017086,synthetic land-use allocation; not a verified utility asset
SYN-1570,750794217,residential,19.8305566,45.2591731,429.0039409157908,0.08031580629017086,synthetic land-use allocation; not a verified utility asset
SYN-1571,750805302,residential,19.8377799,45.2534964,446.62012710705085,0.08361381375063508,synthetic land-use allocation; not a verified utility asset
SYN-1572,750805302,residential,19.8401555,45.2535832,446.62012710705085,0.08361381375063508,synthetic land-use allocation; not a verified utility asset
SYN-1573,750805302,residential,19.8390251,45.2537438,446.62012710705085,0.08361381375063508,synthetic land-use allocation; not a verified utility asset
SYN-1574,750805302,residential,19.8382785,45.2532275,446.62012710705085,0.08361381375063508,synthetic land-use allocation; not a verified utility asset
SYN-1575,750805302,residential,19.8384928,45.2529075,446.62012710705085,0.08361381375063508,synthetic land-use allocation; not a verified utility asset
SYN-1576,750805303,residential,19.8388383,45.2562233,430.8517833328469,0.08066174939108092,synthetic land-use allocation; not a verified utility asset
SYN-1577,750805303,residential,19.8358495,45.2588615,430.8517833328469,0.08066174939108092,synthetic land-use allocation; not a verified utility asset
SYN-1578,750805303,residential,19.8360561,45.2578391,430.8517833328469,0.08066174939108092,synthetic land-use allocation; not a verified utility asset
SYN-1579,750805303,residential,19.8401615,45.2574766,430.8517833328469,0.08066174939108092,synthetic land-use allocation; not a verified utility asset
SYN-1580,750805303,residential,19.8345677,45.2577713,430.8517833328469,0.08066174939108092,synthetic land-use allocation; not a verified utility asset
SYN-1581,750805303,residential,19.8354707,45.2590572,430.8517833328469,0.08066174939108092,synthetic land-use allocation; not a verified utility asset
SYN-1582,750805303,residential,19.8344812,45.2589044,430.8517833328469,0.08066174939108092,synthetic land-use allocation; not a verified utility asset
SYN-1583,750805303,residential,19.8368517,45.2574817,430.8517833328469,0.08066174939108092,synthetic land-use allocation; not a verified utility asset
SYN-1584,750805303,residential,19.8398232,45.2554423,430.8517833328469,0.08066174939108092,synthetic land-use allocation; not a verified utility asset
SYN-1585,750805303,residential,19.8372229,45.2577202,430.8517833328469,0.08066174939108092,synthetic land-use allocation; not a verified utility asset
SYN-1586,750805303,residential,19.8391413,45.2571053,430.8517833328469,0.08066174939108092,synthetic land-use allocation; not a verified utility asset
SYN-1587,750805303,residential,19.8405772,45.2563004,430.8517833328469,0.08066174939108092,synthetic land-use allocation; not a verified utility asset
SYN-1588,750805303,residential,19.8326734,45.2604954,430.8517833328469,0.08066174939108092,synthetic land-use allocation; not a verified utility asset
SYN-1589,750805303,residential,19.8353593,45.258574,430.8517833328469,0.08066174939108092,synthetic land-use allocation; not a verified utility asset
SYN-1590,750805303,residential,19.8376744,45.2567682,430.8517833328469,0.08066174939108092,synthetic land-use allocation; not a verified utility asset
SYN-1591,750805303,residential,19.8401158,45.2583091,430.8517833328469,0.08066174939108092,synthetic land-use allocation; not a verified utility asset
SYN-1592,750805303,residential,19.8346943,45.2570605,430.8517833328469,0.08066174939108092,synthetic land-use allocation; not a verified utility asset
SYN-1593,750824335,residential,19.8442531,45.2500615,441.8946272744129,0.08272913113356588,synthetic land-use allocation; not a verified utility asset
SYN-1594,750824335,residential,19.8422424,45.2535359,441.8946272744129,0.08272913113356588,synthetic land-use allocation; not a verified utility asset
SYN-1595,750824335,residential,19.8415708,45.2502835,441.8946272744129,0.08272913113356588,synthetic land-use allocation; not a verified utility asset
SYN-1596,750824335,residential,19.8449516,45.2505082,441.8946272744129,0.08272913113356588,synthetic land-use allocation; not a verified utility asset
SYN-1597,750824335,residential,19.8397262,45.2489361,441.8946272744129,0.08272913113356588,synthetic land-use allocation; not a verified utility asset
SYN-1598,750824335,residential,19.8460003,45.2512362,441.8946272744129,0.08272913113356588,synthetic land-use allocation; not a verified utility asset
SYN-1599,750824335,residential,19.843948,45.2518257,441.8946272744129,0.08272913113356588,synthetic land-use allocation; not a verified utility asset
SYN-1600,750824335,residential,19.8399124,45.2486274,441.8946272744129,0.08272913113356588,synthetic land-use allocation; not a verified utility asset
SYN-1601,750824335,residential,19.8392913,45.2494875,441.8946272744129,0.08272913113356588,synthetic land-use allocation; not a verified utility asset
SYN-1602,750824335,residential,19.8383589,45.2516654,441.8946272744129,0.08272913113356588,synthetic land-use allocation; not a verified utility asset
SYN-1603,750824335,residential,19.8388288,45.2511019,441.8946272744129,0.08272913113356588,synthetic land-use allocation; not a verified utility asset
SYN-1604,750824335,residential,19.8458606,45.2517303,441.8946272744129,0.08272913113356588,synthetic land-use allocation; not a verified utility asset
SYN-1605,750824335,residential,19.8410883,45.2495621,441.8946272744129,0.08272913113356588,synthetic land-use allocation; not a verified utility asset
SYN-1606,750824335,residential,19.8416459,45.2517052,441.8946272744129,0.08272913113356588,synthetic land-use allocation; not a verified utility asset
SYN-1607,750824335,residential,19.8388479,45.2523146,441.8946272744129,0.08272913113356588,synthetic land-use allocation; not a verified utility asset
SYN-1608,750824335,residential,19.8421566,45.250879,441.8946272744129,0.08272913113356588,synthetic land-use allocation; not a verified utility asset
SYN-1609,750824335,residential,19.8421635,45.2507416,441.8946272744129,0.08272913113356588,synthetic land-use allocation; not a verified utility asset
SYN-1610,750824335,residential,19.8462014,45.2506501,441.8946272744129,0.08272913113356588,synthetic land-use allocation; not a verified utility asset
SYN-1611,750824335,residential,19.8411822,45.2510611,441.8946272744129,0.08272913113356588,synthetic land-use allocation; not a verified utility asset
SYN-1612,750824335,residential,19.8420104,45.2513376,441.8946272744129,0.08272913113356588,synthetic land-use allocation; not a verified utility asset
SYN-1613,750824335,residential,19.8452086,45.2514642,441.8946272744129,0.08272913113356588,synthetic land-use allocation; not a verified utility asset
SYN-1614,750824335,residential,19.837865,45.2513603,441.8946272744129,0.08272913113356588,synthetic land-use allocation; not a verified utility asset
SYN-1615,750824336,residential,19.8471857,45.2484074,512.5303355224319,0.09595316783753291,synthetic land-use allocation; not a verified utility asset
SYN-1616,750824336,residential,19.8486833,45.2484078,512.5303355224319,0.09595316783753291,synthetic land-use allocation; not a verified utility asset
SYN-1617,750824336,residential,19.847957,45.2482174,512.5303355224319,0.09595316783753291,synthetic land-use allocation; not a verified utility asset
SYN-1618,750824337,residential,19.8488492,45.2492409,468.59000882248984,0.08772689662886796,synthetic land-use allocation; not a verified utility asset
SYN-1619,750824337,residential,19.8496354,45.2501925,468.59000882248984,0.08772689662886796,synthetic land-use allocation; not a verified utility asset
SYN-1620,750824337,residential,19.854407,45.2519554,468.59000882248984,0.08772689662886796,synthetic land-use allocation; not a verified utility asset
SYN-1621,750824337,residential,19.8485223,45.2495141,468.59000882248984,0.08772689662886796,synthetic land-use allocation; not a verified utility asset
SYN-1622,750824337,residential,19.8526832,45.2510265,468.59000882248984,0.08772689662886796,synthetic land-use allocation; not a verified utility asset
SYN-1623,750824337,residential,19.8522822,45.25082,468.59000882248984,0.08772689662886796,synthetic land-use allocation; not a verified utility asset
SYN-1624,750824337,residential,19.8519048,45.2507057,468.59000882248984,0.08772689662886796,synthetic land-use allocation; not a verified utility asset
SYN-1625,750824338,residential,19.8507552,45.2527188,440.15820426256266,0.08240404737335648,synthetic land-use allocation; not a verified utility asset
SYN-1626,750824338,residential,19.852682,45.2525202,440.15820426256266,0.08240404737335648,synthetic land-use allocation; not a verified utility asset
SYN-1627,750824338,residential,19.8504772,45.2516835,440.15820426256266,0.08240404737335648,synthetic land-use allocation; not a verified utility asset
SYN-1628,750824338,residential,19.8493881,45.2521161,440.15820426256266,0.08240404737335648,synthetic land-use allocation; not a verified utility asset
SYN-1629,750824338,residential,19.8508901,45.2534778,440.15820426256266,0.08240404737335648,synthetic land-use allocation; not a verified utility asset
SYN-1630,750824338,residential,19.8534234,45.2523707,440.15820426256266,0.08240404737335648,synthetic land-use allocation; not a verified utility asset
SYN-1631,750824338,residential,19.8536674,45.2525582,440.15820426256266,0.08240404737335648,synthetic land-use allocation; not a verified utility asset
SYN-1632,750824338,residential,19.8515136,45.2537542,440.15820426256266,0.08240404737335648,synthetic land-use allocation; not a verified utility asset
SYN-1633,750824338,residential,19.8512323,45.2518209,440.15820426256266,0.08240404737335648,synthetic land-use allocation; not a verified utility asset
SYN-1634,750824339,residential,19.8543993,45.2554896,724.9296213419069,0.13571741769414697,synthetic land-use allocation; not a verified utility asset
SYN-1635,751602110,residential,19.8063937,45.2985474,169.62375444360805,0.0317560453524563,synthetic land-use allocation; not a verified utility asset
SYN-1636,751602134,residential,19.8224873,45.288257,433.5470746360741,0.08116634730629697,synthetic land-use allocation; not a verified utility asset
SYN-1637,751602134,residential,19.8231959,45.2921219,433.5470746360741,0.08116634730629697,synthetic land-use allocation; not a verified utility asset
SYN-1638,751602134,residential,19.8194338,45.2864951,433.5470746360741,0.08116634730629697,synthetic land-use allocation; not a verified utility asset
SYN-1639,751602134,residential,19.81633,45.288831,433.5470746360741,0.08116634730629697,synthetic land-use allocation; not a verified utility asset
SYN-1640,751602134,residential,19.8207997,45.2927736,433.5470746360741,0.08116634730629697,synthetic land-use allocation; not a verified utility asset
SYN-1641,751602134,residential,19.8245786,45.2852162,433.5470746360741,0.08116634730629697,synthetic land-use allocation; not a verified utility asset
SYN-1642,751602134,residential,19.8229045,45.2900587,433.5470746360741,0.08116634730629697,synthetic land-use allocation; not a verified utility asset
SYN-1643,751602134,residential,19.8208743,45.2894531,433.5470746360741,0.08116634730629697,synthetic land-use allocation; not a verified utility asset
SYN-1644,751602134,residential,19.8163867,45.2898769,433.5470746360741,0.08116634730629697,synthetic land-use allocation; not a verified utility asset
SYN-1645,751602134,residential,19.8209683,45.2841123,433.5470746360741,0.08116634730629697,synthetic land-use allocation; not a verified utility asset
SYN-1646,751602134,residential,19.8208679,45.2968094,433.5470746360741,0.08116634730629697,synthetic land-use allocation; not a verified utility asset
SYN-1647,751602134,residential,19.8262005,45.2840885,433.5470746360741,0.08116634730629697,synthetic land-use allocation; not a verified utility asset
SYN-1648,751602134,residential,19.8212673,45.2929633,433.5470746360741,0.08116634730629697,synthetic land-use allocation; not a verified utility asset
SYN-1649,751602134,residential,19.8182463,45.288423,433.5470746360741,0.08116634730629697,synthetic land-use allocation; not a verified utility asset
SYN-1650,751602134,residential,19.8211236,45.2913191,433.5470746360741,0.08116634730629697,synthetic land-use allocation; not a verified utility asset
SYN-1651,751602134,residential,19.8213089,45.2955416,433.5470746360741,0.08116634730629697,synthetic land-use allocation; not a verified utility asset
SYN-1652,751602134,residential,19.8167375,45.290986,433.5470746360741,0.08116634730629697,synthetic land-use allocation; not a verified utility asset
SYN-1653,751602134,residential,19.8228504,45.2868603,433.5470746360741,0.08116634730629697,synthetic land-use allocation; not a verified utility asset
SYN-1654,751602134,residential,19.8202502,45.2904637,433.5470746360741,0.08116634730629697,synthetic land-use allocation; not a verified utility asset
SYN-1655,751602134,residential,19.8214335,45.2971412,433.5470746360741,0.08116634730629697,synthetic land-use allocation; not a verified utility asset
SYN-1656,751602134,residential,19.8192276,45.28969,433.5470746360741,0.08116634730629697,synthetic land-use allocation; not a verified utility asset
SYN-1657,751602134,residential,19.8259812,45.2844976,433.5470746360741,0.08116634730629697,synthetic land-use allocation; not a verified utility asset
SYN-1658,751602134,residential,19.8186942,45.2900411,433.5470746360741,0.08116634730629697,synthetic land-use allocation; not a verified utility asset
SYN-1659,751602134,residential,19.8231084,45.2905419,433.5470746360741,0.08116634730629697,synthetic land-use allocation; not a verified utility asset
SYN-1660,751602134,residential,19.8225393,45.2878316,433.5470746360741,0.08116634730629697,synthetic land-use allocation; not a verified utility asset
SYN-1661,751602134,residential,19.8200855,45.2831969,433.5470746360741,0.08116634730629697,synthetic land-use allocation; not a verified utility asset
SYN-1662,751602134,residential,19.8191117,45.286128,433.5470746360741,0.08116634730629697,synthetic land-use allocation; not a verified utility asset
SYN-1663,751602134,residential,19.8228443,45.2894313,433.5470746360741,0.08116634730629697,synthetic land-use allocation; not a verified utility asset
SYN-1664,751602134,residential,19.8180882,45.2903326,433.5470746360741,0.08116634730629697,synthetic land-use allocation; not a verified utility asset
SYN-1665,751602134,residential,19.8206451,45.2934133,433.5470746360741,0.08116634730629697,synthetic land-use allocation; not a verified utility asset
SYN-1666,751602134,residential,19.8203264,45.2872411,433.5470746360741,0.08116634730629697,synthetic land-use allocation; not a verified utility asset
SYN-1667,751602134,residential,19.8201973,45.2966101,433.5470746360741,0.08116634730629697,synthetic land-use allocation; not a verified utility asset
SYN-1668,751602134,residential,19.8256766,45.2851428,433.5470746360741,0.08116634730629697,synthetic land-use allocation; not a verified utility asset
SYN-1669,751602134,residential,19.8243018,45.2842552,433.5470746360741,0.08116634730629697,synthetic land-use allocation; not a verified utility asset
SYN-1670,751602134,residential,19.8211835,45.2860068,433.5470746360741,0.08116634730629697,synthetic land-use allocation; not a verified utility asset
SYN-1671,751602134,residential,19.8220539,45.2929876,433.5470746360741,0.08116634730629697,synthetic land-use allocation; not a verified utility asset
SYN-1672,751602134,residential,19.8210996,45.2922506,433.5470746360741,0.08116634730629697,synthetic land-use allocation; not a verified utility asset
SYN-1673,751602134,residential,19.8167853,45.2914321,433.5470746360741,0.08116634730629697,synthetic land-use allocation; not a verified utility asset
SYN-1674,751602134,residential,19.8210071,45.2919644,433.5470746360741,0.08116634730629697,synthetic land-use allocation; not a verified utility asset
SYN-1675,751602134,residential,19.8177028,45.2913137,433.5470746360741,0.08116634730629697,synthetic land-use allocation; not a verified utility asset
SYN-1676,751602134,residential,19.8228324,45.287715,433.5470746360741,0.08116634730629697,synthetic land-use allocation; not a verified utility asset
SYN-1677,751602134,residential,19.8214641,45.2966129,433.5470746360741,0.08116634730629697,synthetic land-use allocation; not a verified utility asset
SYN-1678,751602134,residential,19.8231815,45.2890051,433.5470746360741,0.08116634730629697,synthetic land-use allocation; not a verified utility asset
SYN-1679,751602134,residential,19.8181329,45.289756,433.5470746360741,0.08116634730629697,synthetic land-use allocation; not a verified utility asset
SYN-1680,751602134,residential,19.8226126,45.2891211,433.5470746360741,0.08116634730629697,synthetic land-use allocation; not a verified utility asset
SYN-1681,751602134,residential,19.8154609,45.288058,433.5470746360741,0.08116634730629697,synthetic land-use allocation; not a verified utility asset
SYN-1682,751602134,residential,19.8234408,45.2902267,433.5470746360741,0.08116634730629697,synthetic land-use allocation; not a verified utility asset
SYN-1683,751602134,residential,19.8220168,45.2841113,433.5470746360741,0.08116634730629697,synthetic land-use allocation; not a verified utility asset
SYN-1684,751602134,residential,19.8254928,45.2840062,433.5470746360741,0.08116634730629697,synthetic land-use allocation; not a verified utility asset
SYN-1685,751602134,residential,19.8203902,45.2940876,433.5470746360741,0.08116634730629697,synthetic land-use allocation; not a verified utility asset
SYN-1686,751602134,residential,19.8196518,45.2899097,433.5470746360741,0.08116634730629697,synthetic land-use allocation; not a verified utility asset
SYN-1687,751602134,residential,19.8234763,45.2870072,433.5470746360741,0.08116634730629697,synthetic land-use allocation; not a verified utility asset
SYN-1688,751602134,residential,19.8229067,45.291631,433.5470746360741,0.08116634730629697,synthetic land-use allocation; not a verified utility asset
SYN-1689,751602134,residential,19.8178803,45.2960243,433.5470746360741,0.08116634730629697,synthetic land-use allocation; not a verified utility asset
SYN-1690,751602134,residential,19.8243787,45.2890596,433.5470746360741,0.08116634730629697,synthetic land-use allocation; not a verified utility asset
SYN-1691,751602134,residential,19.8232772,45.2877609,433.5470746360741,0.08116634730629697,synthetic land-use allocation; not a verified utility asset
SYN-1692,751602134,residential,19.8193454,45.2873681,433.5470746360741,0.08116634730629697,synthetic land-use allocation; not a verified utility asset
SYN-1693,751602134,residential,19.8218507,45.2864667,433.5470746360741,0.08116634730629697,synthetic land-use allocation; not a verified utility asset
SYN-1694,751602134,residential,19.816129,45.2883753,433.5470746360741,0.08116634730629697,synthetic land-use allocation; not a verified utility asset
SYN-1695,751602134,residential,19.8197912,45.2965724,433.5470746360741,0.08116634730629697,synthetic land-use allocation; not a verified utility asset
SYN-1696,751602134,residential,19.8182171,45.2963603,433.5470746360741,0.08116634730629697,synthetic land-use allocation; not a verified utility asset
SYN-1697,751609035,industrial,19.8194317,45.2828956,658.0795924164223,0.12320211547522061,synthetic land-use allocation; not a verified utility asset
SYN-1698,751611815,residential,19.8319216,45.2805055,448.90348627259846,0.08404129195057779,synthetic land-use allocation; not a verified utility asset
SYN-1699,751611815,residential,19.8297079,45.2816847,448.90348627259846,0.08404129195057779,synthetic land-use allocation; not a verified utility asset
SYN-1700,751611815,residential,19.8348796,45.2817181,448.90348627259846,0.08404129195057779,synthetic land-use allocation; not a verified utility asset
SYN-1701,751611815,residential,19.8359393,45.278295,448.90348627259846,0.08404129195057779,synthetic land-use allocation; not a verified utility asset
SYN-1702,751611815,residential,19.8318288,45.2806657,448.90348627259846,0.08404129195057779,synthetic land-use allocation; not a verified utility asset
SYN-1703,751611815,residential,19.8343946,45.2827059,448.90348627259846,0.08404129195057779,synthetic land-use allocation; not a verified utility asset
SYN-1704,751611815,residential,19.8280988,45.2818305,448.90348627259846,0.08404129195057779,synthetic land-use allocation; not a verified utility asset
SYN-1705,751611815,residential,19.8313266,45.2809621,448.90348627259846,0.08404129195057779,synthetic land-use allocation; not a verified utility asset
SYN-1706,751611815,residential,19.8319559,45.2817933,448.90348627259846,0.08404129195057779,synthetic land-use allocation; not a verified utility asset
SYN-1707,751611815,residential,19.831385,45.2810757,448.90348627259846,0.08404129195057779,synthetic land-use allocation; not a verified utility asset
SYN-1708,751611815,residential,19.8297412,45.2801455,448.90348627259846,0.08404129195057779,synthetic land-use allocation; not a verified utility asset
SYN-1709,751611815,residential,19.8353387,45.2813087,448.90348627259846,0.08404129195057779,synthetic land-use allocation; not a verified utility asset
SYN-1710,751611815,residential,19.8325436,45.2804328,448.90348627259846,0.08404129195057779,synthetic land-use allocation; not a verified utility asset
SYN-1711,751611815,residential,19.8329163,45.2791463,448.90348627259846,0.08404129195057779,synthetic land-use allocation; not a verified utility asset
SYN-1712,751611815,residential,19.8348141,45.2784461,448.90348627259846,0.08404129195057779,synthetic land-use allocation; not a verified utility asset
SYN-1713,751611815,residential,19.8295541,45.2813441,448.90348627259846,0.08404129195057779,synthetic land-use allocation; not a verified utility asset
SYN-1714,751611815,residential,19.8319592,45.2819388,448.90348627259846,0.08404129195057779,synthetic land-use allocation; not a verified utility asset
SYN-1715,751611815,residential,19.8293991,45.2796375,448.90348627259846,0.08404129195057779,synthetic land-use allocation; not a verified utility asset
SYN-1716,751611815,residential,19.8352337,45.2803675,448.90348627259846,0.08404129195057779,synthetic land-use allocation; not a verified utility asset
SYN-1717,752330881,residential,19.8430268,45.2789247,438.07126525712624,0.08201334189745285,synthetic land-use allocation; not a verified utility asset
SYN-1718,752330881,residential,19.8434008,45.2817867,438.07126525712624,0.08201334189745285,synthetic land-use allocation; not a verified utility asset
SYN-1719,752330881,residential,19.8444755,45.2847792,438.07126525712624,0.08201334189745285,synthetic land-use allocation; not a verified utility asset
SYN-1720,752330881,residential,19.8372414,45.2801078,438.07126525712624,0.08201334189745285,synthetic land-use allocation; not a verified utility asset
SYN-1721,752330881,residential,19.8428294,45.2846649,438.07126525712624,0.08201334189745285,synthetic land-use allocation; not a verified utility asset
SYN-1722,752330881,residential,19.845217,45.2857548,438.07126525712624,0.08201334189745285,synthetic land-use allocation; not a verified utility asset
SYN-1723,752330881,residential,19.8397957,45.2786692,438.07126525712624,0.08201334189745285,synthetic land-use allocation; not a verified utility asset
SYN-1724,752330881,residential,19.8419972,45.2816173,438.07126525712624,0.08201334189745285,synthetic land-use allocation; not a verified utility asset
SYN-1725,752330881,residential,19.8377537,45.2795674,438.07126525712624,0.08201334189745285,synthetic land-use allocation; not a verified utility asset
SYN-1726,752330881,residential,19.8354441,45.2826588,438.07126525712624,0.08201334189745285,synthetic land-use allocation; not a verified utility asset
SYN-1727,752330881,residential,19.8388753,45.2806911,438.07126525712624,0.08201334189745285,synthetic land-use allocation; not a verified utility asset
SYN-1728,752330881,residential,19.8423784,45.2784142,438.07126525712624,0.08201334189745285,synthetic land-use allocation; not a verified utility asset
SYN-1729,752330881,residential,19.8407029,45.2817586,438.07126525712624,0.08201334189745285,synthetic land-use allocation; not a verified utility asset
SYN-1730,752330881,residential,19.83964,45.2790076,438.07126525712624,0.08201334189745285,synthetic land-use allocation; not a verified utility asset
SYN-1731,752330881,residential,19.8388295,45.278885,438.07126525712624,0.08201334189745285,synthetic land-use allocation; not a verified utility asset
SYN-1732,752330881,residential,19.8409108,45.2829703,438.07126525712624,0.08201334189745285,synthetic land-use allocation; not a verified utility asset
SYN-1733,752330881,residential,19.8357698,45.2819329,438.07126525712624,0.08201334189745285,synthetic land-use allocation; not a verified utility asset
SYN-1734,752330881,residential,19.8410479,45.2792296,438.07126525712624,0.08201334189745285,synthetic land-use allocation; not a verified utility asset
SYN-1735,752330881,residential,19.8400171,45.2831712,438.07126525712624,0.08201334189745285,synthetic land-use allocation; not a verified utility asset
SYN-1736,752330881,residential,19.8431416,45.2785388,438.07126525712624,0.08201334189745285,synthetic land-use allocation; not a verified utility asset
SYN-1737,752330881,residential,19.837295,45.2803873,438.07126525712624,0.08201334189745285,synthetic land-use allocation; not a verified utility asset
SYN-1738,752330881,residential,19.8402058,45.2782493,438.07126525712624,0.08201334189745285,synthetic land-use allocation; not a verified utility asset
SYN-1739,752330881,residential,19.842342,45.2818902,438.07126525712624,0.08201334189745285,synthetic land-use allocation; not a verified utility asset
SYN-1740,752330881,residential,19.8417974,45.279288,438.07126525712624,0.08201334189745285,synthetic land-use allocation; not a verified utility asset
SYN-1741,752330881,residential,19.841976,45.2782999,438.07126525712624,0.08201334189745285,synthetic land-use allocation; not a verified utility asset
SYN-1742,752330881,residential,19.8386861,45.2796437,438.07126525712624,0.08201334189745285,synthetic land-use allocation; not a verified utility asset
SYN-1743,752330881,residential,19.8458881,45.2824203,438.07126525712624,0.08201334189745285,synthetic land-use allocation; not a verified utility asset
SYN-1744,752330881,residential,19.8363841,45.2807445,438.07126525712624,0.08201334189745285,synthetic land-use allocation; not a verified utility asset
SYN-1745,752330881,residential,19.8435512,45.2831212,438.07126525712624,0.08201334189745285,synthetic land-use allocation; not a verified utility asset
SYN-1746,752330881,residential,19.8360886,45.2813089,438.07126525712624,0.08201334189745285,synthetic land-use allocation; not a verified utility asset
SYN-1747,752330881,residential,19.8402265,45.2803911,438.07126525712624,0.08201334189745285,synthetic land-use allocation; not a verified utility asset
SYN-1748,752330881,residential,19.8395455,45.2817465,438.07126525712624,0.08201334189745285,synthetic land-use allocation; not a verified utility asset
SYN-1749,752330881,residential,19.846604,45.2841511,438.07126525712624,0.08201334189745285,synthetic land-use allocation; not a verified utility asset
SYN-1750,752330881,residential,19.8406036,45.277809,438.07126525712624,0.08201334189745285,synthetic land-use allocation; not a verified utility asset
SYN-1751,752330881,residential,19.8469509,45.2834383,438.07126525712624,0.08201334189745285,synthetic land-use allocation; not a verified utility asset
SYN-1752,752330881,residential,19.8359042,45.2818703,438.07126525712624,0.08201334189745285,synthetic land-use allocation; not a verified utility asset
SYN-1753,752330881,residential,19.8405096,45.2807571,438.07126525712624,0.08201334189745285,synthetic land-use allocation; not a verified utility asset
SYN-1754,752330881,residential,19.8410139,45.2838221,438.07126525712624,0.08201334189745285,synthetic land-use allocation; not a verified utility asset
SYN-1755,752330881,residential,19.8442629,45.2833551,438.07126525712624,0.08201334189745285,synthetic land-use allocation; not a verified utility asset
SYN-1756,752330881,residential,19.8405749,45.283454,438.07126525712624,0.08201334189745285,synthetic land-use allocation; not a verified utility asset
SYN-1757,752330881,residential,19.838503,45.279124,438.07126525712624,0.08201334189745285,synthetic land-use allocation; not a verified utility asset
SYN-1758,752330881,residential,19.8423159,45.2861346,438.07126525712624,0.08201334189745285,synthetic land-use allocation; not a verified utility asset
SYN-1759,752330881,residential,19.8385957,45.28002,438.07126525712624,0.08201334189745285,synthetic land-use allocation; not a verified utility asset
SYN-1760,752330881,residential,19.8450319,45.2865025,438.07126525712624,0.08201334189745285,synthetic land-use allocation; not a verified utility asset
SYN-1761,752330881,residential,19.8442149,45.2850847,438.07126525712624,0.08201334189745285,synthetic land-use allocation; not a verified utility asset
SYN-1762,752330883,residential,19.8364804,45.2851133,443.598895999906,0.0830481951415349,synthetic land-use allocation; not a verified utility asset
SYN-1763,752330883,residential,19.8382919,45.2852364,443.598895999906,0.0830481951415349,synthetic land-use allocation; not a verified utility asset
SYN-1764,752330883,residential,19.8408363,45.2868173,443.598895999906,0.0830481951415349,synthetic land-use allocation; not a verified utility asset
SYN-1765,752330883,residential,19.8386992,45.286786,443.598895999906,0.0830481951415349,synthetic land-use allocation; not a verified utility asset
SYN-1766,752330883,residential,19.8368965,45.2863896,443.598895999906,0.0830481951415349,synthetic land-use allocation; not a verified utility asset
SYN-1767,752330883,residential,19.8401057,45.2853307,443.598895999906,0.0830481951415349,synthetic land-use allocation; not a verified utility asset
SYN-1768,752330883,residential,19.8375775,45.2865162,443.598895999906,0.0830481951415349,synthetic land-use allocation; not a verified utility asset
SYN-1769,752330883,residential,19.8390094,45.2870676,443.598895999906,0.0830481951415349,synthetic land-use allocation; not a verified utility asset
SYN-1770,752330883,residential,19.8370825,45.2876416,443.598895999906,0.0830481951415349,synthetic land-use allocation; not a verified utility asset
SYN-1771,752330883,residential,19.8381032,45.2887471,443.598895999906,0.0830481951415349,synthetic land-use allocation; not a verified utility asset
SYN-1772,752330883,residential,19.8394454,45.2854493,443.598895999906,0.0830481951415349,synthetic land-use allocation; not a verified utility asset
SYN-1773,752330883,residential,19.8385201,45.2887927,443.598895999906,0.0830481951415349,synthetic land-use allocation; not a verified utility asset
SYN-1774,752330883,residential,19.8361621,45.2847061,443.598895999906,0.0830481951415349,synthetic land-use allocation; not a verified utility asset
SYN-1775,752330883,residential,19.839055,45.2894461,443.598895999906,0.0830481951415349,synthetic land-use allocation; not a verified utility asset
SYN-1776,752330883,residential,19.8363797,45.2853655,443.598895999906,0.0830481951415349,synthetic land-use allocation; not a verified utility asset
SYN-1777,752542998,industrial,19.8576277,45.2965248,457.37177974173386,0.0856266802256214,synthetic land-use allocation; not a verified utility asset
SYN-1778,752542998,industrial,19.8599694,45.2969163,457.37177974173386,0.0856266802256214,synthetic land-use allocation; not a verified utility asset
SYN-1779,752542998,industrial,19.8593473,45.2948152,457.37177974173386,0.0856266802256214,synthetic land-use allocation; not a verified utility asset
SYN-1780,752542998,industrial,19.8589993,45.2953062,457.37177974173386,0.0856266802256214,synthetic land-use allocation; not a verified utility asset
SYN-1781,752542998,industrial,19.8599036,45.296562,457.37177974173386,0.0856266802256214,synthetic land-use allocation; not a verified utility asset
SYN-1782,752542998,industrial,19.8577884,45.2954565,457.37177974173386,0.0856266802256214,synthetic land-use allocation; not a verified utility asset
SYN-1783,752542998,industrial,19.8573205,45.2972088,457.37177974173386,0.0856266802256214,synthetic land-use allocation; not a verified utility asset
SYN-1784,752542998,industrial,19.8560982,45.2964659,457.37177974173386,0.0856266802256214,synthetic land-use allocation; not a verified utility asset
SYN-1785,752542998,industrial,19.8591774,45.2945155,457.37177974173386,0.0856266802256214,synthetic land-use allocation; not a verified utility asset
SYN-1786,752542998,industrial,19.8568273,45.2975841,457.37177974173386,0.0856266802256214,synthetic land-use allocation; not a verified utility asset
SYN-1787,752542998,industrial,19.8592126,45.2969644,457.37177974173386,0.0856266802256214,synthetic land-use allocation; not a verified utility asset
SYN-1788,752542998,industrial,19.8569643,45.2979038,457.37177974173386,0.0856266802256214,synthetic land-use allocation; not a verified utility asset
SYN-1789,752679746,industrial,19.8113134,45.3074945,424.2064006013115,0.07941763664225465,synthetic land-use allocation; not a verified utility asset
SYN-1790,752679746,industrial,19.8098022,45.3069322,424.2064006013115,0.07941763664225465,synthetic land-use allocation; not a verified utility asset
SYN-1791,752679746,industrial,19.808655,45.3071359,424.2064006013115,0.07941763664225465,synthetic land-use allocation; not a verified utility asset
SYN-1792,752679746,industrial,19.8086207,45.307826,424.2064006013115,0.07941763664225465,synthetic land-use allocation; not a verified utility asset
SYN-1793,753083596,retail,19.8134172,45.2481375,89.62953781244232,0.016779959133836234,synthetic land-use allocation; not a verified utility asset
SYN-1794,753932122,industrial,19.7864932,45.2915675,438.2312582180268,0.08204329491753014,synthetic land-use allocation; not a verified utility asset
SYN-1795,753932122,industrial,19.7908314,45.2919648,438.2312582180268,0.08204329491753014,synthetic land-use allocation; not a verified utility asset
SYN-1796,753932122,industrial,19.7884232,45.2904057,438.2312582180268,0.08204329491753014,synthetic land-use allocation; not a verified utility asset
SYN-1797,753932122,industrial,19.7883387,45.2919745,438.2312582180268,0.08204329491753014,synthetic land-use allocation; not a verified utility asset
SYN-1798,753932122,industrial,19.7874418,45.2917041,438.2312582180268,0.08204329491753014,synthetic land-use allocation; not a verified utility asset
SYN-1799,753932122,industrial,19.7892974,45.2916738,438.2312582180268,0.08204329491753014,synthetic land-use allocation; not a verified utility asset
SYN-1800,753932122,industrial,19.790195,45.2916432,438.2312582180268,0.08204329491753014,synthetic land-use allocation; not a verified utility asset
SYN-1801,753932122,industrial,19.7889359,45.2903003,438.2312582180268,0.08204329491753014,synthetic land-use allocation; not a verified utility asset
SYN-1802,753932122,industrial,19.7875523,45.2906203,438.2312582180268,0.08204329491753014,synthetic land-use allocation; not a verified utility asset
SYN-1803,753932122,industrial,19.7879632,45.2914492,438.2312582180268,0.08204329491753014,synthetic land-use allocation; not a verified utility asset
SYN-1804,753932122,industrial,19.7869375,45.2907546,438.2312582180268,0.08204329491753014,synthetic land-use allocation; not a verified utility asset
SYN-1805,753932122,industrial,19.7895314,45.2908179,438.2312582180268,0.08204329491753014,synthetic land-use allocation; not a verified utility asset
SYN-1806,753932122,industrial,19.7886691,45.2916609,438.2312582180268,0.08204329491753014,synthetic land-use allocation; not a verified utility asset
SYN-1807,753932122,industrial,19.7918649,45.2913113,438.2312582180268,0.08204329491753014,synthetic land-use allocation; not a verified utility asset
SYN-1808,753932122,industrial,19.7900662,45.290459,438.2312582180268,0.08204329491753014,synthetic land-use allocation; not a verified utility asset
SYN-1809,753932122,industrial,19.7881501,45.2901757,438.2312582180268,0.08204329491753014,synthetic land-use allocation; not a verified utility asset
SYN-1810,753932122,industrial,19.7878928,45.2927611,438.2312582180268,0.08204329491753014,synthetic land-use allocation; not a verified utility asset
SYN-1811,753932122,industrial,19.7888327,45.2919144,438.2312582180268,0.08204329491753014,synthetic land-use allocation; not a verified utility asset
SYN-1812,753945900,industrial,19.7941272,45.2936666,442.79856400692006,0.08289836129809919,synthetic land-use allocation; not a verified utility asset
SYN-1813,753945900,industrial,19.7945833,45.2945078,442.79856400692006,0.08289836129809919,synthetic land-use allocation; not a verified utility asset
SYN-1814,753945900,industrial,19.7940434,45.295843,442.79856400692006,0.08289836129809919,synthetic land-use allocation; not a verified utility asset
SYN-1815,753945900,industrial,19.7880952,45.2952093,442.79856400692006,0.08289836129809919,synthetic land-use allocation; not a verified utility asset
SYN-1816,753945900,industrial,19.793843,45.2933661,442.79856400692006,0.08289836129809919,synthetic land-use allocation; not a verified utility asset
SYN-1817,753945900,industrial,19.7954373,45.2955839,442.79856400692006,0.08289836129809919,synthetic land-use allocation; not a verified utility asset
SYN-1818,753945900,industrial,19.7945474,45.2953712,442.79856400692006,0.08289836129809919,synthetic land-use allocation; not a verified utility asset
SYN-1819,753945900,industrial,19.7926189,45.2952969,442.79856400692006,0.08289836129809919,synthetic land-use allocation; not a verified utility asset
SYN-1820,753945900,industrial,19.7948849,45.2940976,442.79856400692006,0.08289836129809919,synthetic land-use allocation; not a verified utility asset
SYN-1821,753945900,industrial,19.7910222,45.2959501,442.79856400692006,0.08289836129809919,synthetic land-use allocation; not a verified utility asset
SYN-1822,753945900,industrial,19.7927908,45.2938778,442.79856400692006,0.08289836129809919,synthetic land-use allocation; not a verified utility asset
SYN-1823,753945900,industrial,19.7882697,45.295122,442.79856400692006,0.08289836129809919,synthetic land-use allocation; not a verified utility asset
SYN-1824,753945900,industrial,19.7929633,45.2958707,442.79856400692006,0.08289836129809919,synthetic land-use allocation; not a verified utility asset
SYN-1825,753945900,industrial,19.7918278,45.2942585,442.79856400692006,0.08289836129809919,synthetic land-use allocation; not a verified utility asset
SYN-1826,753945900,industrial,19.7917635,45.2957109,442.79856400692006,0.08289836129809919,synthetic land-use allocation; not a verified utility asset
SYN-1827,753945900,industrial,19.789316,45.2952044,442.79856400692006,0.08289836129809919,synthetic land-use allocation; not a verified utility asset
SYN-1828,753945900,industrial,19.7927976,45.2961684,442.79856400692006,0.08289836129809919,synthetic land-use allocation; not a verified utility asset
SYN-1829,753945900,industrial,19.7874296,45.2950881,442.79856400692006,0.08289836129809919,synthetic land-use allocation; not a verified utility asset
SYN-1830,753945900,industrial,19.7923974,45.2936207,442.79856400692006,0.08289836129809919,synthetic land-use allocation; not a verified utility asset
SYN-1831,753945900,industrial,19.7934344,45.2937025,442.79856400692006,0.08289836129809919,synthetic land-use allocation; not a verified utility asset
SYN-1832,753945902,industrial,19.7972042,45.2897306,437.2658090764901,0.08186254873121504,synthetic land-use allocation; not a verified utility asset
SYN-1833,753945902,industrial,19.7959243,45.288417,437.2658090764901,0.08186254873121504,synthetic land-use allocation; not a verified utility asset
SYN-1834,753945902,industrial,19.7973039,45.2899326,437.2658090764901,0.08186254873121504,synthetic land-use allocation; not a verified utility asset
SYN-1835,753945902,industrial,19.7974748,45.2888422,437.2658090764901,0.08186254873121504,synthetic land-use allocation; not a verified utility asset
SYN-1836,753945902,industrial,19.7993103,45.2885056,437.2658090764901,0.08186254873121504,synthetic land-use allocation; not a verified utility asset
SYN-1837,753945902,industrial,19.7980948,45.2884507,437.2658090764901,0.08186254873121504,synthetic land-use allocation; not a verified utility asset
SYN-1838,753945902,industrial,19.7966221,45.2884835,437.2658090764901,0.08186254873121504,synthetic land-use allocation; not a verified utility asset
SYN-1839,753945902,industrial,19.7998987,45.2882369,437.2658090764901,0.08186254873121504,synthetic land-use allocation; not a verified utility asset
SYN-1840,753945902,industrial,19.7955946,45.2898571,437.2658090764901,0.08186254873121504,synthetic land-use allocation; not a verified utility asset
SYN-1841,753945902,industrial,19.7953456,45.2887965,437.2658090764901,0.08186254873121504,synthetic land-use allocation; not a verified utility asset
SYN-1842,753945902,industrial,19.7963615,45.2892337,437.2658090764901,0.08186254873121504,synthetic land-use allocation; not a verified utility asset
SYN-1843,753945902,industrial,19.7978851,45.2896298,437.2658090764901,0.08186254873121504,synthetic land-use allocation; not a verified utility asset
SYN-1844,753945902,industrial,19.7954292,45.2905335,437.2658090764901,0.08186254873121504,synthetic land-use allocation; not a verified utility asset
SYN-1845,753945902,industrial,19.7956707,45.288447,437.2658090764901,0.08186254873121504,synthetic land-use allocation; not a verified utility asset
SYN-1846,753945902,industrial,19.798276,45.2875212,437.2658090764901,0.08186254873121504,synthetic land-use allocation; not a verified utility asset
SYN-1847,753945902,industrial,19.7984188,45.2878389,437.2658090764901,0.08186254873121504,synthetic land-use allocation; not a verified utility asset
SYN-1848,753945917,industrial,19.808295,45.2854417,576.392299212004,0.10790906058306923,synthetic land-use allocation; not a verified utility asset
SYN-1849,753945917,industrial,19.8061783,45.2856006,576.392299212004,0.10790906058306923,synthetic land-use allocation; not a verified utility asset
SYN-1850,753945920,industrial,19.8079117,45.2889264,705.1288343191864,0.1320104210369253,synthetic land-use allocation; not a verified utility asset
SYN-1851,753945921,industrial,19.8100117,45.2868397,568.0570397187164,0.10634857821217977,synthetic land-use allocation; not a verified utility asset
SYN-1852,753945921,industrial,19.8096663,45.2866882,568.0570397187164,0.10634857821217977,synthetic land-use allocation; not a verified utility asset
SYN-1853,753945922,industrial,19.8074177,45.2865276,458.0742124588168,0.08575818589411639,synthetic land-use allocation; not a verified utility asset
SYN-1854,753945922,industrial,19.807853,45.2867599,458.0742124588168,0.08575818589411639,synthetic land-use allocation; not a verified utility asset
SYN-1855,753945922,industrial,19.8088173,45.2865899,458.0742124588168,0.08575818589411639,synthetic land-use allocation; not a verified utility asset
SYN-1856,753945923,industrial,19.8092811,45.2850941,509.82502096848515,0.0954466934233237,synthetic land-use allocation; not a verified utility asset
SYN-1857,753945923,industrial,19.8097677,45.2850136,509.82502096848515,0.0954466934233237,synthetic land-use allocation; not a verified utility asset
SYN-1858,753945924,industrial,19.81203,45.2854583,429.1348407584937,0.08034031265341662,synthetic land-use allocation; not a verified utility asset
SYN-1859,753945924,industrial,19.8118674,45.2852191,429.1348407584937,0.08034031265341662,synthetic land-use allocation; not a verified utility asset
SYN-1860,753945924,industrial,19.8114817,45.2843663,429.1348407584937,0.08034031265341662,synthetic land-use allocation; not a verified utility asset
SYN-1861,753945924,industrial,19.8122731,45.2843701,429.1348407584937,0.08034031265341662,synthetic land-use allocation; not a verified utility asset
SYN-1862,753945924,industrial,19.8115865,45.2844486,429.1348407584937,0.08034031265341662,synthetic land-use allocation; not a verified utility asset
SYN-1863,753945924,industrial,19.8118417,45.2840182,429.1348407584937,0.08034031265341662,synthetic land-use allocation; not a verified utility asset
SYN-1864,753945928,industrial,19.8137057,45.2876236,477.1063106221808,0.08932127276488315,synthetic land-use allocation; not a verified utility asset
SYN-1865,753945928,industrial,19.8146206,45.28731,477.1063106221808,0.08932127276488315,synthetic land-use allocation; not a verified utility asset
SYN-1866,753945928,industrial,19.8125124,45.288306,477.1063106221808,0.08932127276488315,synthetic land-use allocation; not a verified utility asset
SYN-1867,753945928,industrial,19.8122942,45.2873499,477.1063106221808,0.08932127276488315,synthetic land-use allocation; not a verified utility asset
SYN-1868,753945929,industrial,19.8142399,45.2867737,426.2677685420599,0.07980355484120756,synthetic land-use allocation; not a verified utility asset
SYN-1869,753945929,industrial,19.8113405,45.2867059,426.2677685420599,0.07980355484120756,synthetic land-use allocation; not a verified utility asset
SYN-1870,753945929,industrial,19.8121911,45.2870931,426.2677685420599,0.07980355484120756,synthetic land-use allocation; not a verified utility asset
SYN-1871,753945929,industrial,19.8114021,45.2869347,426.2677685420599,0.07980355484120756,synthetic land-use allocation; not a verified utility asset
SYN-1872,753945930,industrial,19.8131461,45.2854614,492.14193568175693,0.09213616147466681,synthetic land-use allocation; not a verified utility asset
SYN-1873,753945931,industrial,19.8132032,45.2848069,320.53549151078596,0.06000892763443938,synthetic land-use allocation; not a verified utility asset
SYN-1874,753945932,industrial,19.8131237,45.2843727,326.4765489433972,0.06112118039579582,synthetic land-use allocation; not a verified utility asset
SYN-1875,753945933,industrial,19.8169693,45.2850168,532.0932043639116,0.09961562273479622,synthetic land-use allocation; not a verified utility asset
SYN-1876,753945933,industrial,19.8146101,45.2850319,532.0932043639116,0.09961562273479622,synthetic land-use allocation; not a verified utility asset
SYN-1877,753945933,industrial,19.8165866,45.2847962,532.0932043639116,0.09961562273479622,synthetic land-use allocation; not a verified utility asset
SYN-1878,753945934,industrial,19.8150287,45.2865893,512.055408202017,0.09586425450357396,synthetic land-use allocation; not a verified utility asset
SYN-1879,753945934,industrial,19.815199,45.2862285,512.055408202017,0.09586425450357396,synthetic land-use allocation; not a verified utility asset
SYN-1880,753945934,industrial,19.815694,45.2870732,512.055408202017,0.09586425450357396,synthetic land-use allocation; not a verified utility asset
SYN-1881,753945934,industrial,19.8150684,45.286951,512.055408202017,0.09586425450357396,synthetic land-use allocation; not a verified utility asset
SYN-1882,753945935,industrial,19.8188917,45.286942,403.61864997399806,0.07556330889924165,synthetic land-use allocation; not a verified utility asset
SYN-1883,753945935,industrial,19.8177703,45.2853012,403.61864997399806,0.07556330889924165,synthetic land-use allocation; not a verified utility asset
SYN-1884,753945935,industrial,19.818909,45.2867371,403.61864997399806,0.07556330889924165,synthetic land-use allocation; not a verified utility asset
SYN-1885,753945936,industrial,19.8149723,45.2841229,697.560314293794,0.1305934834979249,synthetic land-use allocation; not a verified utility asset
SYN-1886,753981641,industrial,19.8106304,45.2826547,438.11261370095156,0.08202108293031513,synthetic land-use allocation; not a verified utility asset
SYN-1887,753981641,industrial,19.8244581,45.2793877,438.11261370095156,0.08202108293031513,synthetic land-use allocation; not a verified utility asset
SYN-1888,753981641,industrial,19.810184,45.2826355,438.11261370095156,0.08202108293031513,synthetic land-use allocation; not a verified utility asset
SYN-1889,753981641,industrial,19.8100998,45.28271,438.11261370095156,0.08202108293031513,synthetic land-use allocation; not a verified utility asset
SYN-1890,753981641,industrial,19.8096326,45.2824217,438.11261370095156,0.08202108293031513,synthetic land-use allocation; not a verified utility asset
SYN-1891,753981641,industrial,19.8184105,45.2810319,438.11261370095156,0.08202108293031513,synthetic land-use allocation; not a verified utility asset
SYN-1892,753981641,industrial,19.8102861,45.2821937,438.11261370095156,0.08202108293031513,synthetic land-use allocation; not a verified utility asset
SYN-1893,753981641,industrial,19.8217696,45.2801891,438.11261370095156,0.08202108293031513,synthetic land-use allocation; not a verified utility asset
SYN-1894,753981641,industrial,19.8089859,45.2831727,438.11261370095156,0.08202108293031513,synthetic land-use allocation; not a verified utility asset
SYN-1895,753981641,industrial,19.8085202,45.2830133,438.11261370095156,0.08202108293031513,synthetic land-use allocation; not a verified utility asset
SYN-1896,753981641,industrial,19.8214716,45.2803206,438.11261370095156,0.08202108293031513,synthetic land-use allocation; not a verified utility asset
SYN-1897,753981641,industrial,19.8211475,45.2803626,438.11261370095156,0.08202108293031513,synthetic land-use allocation; not a verified utility asset
SYN-1898,753981641,industrial,19.8147268,45.2817417,438.11261370095156,0.08202108293031513,synthetic land-use allocation; not a verified utility asset
SYN-1899,753981641,industrial,19.8266416,45.2790704,438.11261370095156,0.08202108293031513,synthetic land-use allocation; not a verified utility asset
SYN-1900,753981647,industrial,19.8055455,45.2795069,487.53353544622075,0.09127340161321941,synthetic land-use allocation; not a verified utility asset
SYN-1901,753981647,industrial,19.8055646,45.2797959,487.53353544622075,0.09127340161321941,synthetic land-use allocation; not a verified utility asset
SYN-1902,754896527,industrial,19.8324346,45.2654589,338.87866522240233,0.06344303778136298,synthetic land-use allocation; not a verified utility asset
SYN-1903,754896535,residential,19.8344411,45.2662084,181.29595961815818,0.033941252713901755,synthetic land-use allocation; not a verified utility asset
SYN-1904,754896540,residential,19.8314387,45.2668594,435.6694198444709,0.0815636813407457,synthetic land-use allocation; not a verified utility asset
SYN-1905,754896540,residential,19.8294232,45.2667896,435.6694198444709,0.0815636813407457,synthetic land-use allocation; not a verified utility asset
SYN-1906,754896541,commercial,19.8322655,45.2675542,322.4533066003357,0.06036797064207198,synthetic land-use allocation; not a verified utility asset
SYN-1907,776263147,residential,19.8459945,45.2419672,430.0462296112834,0.08051093796375626,synthetic land-use allocation; not a verified utility asset
SYN-1908,776263147,residential,19.8460957,45.2448296,430.0462296112834,0.08051093796375626,synthetic land-use allocation; not a verified utility asset
SYN-1909,776263147,residential,19.8438901,45.243497,430.0462296112834,0.08051093796375626,synthetic land-use allocation; not a verified utility asset
SYN-1910,776263147,residential,19.8464788,45.2398554,430.0462296112834,0.08051093796375626,synthetic land-use allocation; not a verified utility asset
SYN-1911,776263147,residential,19.8435165,45.2420758,430.0462296112834,0.08051093796375626,synthetic land-use allocation; not a verified utility asset
SYN-1912,776263147,residential,19.8429271,45.2418195,430.0462296112834,0.08051093796375626,synthetic land-use allocation; not a verified utility asset
SYN-1913,776263147,residential,19.845729,45.2388875,430.0462296112834,0.08051093796375626,synthetic land-use allocation; not a verified utility asset
SYN-1914,776263147,residential,19.8474159,45.2394112,430.0462296112834,0.08051093796375626,synthetic land-use allocation; not a verified utility asset
SYN-1915,776263147,residential,19.8473385,45.239716,430.0462296112834,0.08051093796375626,synthetic land-use allocation; not a verified utility asset
SYN-1916,776263147,residential,19.8457454,45.2415199,430.0462296112834,0.08051093796375626,synthetic land-use allocation; not a verified utility asset
SYN-1917,776263147,residential,19.8460949,45.2401228,430.0462296112834,0.08051093796375626,synthetic land-use allocation; not a verified utility asset
SYN-1918,776263147,residential,19.8422535,45.2435018,430.0462296112834,0.08051093796375626,synthetic land-use allocation; not a verified utility asset
SYN-1919,776263147,residential,19.8470959,45.2437825,430.0462296112834,0.08051093796375626,synthetic land-use allocation; not a verified utility asset
SYN-1920,776263147,residential,19.847504,45.2403043,430.0462296112834,0.08051093796375626,synthetic land-use allocation; not a verified utility asset
SYN-1921,776263147,residential,19.8432626,45.2413777,430.0462296112834,0.08051093796375626,synthetic land-use allocation; not a verified utility asset
SYN-1922,776263147,residential,19.8453455,45.2417445,430.0462296112834,0.08051093796375626,synthetic land-use allocation; not a verified utility asset
SYN-1923,776263147,residential,19.8455683,45.240503,430.0462296112834,0.08051093796375626,synthetic land-use allocation; not a verified utility asset
SYN-1924,776263148,residential,19.8501686,45.2424093,440.6667404117492,0.08249925277114939,synthetic land-use allocation; not a verified utility asset
SYN-1925,776263148,residential,19.8520123,45.2431006,440.6667404117492,0.08249925277114939,synthetic land-use allocation; not a verified utility asset
SYN-1926,776263148,residential,19.8524016,45.2429051,440.6667404117492,0.08249925277114939,synthetic land-use allocation; not a verified utility asset
SYN-1927,776263148,residential,19.8484679,45.2431922,440.6667404117492,0.08249925277114939,synthetic land-use allocation; not a verified utility asset
SYN-1928,776263148,residential,19.8483163,45.239962,440.6667404117492,0.08249925277114939,synthetic land-use allocation; not a verified utility asset
SYN-1929,776263148,residential,19.8489867,45.2417397,440.6667404117492,0.08249925277114939,synthetic land-use allocation; not a verified utility asset
SYN-1930,776263148,residential,19.8511192,45.2398357,440.6667404117492,0.08249925277114939,synthetic land-use allocation; not a verified utility asset
SYN-1931,776263148,residential,19.848146,45.2417272,440.6667404117492,0.08249925277114939,synthetic land-use allocation; not a verified utility asset
SYN-1932,776263148,residential,19.8496858,45.2423894,440.6667404117492,0.08249925277114939,synthetic land-use allocation; not a verified utility asset
SYN-1933,776472788,residential,19.8335048,45.2492953,298.5572269756046,0.055894275369862044,synthetic land-use allocation; not a verified utility asset
SYN-1934,776472789,residential,19.833674,45.2479411,437.9689787535948,0.08199419236939445,synthetic land-use allocation; not a verified utility asset
SYN-1935,776472789,residential,19.8326906,45.2485539,437.9689787535948,0.08199419236939445,synthetic land-use allocation; not a verified utility asset
SYN-1936,776472789,residential,19.8384583,45.2476827,437.9689787535948,0.08199419236939445,synthetic land-use allocation; not a verified utility asset
SYN-1937,776472789,residential,19.8342893,45.2480448,437.9689787535948,0.08199419236939445,synthetic land-use allocation; not a verified utility asset
SYN-1938,776472789,residential,19.8389769,45.2468575,437.9689787535948,0.08199419236939445,synthetic land-use allocation; not a verified utility asset
SYN-1939,776472789,residential,19.8307681,45.2485682,437.9689787535948,0.08199419236939445,synthetic land-use allocation; not a verified utility asset
SYN-1940,776472789,residential,19.8304425,45.2486255,437.9689787535948,0.08199419236939445,synthetic land-use allocation; not a verified utility asset
SYN-1941,776472789,residential,19.8393028,45.2464338,437.9689787535948,0.08199419236939445,synthetic land-use allocation; not a verified utility asset
SYN-1942,776472789,residential,19.8377092,45.24595,437.9689787535948,0.08199419236939445,synthetic land-use allocation; not a verified utility asset
SYN-1943,776472789,residential,19.8322281,45.2482281,437.9689787535948,0.08199419236939445,synthetic land-use allocation; not a verified utility asset
SYN-1944,776472789,residential,19.8377457,45.2440767,437.9689787535948,0.08199419236939445,synthetic land-use allocation; not a verified utility asset
SYN-1945,776472789,residential,19.8320077,45.2464439,437.9689787535948,0.08199419236939445,synthetic land-use allocation; not a verified utility asset
SYN-1946,776472789,residential,19.831256,45.2463788,437.9689787535948,0.08199419236939445,synthetic land-use allocation; not a verified utility asset
SYN-1947,776472789,residential,19.8365357,45.2454646,437.9689787535948,0.08199419236939445,synthetic land-use allocation; not a verified utility asset
SYN-1948,776472789,residential,19.8369675,45.2440734,437.9689787535948,0.08199419236939445,synthetic land-use allocation; not a verified utility asset
SYN-1949,776472789,residential,19.830595,45.2468813,437.9689787535948,0.08199419236939445,synthetic land-use allocation; not a verified utility asset
SYN-1950,776472789,residential,19.8360393,45.2468727,437.9689787535948,0.08199419236939445,synthetic land-use allocation; not a verified utility asset
SYN-1951,776472789,residential,19.8380292,45.2458664,437.9689787535948,0.08199419236939445,synthetic land-use allocation; not a verified utility asset
SYN-1952,776472789,residential,19.8389616,45.2475087,437.9689787535948,0.08199419236939445,synthetic land-use allocation; not a verified utility asset
SYN-1953,776472789,residential,19.8374386,45.2456188,437.9689787535948,0.08199419236939445,synthetic land-use allocation; not a verified utility asset
SYN-1954,776472789,residential,19.8345629,45.2472402,437.9689787535948,0.08199419236939445,synthetic land-use allocation; not a verified utility asset
SYN-1955,776472789,residential,19.8326064,45.2482283,437.9689787535948,0.08199419236939445,synthetic land-use allocation; not a verified utility asset
SYN-1956,776472790,residential,19.8378264,45.2488183,667.0092911092071,0.12487388555012553,synthetic land-use allocation; not a verified utility asset
SYN-1957,776472791,residential,19.8357119,45.2489404,730.7233925571361,0.1368020963234821,synthetic land-use allocation; not a verified utility asset
SYN-1958,776472793,residential,19.8419531,45.2479487,765.0489907233768,0.1432283498614541,synthetic land-use allocation; not a verified utility asset
SYN-1959,780587355,residential,19.8379116,45.2601526,449.2875578888175,0.08411319576913935,synthetic land-use allocation; not a verified utility asset
SYN-1960,780587355,residential,19.8361426,45.2605022,449.2875578888175,0.08411319576913935,synthetic land-use allocation; not a verified utility asset
SYN-1961,780587355,residential,19.8413302,45.2593467,449.2875578888175,0.08411319576913935,synthetic land-use allocation; not a verified utility asset
SYN-1962,780587355,residential,19.8411372,45.2596379,449.2875578888175,0.08411319576913935,synthetic land-use allocation; not a verified utility asset
SYN-1963,780587355,residential,19.8408032,45.2611561,449.2875578888175,0.08411319576913935,synthetic land-use allocation; not a verified utility asset
SYN-1964,780587355,residential,19.838088,45.259155,449.2875578888175,0.08411319576913935,synthetic land-use allocation; not a verified utility asset
SYN-1965,780587355,residential,19.8392206,45.2613806,449.2875578888175,0.08411319576913935,synthetic land-use allocation; not a verified utility asset
SYN-1966,780587355,residential,19.8381036,45.2606129,449.2875578888175,0.08411319576913935,synthetic land-use allocation; not a verified utility asset
SYN-1967,780587355,residential,19.8379354,45.2591431,449.2875578888175,0.08411319576913935,synthetic land-use allocation; not a verified utility asset
SYN-1968,780587355,residential,19.8403709,45.2619175,449.2875578888175,0.08411319576913935,synthetic land-use allocation; not a verified utility asset
SYN-1969,780587355,residential,19.8407734,45.2594504,449.2875578888175,0.08411319576913935,synthetic land-use allocation; not a verified utility asset
SYN-1970,780587355,residential,19.8420755,45.2602941,449.2875578888175,0.08411319576913935,synthetic land-use allocation; not a verified utility asset
SYN-1971,780587355,residential,19.8355579,45.2595732,449.2875578888175,0.08411319576913935,synthetic land-use allocation; not a verified utility asset
SYN-1972,784779462,industrial,19.8842328,45.2801089,453.80068381284565,0.0849581188873364,synthetic land-use allocation; not a verified utility asset
SYN-1973,784779462,industrial,19.8858059,45.2804927,453.80068381284565,0.0849581188873364,synthetic land-use allocation; not a verified utility asset
SYN-1974,784779462,industrial,19.8840273,45.2804224,453.80068381284565,0.0849581188873364,synthetic land-use allocation; not a verified utility asset
SYN-1975,784779462,industrial,19.8859918,45.2803182,453.80068381284565,0.0849581188873364,synthetic land-use allocation; not a verified utility asset
SYN-1976,784779462,industrial,19.8842823,45.2810781,453.80068381284565,0.0849581188873364,synthetic land-use allocation; not a verified utility asset
SYN-1977,784779478,industrial,19.8821296,45.2811171,726.8972422500754,0.13608578507878122,synthetic land-use allocation; not a verified utility asset
SYN-1978,792134180,residential,19.7694099,45.2293153,434.9308375397942,0.08142540794124,synthetic land-use allocation; not a verified utility asset
SYN-1979,792134180,residential,19.7814662,45.2280394,434.9308375397942,0.08142540794124,synthetic land-use allocation; not a verified utility asset
SYN-1980,792134180,residential,19.7848719,45.2284189,434.9308375397942,0.08142540794124,synthetic land-use allocation; not a verified utility asset
SYN-1981,792134180,residential,19.7856343,45.2282078,434.9308375397942,0.08142540794124,synthetic land-use allocation; not a verified utility asset
SYN-1982,792134180,residential,19.7792116,45.2285932,434.9308375397942,0.08142540794124,synthetic land-use allocation; not a verified utility asset
SYN-1983,792134180,residential,19.7842986,45.2271521,434.9308375397942,0.08142540794124,synthetic land-use allocation; not a verified utility asset
SYN-1984,792134180,residential,19.7825349,45.2285198,434.9308375397942,0.08142540794124,synthetic land-use allocation; not a verified utility asset
SYN-1985,792134180,residential,19.7666558,45.2299983,434.9308375397942,0.08142540794124,synthetic land-use allocation; not a verified utility asset
SYN-1986,792134180,residential,19.7772942,45.2285988,434.9308375397942,0.08142540794124,synthetic land-use allocation; not a verified utility asset
SYN-1987,792134180,residential,19.7836642,45.2274683,434.9308375397942,0.08142540794124,synthetic land-use allocation; not a verified utility asset
SYN-1988,792134183,residential,19.7980421,45.2263581,438.7672991704455,0.08214364961638476,synthetic land-use allocation; not a verified utility asset
SYN-1989,792134183,residential,19.7875469,45.2272108,438.7672991704455,0.08214364961638476,synthetic land-use allocation; not a verified utility asset
SYN-1990,792134183,residential,19.7984058,45.2254677,438.7672991704455,0.08214364961638476,synthetic land-use allocation; not a verified utility asset
SYN-1991,792134183,residential,19.7970718,45.226961,438.7672991704455,0.08214364961638476,synthetic land-use allocation; not a verified utility asset
SYN-1992,792134183,residential,19.7915472,45.2268932,438.7672991704455,0.08214364961638476,synthetic land-use allocation; not a verified utility asset
SYN-1993,792134183,residential,19.7880898,45.2265914,438.7672991704455,0.08214364961638476,synthetic land-use allocation; not a verified utility asset
SYN-1994,792134183,residential,19.7946172,45.226031,438.7672991704455,0.08214364961638476,synthetic land-use allocation; not a verified utility asset
SYN-1995,792134183,residential,19.7932906,45.2264373,438.7672991704455,0.08214364961638476,synthetic land-use allocation; not a verified utility asset
SYN-1996,792134183,residential,19.7959195,45.2268453,438.7672991704455,0.08214364961638476,synthetic land-use allocation; not a verified utility asset
SYN-1997,792134183,residential,19.7883541,45.2273679,438.7672991704455,0.08214364961638476,synthetic land-use allocation; not a verified utility asset
SYN-1998,792134183,residential,19.7946501,45.2259724,438.7672991704455,0.08214364961638476,synthetic land-use allocation; not a verified utility asset
SYN-1999,792134183,residential,19.7861698,45.22717,438.7672991704455,0.08214364961638476,synthetic land-use allocation; not a verified utility asset
SYN-2000,802961155,industrial,19.8519768,45.2872654,464.1353280949793,0.08689291530545273,synthetic land-use allocation; not a verified utility asset
SYN-2001,802961155,industrial,19.8509961,45.2882003,464.1353280949793,0.08689291530545273,synthetic land-use allocation; not a verified utility asset
SYN-2002,802961159,commercial,19.8536096,45.2908045,438.2553302985249,0.08204780156273753,synthetic land-use allocation; not a verified utility asset
SYN-2003,802961159,commercial,19.854318,45.2906956,438.2553302985249,0.08204780156273753,synthetic land-use allocation; not a verified utility asset
SYN-2004,802961159,commercial,19.8541521,45.2895221,438.2553302985249,0.08204780156273753,synthetic land-use allocation; not a verified utility asset
SYN-2005,802961159,commercial,19.8535364,45.2892981,438.2553302985249,0.08204780156273753,synthetic land-use allocation; not a verified utility asset
SYN-2006,802961159,commercial,19.8545797,45.2901713,438.2553302985249,0.08204780156273753,synthetic land-use allocation; not a verified utility asset
SYN-2007,802961159,commercial,19.8533846,45.2886503,438.2553302985249,0.08204780156273753,synthetic land-use allocation; not a verified utility asset
SYN-2008,802961159,commercial,19.8538025,45.2887658,438.2553302985249,0.08204780156273753,synthetic land-use allocation; not a verified utility asset
SYN-2009,802961159,commercial,19.8550316,45.2910822,438.2553302985249,0.08204780156273753,synthetic land-use allocation; not a verified utility asset
SYN-2010,814235503,industrial,19.8017417,45.2280922,551.7213428599524,0.10329029706510526,synthetic land-use allocation; not a verified utility asset
SYN-2011,817217977,industrial,19.7910762,45.2491755,26.328766095973613,0.004929129725730219,synthetic land-use allocation; not a verified utility asset
SYN-2012,841797438,industrial,19.8429846,45.3094914,449.2856835924854,0.084112844873479,synthetic land-use allocation; not a verified utility asset
SYN-2013,841797438,industrial,19.8442569,45.309752,449.2856835924854,0.084112844873479,synthetic land-use allocation; not a verified utility asset
SYN-2014,841797438,industrial,19.8438586,45.3090217,449.2856835924854,0.084112844873479,synthetic land-use allocation; not a verified utility asset
SYN-2015,841797438,industrial,19.844826,45.3095749,449.2856835924854,0.084112844873479,synthetic land-use allocation; not a verified utility asset
SYN-2016,871243987,retail,19.7911215,45.2439604,456.55030241514294,0.08547288766676192,synthetic land-use allocation; not a verified utility asset
SYN-2017,871243987,retail,19.7907096,45.2436717,456.55030241514294,0.08547288766676192,synthetic land-use allocation; not a verified utility asset
SYN-2018,884127403,commercial,19.7785165,45.2676062,244.20750275266246,0.04571921284410575,synthetic land-use allocation; not a verified utility asset
SYN-2019,923540007,retail,19.8425667,45.2707665,256.45505665001474,0.04801213389338175,synthetic land-use allocation; not a verified utility asset
SYN-2020,923540008,retail,19.8429529,45.2711393,596.059348023048,0.11159101949289939,synthetic land-use allocation; not a verified utility asset
SYN-2021,924345993,industrial,19.8045804,45.2315125,604.1912565646048,0.11311343159428675,synthetic land-use allocation; not a verified utility asset
SYN-2022,924345993,industrial,19.8036092,45.2311453,604.1912565646048,0.11311343159428675,synthetic land-use allocation; not a verified utility asset
SYN-2023,953019235,residential,19.8202666,45.2574319,321.90329856275343,0.06026500110078945,synthetic land-use allocation; not a verified utility asset
SYN-2024,962192516,industrial,19.7874107,45.2842668,498.0694720038256,0.09324588288656094,synthetic land-use allocation; not a verified utility asset
SYN-2025,962192516,industrial,19.7868655,45.280808,498.0694720038256,0.09324588288656094,synthetic land-use allocation; not a verified utility asset
SYN-2026,962192516,industrial,19.7867864,45.2826019,498.0694720038256,0.09324588288656094,synthetic land-use allocation; not a verified utility asset
SYN-2027,962192516,industrial,19.7869844,45.2819079,498.0694720038256,0.09324588288656094,synthetic land-use allocation; not a verified utility asset
SYN-2028,962192516,industrial,19.78665,45.2810792,498.0694720038256,0.09324588288656094,synthetic land-use allocation; not a verified utility asset
SYN-2029,962192530,residential,19.7882883,45.282877,408.8721512627402,0.07654684110398331,synthetic land-use allocation; not a verified utility asset
SYN-2030,962192530,residential,19.7873941,45.2808584,408.8721512627402,0.07654684110398331,synthetic land-use allocation; not a verified utility asset
SYN-2031,962192538,industrial,19.7808838,45.2812895,54.44564285775175,0.010193019895743479,synthetic land-use allocation; not a verified utility asset
SYN-2032,962192539,industrial,19.7815044,45.2812026,19.282487903540733,0.0036099634887907304,synthetic land-use allocation; not a verified utility asset
SYN-2033,962192540,industrial,19.7821465,45.2811109,13.69263879294738,0.002563462057127135,synthetic land-use allocation; not a verified utility asset
SYN-2034,962192545,commercial,19.7893762,45.2800654,214.25554635944658,0.0401117689531384,synthetic land-use allocation; not a verified utility asset
SYN-2035,962192561,residential,19.7939912,45.2793025,142.07646717772167,0.02659879065884287,synthetic land-use allocation; not a verified utility asset
SYN-2036,969776721,residential,19.8463736,45.2898186,239.7248771763477,0.04487999983666783,synthetic land-use allocation; not a verified utility asset
SYN-2037,969776737,residential,19.8413274,45.2916007,230.51699683980104,0.043156150093296076,synthetic land-use allocation; not a verified utility asset
SYN-2038,969776758,residential,19.8397119,45.2908729,601.9676626439862,0.11269714232147685,synthetic land-use allocation; not a verified utility asset
SYN-2039,969776759,residential,19.8376274,45.2914335,291.0479293074686,0.054488425121489555,synthetic land-use allocation; not a verified utility asset
SYN-2040,974017381,residential,19.8204429,45.2333176,445.15220760880703,0.08333899777151182,synthetic land-use allocation; not a verified utility asset
SYN-2041,974017381,residential,19.8178367,45.2339506,445.15220760880703,0.08333899777151182,synthetic land-use allocation; not a verified utility asset
SYN-2042,974017381,residential,19.8164009,45.2309877,445.15220760880703,0.08333899777151182,synthetic land-use allocation; not a verified utility asset
SYN-2043,974017381,residential,19.8161827,45.231129,445.15220760880703,0.08333899777151182,synthetic land-use allocation; not a verified utility asset
SYN-2044,974017381,residential,19.8240544,45.2333525,445.15220760880703,0.08333899777151182,synthetic land-use allocation; not a verified utility asset
SYN-2045,974017381,residential,19.8231933,45.2377662,445.15220760880703,0.08333899777151182,synthetic land-use allocation; not a verified utility asset
SYN-2046,974017381,residential,19.8153225,45.2324365,445.15220760880703,0.08333899777151182,synthetic land-use allocation; not a verified utility asset
SYN-2047,974017381,residential,19.8223333,45.2373333,445.15220760880703,0.08333899777151182,synthetic land-use allocation; not a verified utility asset
SYN-2048,974017381,residential,19.822206,45.2327327,445.15220760880703,0.08333899777151182,synthetic land-use allocation; not a verified utility asset
SYN-2049,974017381,residential,19.825526,45.234911,445.15220760880703,0.08333899777151182,synthetic land-use allocation; not a verified utility asset
SYN-2050,974017381,residential,19.8200832,45.2360101,445.15220760880703,0.08333899777151182,synthetic land-use allocation; not a verified utility asset
SYN-2051,974017381,residential,19.8234298,45.237833,445.15220760880703,0.08333899777151182,synthetic land-use allocation; not a verified utility asset
SYN-2052,974017381,residential,19.8223286,45.2354739,445.15220760880703,0.08333899777151182,synthetic land-use allocation; not a verified utility asset
SYN-2053,974017381,residential,19.8256125,45.2351426,445.15220760880703,0.08333899777151182,synthetic land-use allocation; not a verified utility asset
SYN-2054,974017381,residential,19.817886,45.2323097,445.15220760880703,0.08333899777151182,synthetic land-use allocation; not a verified utility asset
SYN-2055,974017381,residential,19.8172714,45.2309243,445.15220760880703,0.08333899777151182,synthetic land-use allocation; not a verified utility asset
SYN-2056,974017381,residential,19.8246138,45.2338481,445.15220760880703,0.08333899777151182,synthetic land-use allocation; not a verified utility asset
SYN-2057,974017381,residential,19.8240296,45.2364001,445.15220760880703,0.08333899777151182,synthetic land-use allocation; not a verified utility asset
SYN-2058,974017381,residential,19.8211879,45.2338399,445.15220760880703,0.08333899777151182,synthetic land-use allocation; not a verified utility asset
SYN-2059,974017381,residential,19.8250472,45.2343036,445.15220760880703,0.08333899777151182,synthetic land-use allocation; not a verified utility asset
SYN-2060,974017381,residential,19.819143,45.2315472,445.15220760880703,0.08333899777151182,synthetic land-use allocation; not a verified utility asset
SYN-2061,974017381,residential,19.8188499,45.2343489,445.15220760880703,0.08333899777151182,synthetic land-use allocation; not a verified utility asset
SYN-2062,974017381,residential,19.8226414,45.2323814,445.15220760880703,0.08333899777151182,synthetic land-use allocation; not a verified utility asset
SYN-2063,974017381,residential,19.8234684,45.2354072,445.15220760880703,0.08333899777151182,synthetic land-use allocation; not a verified utility asset
SYN-2064,974017381,residential,19.8236523,45.2354136,445.15220760880703,0.08333899777151182,synthetic land-use allocation; not a verified utility asset
SYN-2065,974017381,residential,19.8188521,45.2317329,445.15220760880703,0.08333899777151182,synthetic land-use allocation; not a verified utility asset
SYN-2066,974017381,residential,19.8171705,45.2337272,445.15220760880703,0.08333899777151182,synthetic land-use allocation; not a verified utility asset
SYN-2067,974017381,residential,19.8227399,45.2368045,445.15220760880703,0.08333899777151182,synthetic land-use allocation; not a verified utility asset
SYN-2068,974017384,residential,19.8020307,45.2299102,424.6839567646826,0.07950704213402733,synthetic land-use allocation; not a verified utility asset
SYN-2069,974017384,residential,19.8053941,45.2304815,424.6839567646826,0.07950704213402733,synthetic land-use allocation; not a verified utility asset
SYN-2070,974017387,residential,19.8083474,45.2312735,436.65500153726407,0.08174819663483025,synthetic land-use allocation; not a verified utility asset
SYN-2071,974017387,residential,19.8215061,45.2374806,436.65500153726407,0.08174819663483025,synthetic land-use allocation; not a verified utility asset
SYN-2072,974017387,residential,19.8114053,45.2341583,436.65500153726407,0.08174819663483025,synthetic land-use allocation; not a verified utility asset
SYN-2073,974017387,residential,19.8197844,45.2378639,436.65500153726407,0.08174819663483025,synthetic land-use allocation; not a verified utility asset
SYN-2074,974017387,residential,19.8060341,45.2354125,436.65500153726407,0.08174819663483025,synthetic land-use allocation; not a verified utility asset
SYN-2075,974017387,residential,19.8091098,45.2317398,436.65500153726407,0.08174819663483025,synthetic land-use allocation; not a verified utility asset
SYN-2076,974017387,residential,19.809887,45.2370793,436.65500153726407,0.08174819663483025,synthetic land-use allocation; not a verified utility asset
SYN-2077,974017387,residential,19.8086993,45.2369754,436.65500153726407,0.08174819663483025,synthetic land-use allocation; not a verified utility asset
SYN-2078,974017387,residential,19.8072216,45.2316164,436.65500153726407,0.08174819663483025,synthetic land-use allocation; not a verified utility asset
SYN-2079,974017387,residential,19.8091169,45.2354649,436.65500153726407,0.08174819663483025,synthetic land-use allocation; not a verified utility asset
SYN-2080,974017387,residential,19.8177179,45.2355833,436.65500153726407,0.08174819663483025,synthetic land-use allocation; not a verified utility asset
SYN-2081,974017387,residential,19.8079557,45.2356691,436.65500153726407,0.08174819663483025,synthetic land-use allocation; not a verified utility asset
SYN-2082,974017387,residential,19.8065361,45.2348048,436.65500153726407,0.08174819663483025,synthetic land-use allocation; not a verified utility asset
SYN-2083,974017387,residential,19.8050264,45.2348533,436.65500153726407,0.08174819663483025,synthetic land-use allocation; not a verified utility asset
SYN-2084,974017387,residential,19.8073623,45.2299794,436.65500153726407,0.08174819663483025,synthetic land-use allocation; not a verified utility asset
SYN-2085,974017387,residential,19.8048484,45.2360655,436.65500153726407,0.08174819663483025,synthetic land-use allocation; not a verified utility asset
SYN-2086,974017387,residential,19.820818,45.2381762,436.65500153726407,0.08174819663483025,synthetic land-use allocation; not a verified utility asset
SYN-2087,974017387,residential,19.8117449,45.2371668,436.65500153726407,0.08174819663483025,synthetic land-use allocation; not a verified utility asset
SYN-2088,974017387,residential,19.8061336,45.23828,436.65500153726407,0.08174819663483025,synthetic land-use allocation; not a verified utility asset
SYN-2089,974017387,residential,19.813323,45.2345246,436.65500153726407,0.08174819663483025,synthetic land-use allocation; not a verified utility asset
SYN-2090,974017387,residential,19.8117804,45.2337223,436.65500153726407,0.08174819663483025,synthetic land-use allocation; not a verified utility asset
SYN-2091,974017387,residential,19.8129468,45.2356677,436.65500153726407,0.08174819663483025,synthetic land-use allocation; not a verified utility asset
SYN-2092,974017387,residential,19.8068128,45.2340208,436.65500153726407,0.08174819663483025,synthetic land-use allocation; not a verified utility asset
SYN-2093,974017387,residential,19.8103133,45.2341416,436.65500153726407,0.08174819663483025,synthetic land-use allocation; not a verified utility asset
SYN-2094,974017387,residential,19.8058345,45.2375843,436.65500153726407,0.08174819663483025,synthetic land-use allocation; not a verified utility asset
SYN-2095,974017387,residential,19.8105567,45.2314396,436.65500153726407,0.08174819663483025,synthetic land-use allocation; not a verified utility asset
SYN-2096,974017387,residential,19.8108164,45.2376788,436.65500153726407,0.08174819663483025,synthetic land-use allocation; not a verified utility asset
SYN-2097,974017387,residential,19.8111909,45.2372008,436.65500153726407,0.08174819663483025,synthetic land-use allocation; not a verified utility asset
SYN-2098,974017387,residential,19.8066827,45.2330406,436.65500153726407,0.08174819663483025,synthetic land-use allocation; not a verified utility asset
SYN-2099,974017387,residential,19.8178365,45.2349849,436.65500153726407,0.08174819663483025,synthetic land-use allocation; not a verified utility asset
SYN-2100,974017387,residential,19.8129791,45.2322255,436.65500153726407,0.08174819663483025,synthetic land-use allocation; not a verified utility asset
SYN-2101,974017387,residential,19.8058571,45.2356736,436.65500153726407,0.08174819663483025,synthetic land-use allocation; not a verified utility asset
SYN-2102,974017387,residential,19.807592,45.2312792,436.65500153726407,0.08174819663483025,synthetic land-use allocation; not a verified utility asset
SYN-2103,974017387,residential,19.8172587,45.2368646,436.65500153726407,0.08174819663483025,synthetic land-use allocation; not a verified utility asset
SYN-2104,974017387,residential,19.8130564,45.2347921,436.65500153726407,0.08174819663483025,synthetic land-use allocation; not a verified utility asset
SYN-2105,974017387,residential,19.8136522,45.2364035,436.65500153726407,0.08174819663483025,synthetic land-use allocation; not a verified utility asset
SYN-2106,974017387,residential,19.8105101,45.2361516,436.65500153726407,0.08174819663483025,synthetic land-use allocation; not a verified utility asset
SYN-2107,974017387,residential,19.8093704,45.2327494,436.65500153726407,0.08174819663483025,synthetic land-use allocation; not a verified utility asset
SYN-2108,974017387,residential,19.8066923,45.2363077,436.65500153726407,0.08174819663483025,synthetic land-use allocation; not a verified utility asset
SYN-2109,974017387,residential,19.8130952,45.2324417,436.65500153726407,0.08174819663483025,synthetic land-use allocation; not a verified utility asset
SYN-2110,974017387,residential,19.8131074,45.2362504,436.65500153726407,0.08174819663483025,synthetic land-use allocation; not a verified utility asset
SYN-2111,974017387,residential,19.8071322,45.2361286,436.65500153726407,0.08174819663483025,synthetic land-use allocation; not a verified utility asset
SYN-2112,974017387,residential,19.8156817,45.2356171,436.65500153726407,0.08174819663483025,synthetic land-use allocation; not a verified utility asset
SYN-2113,974017387,residential,19.8207164,45.2377128,436.65500153726407,0.08174819663483025,synthetic land-use allocation; not a verified utility asset
SYN-2114,974017387,residential,19.817346,45.2347818,436.65500153726407,0.08174819663483025,synthetic land-use allocation; not a verified utility asset
SYN-2115,974017387,residential,19.8088912,45.2347454,436.65500153726407,0.08174819663483025,synthetic land-use allocation; not a verified utility asset
SYN-2116,974017387,residential,19.8038304,45.2380982,436.65500153726407,0.08174819663483025,synthetic land-use allocation; not a verified utility asset
SYN-2117,974017387,residential,19.8021327,45.2376359,436.65500153726407,0.08174819663483025,synthetic land-use allocation; not a verified utility asset
SYN-2118,974017387,residential,19.8043919,45.2376127,436.65500153726407,0.08174819663483025,synthetic land-use allocation; not a verified utility asset
SYN-2119,974017387,residential,19.8070782,45.231878,436.65500153726407,0.08174819663483025,synthetic land-use allocation; not a verified utility asset
SYN-2120,974017387,residential,19.8151238,45.2357428,436.65500153726407,0.08174819663483025,synthetic land-use allocation; not a verified utility asset
SYN-2121,974017387,residential,19.8097659,45.233694,436.65500153726407,0.08174819663483025,synthetic land-use allocation; not a verified utility asset
SYN-2122,974017387,residential,19.8162206,45.2365732,436.65500153726407,0.08174819663483025,synthetic land-use allocation; not a verified utility asset
SYN-2123,974017387,residential,19.8058149,45.2372923,436.65500153726407,0.08174819663483025,synthetic land-use allocation; not a verified utility asset
SYN-2124,974017387,residential,19.8200512,45.2369523,436.65500153726407,0.08174819663483025,synthetic land-use allocation; not a verified utility asset
SYN-2125,974017387,residential,19.8117848,45.2346235,436.65500153726407,0.08174819663483025,synthetic land-use allocation; not a verified utility asset
SYN-2126,974017387,residential,19.8120281,45.2351104,436.65500153726407,0.08174819663483025,synthetic land-use allocation; not a verified utility asset
SYN-2127,974017387,residential,19.8204552,45.2371957,436.65500153726407,0.08174819663483025,synthetic land-use allocation; not a verified utility asset
SYN-2128,974017387,residential,19.8167206,45.2371774,436.65500153726407,0.08174819663483025,synthetic land-use allocation; not a verified utility asset
SYN-2129,974017389,residential,19.824491,45.2384856,624.4729625316618,0.11691046330501428,synthetic land-use allocation; not a verified utility asset
SYN-2130,1042589330,residential,19.8193946,45.2559643,409.8861490141348,0.07673667629944989,synthetic land-use allocation; not a verified utility asset
SYN-2131,1042589330,residential,19.8180276,45.2552055,409.8861490141348,0.07673667629944989,synthetic land-use allocation; not a verified utility asset
SYN-2132,1042589330,residential,19.8177067,45.2548476,409.8861490141348,0.07673667629944989,synthetic land-use allocation; not a verified utility asset
SYN-2133,1046499331,residential,19.7863149,45.2477156,252.37553036262705,0.04724838696286625,synthetic land-use allocation; not a verified utility asset
SYN-2134,1065062792,residential,19.8043574,45.2712069,483.4134748153466,0.0905020660613206,synthetic land-use allocation; not a verified utility asset
SYN-2135,1065062792,residential,19.8041349,45.2718997,483.4134748153466,0.0905020660613206,synthetic land-use allocation; not a verified utility asset
SYN-2136,1068470101,industrial,19.8290188,45.2706315,534.0507968989233,0.09998211266144226,synthetic land-use allocation; not a verified utility asset
SYN-2137,1068470101,industrial,19.8305422,45.269992,534.0507968989233,0.09998211266144226,synthetic land-use allocation; not a verified utility asset
SYN-2138,1068470101,industrial,19.8304573,45.2696595,534.0507968989233,0.09998211266144226,synthetic land-use allocation; not a verified utility asset
SYN-2139,1076059860,industrial,19.8783547,45.2906254,431.6602281719464,0.08081310207785297,synthetic land-use allocation; not a verified utility asset
SYN-2140,1076059860,industrial,19.8760857,45.2905777,431.6602281719464,0.08081310207785297,synthetic land-use allocation; not a verified utility asset
SYN-2141,1076059860,industrial,19.8771512,45.2896563,431.6602281719464,0.08081310207785297,synthetic land-use allocation; not a verified utility asset
SYN-2142,1076059860,industrial,19.8783148,45.2886324,431.6602281719464,0.08081310207785297,synthetic land-use allocation; not a verified utility asset
SYN-2143,1076059860,industrial,19.8806138,45.2879491,431.6602281719464,0.08081310207785297,synthetic land-use allocation; not a verified utility asset
SYN-2144,1076059860,industrial,19.8808265,45.2876545,431.6602281719464,0.08081310207785297,synthetic land-use allocation; not a verified utility asset
SYN-2145,1076059860,industrial,19.8797464,45.2883071,431.6602281719464,0.08081310207785297,synthetic land-use allocation; not a verified utility asset
SYN-2146,1076059860,industrial,19.8791349,45.2895546,431.6602281719464,0.08081310207785297,synthetic land-use allocation; not a verified utility asset
SYN-2147,1076059860,industrial,19.8765994,45.2896745,431.6602281719464,0.08081310207785297,synthetic land-use allocation; not a verified utility asset
SYN-2148,1076059860,industrial,19.8780684,45.2881065,431.6602281719464,0.08081310207785297,synthetic land-use allocation; not a verified utility asset
SYN-2149,1076059860,industrial,19.8789181,45.2874204,431.6602281719464,0.08081310207785297,synthetic land-use allocation; not a verified utility asset
SYN-2150,1076059860,industrial,19.878646,45.289219,431.6602281719464,0.08081310207785297,synthetic land-use allocation; not a verified utility asset
SYN-2151,1076059860,industrial,19.8781819,45.2889951,431.6602281719464,0.08081310207785297,synthetic land-use allocation; not a verified utility asset
SYN-2152,1076059860,industrial,19.878432,45.2882266,431.6602281719464,0.08081310207785297,synthetic land-use allocation; not a verified utility asset
SYN-2153,1076059860,industrial,19.8794802,45.2885604,431.6602281719464,0.08081310207785297,synthetic land-use allocation; not a verified utility asset
SYN-2154,1076059860,industrial,19.8762677,45.2888063,431.6602281719464,0.08081310207785297,synthetic land-use allocation; not a verified utility asset
SYN-2155,1076059860,industrial,19.8792335,45.2895074,431.6602281719464,0.08081310207785297,synthetic land-use allocation; not a verified utility asset
SYN-2156,1076059860,industrial,19.8787877,45.2874945,431.6602281719464,0.08081310207785297,synthetic land-use allocation; not a verified utility asset
SYN-2157,1076059860,industrial,19.8793221,45.2888032,431.6602281719464,0.08081310207785297,synthetic land-use allocation; not a verified utility asset
SYN-2158,1076059860,industrial,19.8789896,45.2908875,431.6602281719464,0.08081310207785297,synthetic land-use allocation; not a verified utility asset
SYN-2159,1076059860,industrial,19.8785756,45.2880112,431.6602281719464,0.08081310207785297,synthetic land-use allocation; not a verified utility asset
SYN-2160,1082104673,retail,19.7744919,45.24379,7.153033614350917,0.0013391524118191213,synthetic land-use allocation; not a verified utility asset
SYN-2161,1122964359,retail,19.8435358,45.274274,488.81298575532475,0.09151293340624801,synthetic land-use allocation; not a verified utility asset
SYN-2162,1122964359,retail,19.84376,45.2725496,488.81298575532475,0.09151293340624801,synthetic land-use allocation; not a verified utility asset
SYN-2163,1122964359,retail,19.8440687,45.2732694,488.81298575532475,0.09151293340624801,synthetic land-use allocation; not a verified utility asset
SYN-2164,1122964359,retail,19.84407,45.2728343,488.81298575532475,0.09151293340624801,synthetic land-use allocation; not a verified utility asset
SYN-2165,1122964359,retail,19.843605,45.2728011,488.81298575532475,0.09151293340624801,synthetic land-use allocation; not a verified utility asset
SYN-2166,1122964359,retail,19.8426647,45.2734016,488.81298575532475,0.09151293340624801,synthetic land-use allocation; not a verified utility asset
SYN-2167,1189612174,residential,19.8404024,45.2360406,527.5535606990912,0.09876573510804905,synthetic land-use allocation; not a verified utility asset
SYN-2168,1189612174,residential,19.8404155,45.2362802,527.5535606990912,0.09876573510804905,synthetic land-use allocation; not a verified utility asset
SYN-2169,1192165412,commercial,19.823144,45.2755075,427.331351446623,0.08000267310187918,synthetic land-use allocation; not a verified utility asset
SYN-2170,1192165412,commercial,19.8227386,45.2755869,427.331351446623,0.08000267310187918,synthetic land-use allocation; not a verified utility asset
SYN-2171,1192165412,commercial,19.8220074,45.275606,427.331351446623,0.08000267310187918,synthetic land-use allocation; not a verified utility asset
SYN-2172,1192165412,commercial,19.8231076,45.2751745,427.331351446623,0.08000267310187918,synthetic land-use allocation; not a verified utility asset
SYN-2173,1254655244,commercial,19.8299045,45.2760384,209.3409856128156,0.039191691370435794,synthetic land-use allocation; not a verified utility asset
SYN-2174,1262202619,industrial,19.7975616,45.2940929,438.0660622289054,0.08201236781454393,synthetic land-use allocation; not a verified utility asset
SYN-2175,1262202619,industrial,19.7978505,45.2940443,438.0660622289054,0.08201236781454393,synthetic land-use allocation; not a verified utility asset
SYN-2176,1262202619,industrial,19.7988756,45.2941994,438.0660622289054,0.08201236781454393,synthetic land-use allocation; not a verified utility asset
SYN-2177,1262202648,industrial,19.8058104,45.2837701,537.6118771219274,0.10064879891323754,synthetic land-use allocation; not a verified utility asset
SYN-2178,1262202648,industrial,19.8048685,45.2835337,537.6118771219274,0.10064879891323754,synthetic land-use allocation; not a verified utility asset
SYN-2179,1288044770,industrial,19.8036612,45.2700895,710.8001165560298,0.13307216793971333,synthetic land-use allocation; not a verified utility asset
SYN-2180,1295346020,industrial,19.8122222,45.3033206,677.9967862964662,0.1269309051970553,synthetic land-use allocation; not a verified utility asset
SYN-2181,1295346021,industrial,19.8123408,45.3032456,675.0023572362306,0.12637030432276464,synthetic land-use allocation; not a verified utility asset
SYN-2182,1296682114,industrial,19.820492,45.3120917,444.9970241754116,0.08330994516525969,synthetic land-use allocation; not a verified utility asset
SYN-2183,1296682114,industrial,19.8200876,45.3118675,444.9970241754116,0.08330994516525969,synthetic land-use allocation; not a verified utility asset
SYN-2184,1331469190,retail,19.8257546,45.2688821,133.34542444287445,0.024964211881999324,synthetic land-use allocation; not a verified utility asset
SYN-2185,1346356686,residential,19.8012438,45.2458953,130.5848271789581,0.02444738773669992,synthetic land-use allocation; not a verified utility asset
SYN-2186,1346366291,industrial,19.8310155,45.2690058,150.75749977242734,0.02822400680671014,synthetic land-use allocation; not a verified utility asset
SYN-2187,1355059906,industrial,19.7990787,45.2752768,155.06579662230791,0.029030582929290522,synthetic land-use allocation; not a verified utility asset
SYN-2188,1355059907,residential,19.7993016,45.2767548,57.66423139601544,0.010795586699710652,synthetic land-use allocation; not a verified utility asset
SYN-2189,1363082796,industrial,19.8208864,45.2775505,615.6940269976692,0.11526691829636729,synthetic land-use allocation; not a verified utility asset
SYN-2190,1391811366,retail,19.8220531,45.2641488,90.0388822590631,0.01685659439553236,synthetic land-use allocation; not a verified utility asset
SYN-2191,1416408428,residential,19.8097028,45.238073,122.1273278233176,0.022864020277424756,synthetic land-use allocation; not a verified utility asset
SYN-2192,1416408429,residential,19.8089964,45.2381456,44.729704542921304,0.008374054275158782,synthetic land-use allocation; not a verified utility asset
SYN-2193,1431156983,industrial,19.8089699,45.2873111,475.43884688003186,0.08900909918758587,synthetic land-use allocation; not a verified utility asset
SYN-2194,1431156983,industrial,19.8083011,45.2878797,475.43884688003186,0.08900909918758587,synthetic land-use allocation; not a verified utility asset
SYN-2195,1431156983,industrial,19.8076341,45.2879417,475.43884688003186,0.08900909918758587,synthetic land-use allocation; not a verified utility asset
SYN-2196,1473350035,retail,19.8065195,45.2604404,740.0937102149297,0.13855635670690467,synthetic land-use allocation; not a verified utility asset
SYN-2197,1500923928,military,19.8298208,45.2328315,196.68601699885915,0.03682249633311974,synthetic land-use allocation; not a verified utility asset
SYN-2198,1500923928,military,19.8312108,45.2330072,196.68601699885915,0.03682249633311974,synthetic land-use allocation; not a verified utility asset
SYN-2199,1504082592,commercial,19.8480422,45.2529435,467.33051080657117,0.087491100196664,synthetic land-use allocation; not a verified utility asset
SYN-2200,1504082592,commercial,19.8485559,45.2528162,467.33051080657117,0.087491100196664,synthetic land-use allocation; not a verified utility asset
SYN-2201,1504082592,commercial,19.8489272,45.2535708,467.33051080657117,0.087491100196664,synthetic land-use allocation; not a verified utility asset
SYN-2202,1504082592,commercial,19.8475795,45.2533133,467.33051080657117,0.087491100196664,synthetic land-use allocation; not a verified utility asset
SYN-2203,1504082592,commercial,19.8500965,45.2537897,467.33051080657117,0.087491100196664,synthetic land-use allocation; not a verified utility asset
SYN-2204,1504082592,commercial,19.8484918,45.2530433,467.33051080657117,0.087491100196664,synthetic land-use allocation; not a verified utility asset
SYN-2205,1504082592,commercial,19.8496967,45.2536941,467.33051080657117,0.087491100196664,synthetic land-use allocation; not a verified utility asset
SYN-2206,1507488906,residential,19.8340121,45.2369017,432.11530776559454,0.08089829962734875,synthetic land-use allocation; not a verified utility asset
SYN-2207,1507488906,residential,19.8324712,45.2393844,432.11530776559454,0.08089829962734875,synthetic land-use allocation; not a verified utility asset
SYN-2208,1507488906,residential,19.8283788,45.2354985,432.11530776559454,0.08089829962734875,synthetic land-use allocation; not a verified utility asset
SYN-2209,1507488906,residential,19.8277658,45.2353861,432.11530776559454,0.08089829962734875,synthetic land-use allocation; not a verified utility asset
SYN-2210,1507488906,residential,19.8321202,45.2375653,432.11530776559454,0.08089829962734875,synthetic land-use allocation; not a verified utility asset
SYN-2211,1507488906,residential,19.8351513,45.23662,432.11530776559454,0.08089829962734875,synthetic land-use allocation; not a verified utility asset
SYN-2212,1507488906,residential,19.8297268,45.2393636,432.11530776559454,0.08089829962734875,synthetic land-use allocation; not a verified utility asset
SYN-2213,1507488906,residential,19.835607,45.2388317,432.11530776559454,0.08089829962734875,synthetic land-use allocation; not a verified utility asset
SYN-2214,1507488906,residential,19.834198,45.2412337,432.11530776559454,0.08089829962734875,synthetic land-use allocation; not a verified utility asset
SYN-2215,1507488906,residential,19.8304054,45.2382681,432.11530776559454,0.08089829962734875,synthetic land-use allocation; not a verified utility asset
SYN-2216,1507488906,residential,19.8275055,45.2389382,432.11530776559454,0.08089829962734875,synthetic land-use allocation; not a verified utility asset
SYN-2217,1507488906,residential,19.8323401,45.240468,432.11530776559454,0.08089829962734875,synthetic land-use allocation; not a verified utility asset
SYN-2218,1507488906,residential,19.8391366,45.241506,432.11530776559454,0.08089829962734875,synthetic land-use allocation; not a verified utility asset
SYN-2219,1507488906,residential,19.836433,45.2412351,432.11530776559454,0.08089829962734875,synthetic land-use allocation; not a verified utility asset
SYN-2220,1507488906,residential,19.8322738,45.2393671,432.11530776559454,0.08089829962734875,synthetic land-use allocation; not a verified utility asset
SYN-2221,1507488906,residential,19.834446,45.2418425,432.11530776559454,0.08089829962734875,synthetic land-use allocation; not a verified utility asset
SYN-2222,1507488906,residential,19.8381233,45.2371434,432.11530776559454,0.08089829962734875,synthetic land-use allocation; not a verified utility asset
SYN-2223,1507488906,residential,19.8360058,45.2416586,432.11530776559454,0.08089829962734875,synthetic land-use allocation; not a verified utility asset
SYN-2224,1507488906,residential,19.8289077,45.2398578,432.11530776559454,0.08089829962734875,synthetic land-use allocation; not a verified utility asset
SYN-2225,1507488906,residential,19.8330869,45.2375672,432.11530776559454,0.08089829962734875,synthetic land-use allocation; not a verified utility asset
SYN-2226,1507488906,residential,19.8359188,45.2390121,432.11530776559454,0.08089829962734875,synthetic land-use allocation; not a verified utility asset
SYN-2227,1507488906,residential,19.8290547,45.2371855,432.11530776559454,0.08089829962734875,synthetic land-use allocation; not a verified utility asset
SYN-2228,1507488906,residential,19.8289424,45.2366062,432.11530776559454,0.08089829962734875,synthetic land-use allocation; not a verified utility asset
SYN-2229,1507488906,residential,19.8363913,45.2404816,432.11530776559454,0.08089829962734875,synthetic land-use allocation; not a verified utility asset
SYN-2230,1507488906,residential,19.8359212,45.2388133,432.11530776559454,0.08089829962734875,synthetic land-use allocation; not a verified utility asset
SYN-2231,1507488906,residential,19.8348071,45.2409776,432.11530776559454,0.08089829962734875,synthetic land-use allocation; not a verified utility asset
SYN-2232,1507488906,residential,19.8337722,45.2388109,432.11530776559454,0.08089829962734875,synthetic land-use allocation; not a verified utility asset
SYN-2233,1507488906,residential,19.8324012,45.2396493,432.11530776559454,0.08089829962734875,synthetic land-use allocation; not a verified utility asset
SYN-2234,1507488906,residential,19.831531,45.2366219,432.11530776559454,0.08089829962734875,synthetic land-use allocation; not a verified utility asset
SYN-2235,1507488906,residential,19.8325074,45.2385768,432.11530776559454,0.08089829962734875,synthetic land-use allocation; not a verified utility asset
SYN-2236,1507488906,residential,19.830717,45.2408664,432.11530776559454,0.08089829962734875,synthetic land-use allocation; not a verified utility asset
SYN-2237,1507488906,residential,19.8379774,45.2421054,432.11530776559454,0.08089829962734875,synthetic land-use allocation; not a verified utility asset
SYN-2238,1507488906,residential,19.8351053,45.2408028,432.11530776559454,0.08089829962734875,synthetic land-use allocation; not a verified utility asset
SYN-2239,1507488906,residential,19.8341955,45.2402542,432.11530776559454,0.08089829962734875,synthetic land-use allocation; not a verified utility asset
SYN-2240,1507488906,residential,19.8363579,45.2394755,432.11530776559454,0.08089829962734875,synthetic land-use allocation; not a verified utility asset
SYN-2241,1507488906,residential,19.829891,45.2394292,432.11530776559454,0.08089829962734875,synthetic land-use allocation; not a verified utility asset
SYN-2242,1507488906,residential,19.8338429,45.237615,432.11530776559454,0.08089829962734875,synthetic land-use allocation; not a verified utility asset
SYN-2243,1507488906,residential,19.832923,45.2365047,432.11530776559454,0.08089829962734875,synthetic land-use allocation; not a verified utility asset
SYN-2244,1507488906,residential,19.8367607,45.2381686,432.11530776559454,0.08089829962734875,synthetic land-use allocation; not a verified utility asset
SYN-2245,1507488906,residential,19.8381391,45.2394315,432.11530776559454,0.08089829962734875,synthetic land-use allocation; not a verified utility asset
SYN-2246,1507488906,residential,19.8289409,45.2388505,432.11530776559454,0.08089829962734875,synthetic land-use allocation; not a verified utility asset
SYN-2247,1507488906,residential,19.8384045,45.2416321,432.11530776559454,0.08089829962734875,synthetic land-use allocation; not a verified utility asset
SYN-2248,1507488906,residential,19.8374295,45.2370754,432.11530776559454,0.08089829962734875,synthetic land-use allocation; not a verified utility asset
SYN-2249,1507488906,residential,19.8326687,45.2414978,432.11530776559454,0.08089829962734875,synthetic land-use allocation; not a verified utility asset
SYN-2250,1507488906,residential,19.8361182,45.2421447,432.11530776559454,0.08089829962734875,synthetic land-use allocation; not a verified utility asset
SYN-2251,1507488906,residential,19.8331632,45.2405845,432.11530776559454,0.08089829962734875,synthetic land-use allocation; not a verified utility asset
SYN-2252,1514023552,commercial,19.8425164,45.2445861,436.2520460185034,0.08167275747378373,synthetic land-use allocation; not a verified utility asset
SYN-2253,1514023552,commercial,19.845537,45.2477401,436.2520460185034,0.08167275747378373,synthetic land-use allocation; not a verified utility asset
SYN-2254,1514023552,commercial,19.8457124,45.246358,436.2520460185034,0.08167275747378373,synthetic land-use allocation; not a verified utility asset
SYN-2255,1514023552,commercial,19.8444403,45.2460033,436.2520460185034,0.08167275747378373,synthetic land-use allocation; not a verified utility asset
SYN-2256,1514023552,commercial,19.8417392,45.2441382,436.2520460185034,0.08167275747378373,synthetic land-use allocation; not a verified utility asset
SYN-2257,1514023552,commercial,19.8430409,45.2480916,436.2520460185034,0.08167275747378373,synthetic land-use allocation; not a verified utility asset
SYN-2258,1514023552,commercial,19.8421089,45.246921,436.2520460185034,0.08167275747378373,synthetic land-use allocation; not a verified utility asset
SYN-2259,1514023552,commercial,19.843747,45.247567,436.2520460185034,0.08167275747378373,synthetic land-use allocation; not a verified utility asset
SYN-2260,1514023552,commercial,19.8418602,45.2475858,436.2520460185034,0.08167275747378373,synthetic land-use allocation; not a verified utility asset
SYN-2261,1514023552,commercial,19.8438504,45.2465088,436.2520460185034,0.08167275747378373,synthetic land-use allocation; not a verified utility asset
SYN-2262,1514023552,commercial,19.8438332,45.2462964,436.2520460185034,0.08167275747378373,synthetic land-use allocation; not a verified utility asset
SYN-2263,1514023552,commercial,19.8447969,45.2458624,436.2520460185034,0.08167275747378373,synthetic land-use allocation; not a verified utility asset
SYN-2264,1514023552,commercial,19.8462539,45.2470546,436.2520460185034,0.08167275747378373,synthetic land-use allocation; not a verified utility asset
SYN-2265,1514023552,commercial,19.8421419,45.2459021,436.2520460185034,0.08167275747378373,synthetic land-use allocation; not a verified utility asset
SYN-2266,1514023552,commercial,19.8450597,45.2481126,436.2520460185034,0.08167275747378373,synthetic land-use allocation; not a verified utility asset
SYN-2267,1514023552,commercial,19.8452904,45.2488229,436.2520460185034,0.08167275747378373,synthetic land-use allocation; not a verified utility asset
SYN-2268,1514023552,commercial,19.8442099,45.2466206,436.2520460185034,0.08167275747378373,synthetic land-use allocation; not a verified utility asset
SYN-2269,1514023552,commercial,19.8444495,45.2478283,436.2520460185034,0.08167275747378373,synthetic land-use allocation; not a verified utility asset
SYN-2270,1514023552,commercial,19.8421011,45.2470282,436.2520460185034,0.08167275747378373,synthetic land-use allocation; not a verified utility asset
SYN-2271,1514023552,commercial,19.8432334,45.2469171,436.2520460185034,0.08167275747378373,synthetic land-use allocation; not a verified utility asset
SYN-2272,1514023552,commercial,19.8441535,45.2486924,436.2520460185034,0.08167275747378373,synthetic land-use allocation; not a verified utility asset
SYN-2273,1514023552,commercial,19.8407532,45.2459806,436.2520460185034,0.08167275747378373,synthetic land-use allocation; not a verified utility asset
SYN-2274,1514023552,commercial,19.8436333,45.2453284,436.2520460185034,0.08167275747378373,synthetic land-use allocation; not a verified utility asset
SYN-2275,1514023552,commercial,19.8428067,45.2478041,436.2520460185034,0.08167275747378373,synthetic land-use allocation; not a verified utility asset
SYN-2276,1514023552,commercial,19.8425208,45.2446132,436.2520460185034,0.08167275747378373,synthetic land-use allocation; not a verified utility asset
SYN-2277,1514023552,commercial,19.8425224,45.246465,436.2520460185034,0.08167275747378373,synthetic land-use allocation; not a verified utility asset
SYN-2278,1514023552,commercial,19.8474262,45.2479404,436.2520460185034,0.08167275747378373,synthetic land-use allocation; not a verified utility asset
SYN-2279,1514023552,commercial,19.8425663,45.2471919,436.2520460185034,0.08167275747378373,synthetic land-use allocation; not a verified utility asset
SYN-2280,1514023552,commercial,19.8426803,45.2484646,436.2520460185034,0.08167275747378373,synthetic land-use allocation; not a verified utility asset
SYN-2281,1514023552,commercial,19.8472477,45.2473819,436.2520460185034,0.08167275747378373,synthetic land-use allocation; not a verified utility asset
SYN-2282,1514023552,commercial,19.8410497,45.2452732,436.2520460185034,0.08167275747378373,synthetic land-use allocation; not a verified utility asset
SYN-2283,1514023552,commercial,19.8443988,45.2488898,436.2520460185034,0.08167275747378373,synthetic land-use allocation; not a verified utility asset
SYN-2284,1514023552,commercial,19.8432073,45.2480901,436.2520460185034,0.08167275747378373,synthetic land-use allocation; not a verified utility asset
SYN-2285,1514023552,commercial,19.8416685,45.2453535,436.2520460185034,0.08167275747378373,synthetic land-use allocation; not a verified utility asset
SYN-2286,1514023552,commercial,19.8430279,45.246745,436.2520460185034,0.08167275747378373,synthetic land-use allocation; not a verified utility asset
SYN-2287,1514023552,commercial,19.8421184,45.2467012,436.2520460185034,0.08167275747378373,synthetic land-use allocation; not a verified utility asset
SYN-2288,1514530693,commercial,19.8403697,45.2433924,449.7843250552479,0.08420619784139344,synthetic land-use allocation; not a verified utility asset
SYN-2289,1514530693,commercial,19.8413034,45.2436439,449.7843250552479,0.08420619784139344,synthetic land-use allocation; not a verified utility asset
SYN-2290,1514530693,commercial,19.8406783,45.2433034,449.7843250552479,0.08420619784139344,synthetic land-use allocation; not a verified utility asset
SYN-2291,1514530693,commercial,19.8408365,45.2423968,449.7843250552479,0.08420619784139344,synthetic land-use allocation; not a verified utility asset
SYN-2292,1514530693,commercial,19.8408084,45.2423011,449.7843250552479,0.08420619784139344,synthetic land-use allocation; not a verified utility asset
SYN-2293,1514530693,commercial,19.8408406,45.2422202,449.7843250552479,0.08420619784139344,synthetic land-use allocation; not a verified utility asset
SYN-2294,1514530693,commercial,19.8390501,45.2426776,449.7843250552479,0.08420619784139344,synthetic land-use allocation; not a verified utility asset
SYN-2295,1514530693,commercial,19.8394192,45.243072,449.7843250552479,0.08420619784139344,synthetic land-use allocation; not a verified utility asset
SYN-2296,1514530693,commercial,19.8409958,45.2422985,449.7843250552479,0.08420619784139344,synthetic land-use allocation; not a verified utility asset
SYN-2297,1514533827,retail,19.8445227,45.2497005,266.7774099048675,0.04994462925159619,synthetic land-use allocation; not a verified utility asset
SYN-2298,1514534154,retail,19.8180978,45.2650915,502.4154628667711,0.0940595158791672,synthetic land-use allocation; not a verified utility asset
SYN-2299,1514534154,retail,19.8174971,45.265413,502.4154628667711,0.0940595158791672,synthetic land-use allocation; not a verified utility asset
SYN-2300,1523580174,industrial,19.7932699,45.2791978,647.9199399236257,0.12130008007702582,synthetic land-use allocation; not a verified utility asset
SYN-2301,1523580175,industrial,19.7967801,45.2805542,454.2860476252722,0.08504898608509662,synthetic land-use allocation; not a verified utility asset
SYN-2302,1523580175,industrial,19.7992507,45.2784768,454.2860476252722,0.08504898608509662,synthetic land-use allocation; not a verified utility asset
SYN-2303,1523580175,industrial,19.7953147,45.2812604,454.2860476252722,0.08504898608509662,synthetic land-use allocation; not a verified utility asset
SYN-2304,1523580175,industrial,19.7991886,45.2788316,454.2860476252722,0.08504898608509662,synthetic land-use allocation; not a verified utility asset
SYN-2305,1523580175,industrial,19.793689,45.282019,454.2860476252722,0.08504898608509662,synthetic land-use allocation; not a verified utility asset
SYN-2306,1523580175,industrial,19.7949084,45.2816582,454.2860476252722,0.08504898608509662,synthetic land-use allocation; not a verified utility asset
SYN-2307,1523580175,industrial,19.7960472,45.2804726,454.2860476252722,0.08504898608509662,synthetic land-use allocation; not a verified utility asset
SYN-2308,1523580175,industrial,19.7977747,45.2795173,454.2860476252722,0.08504898608509662,synthetic land-use allocation; not a verified utility asset
SYN-2309,1523580175,industrial,19.7962731,45.2806359,454.2860476252722,0.08504898608509662,synthetic land-use allocation; not a verified utility asset
SYN-2310,1523580175,industrial,19.7941074,45.2812399,454.2860476252722,0.08504898608509662,synthetic land-use allocation; not a verified utility asset
SYN-2311,1523580192,industrial,19.808562,45.2726009,438.3693144523941,0.08206914106186373,synthetic land-use allocation; not a verified utility asset
SYN-2312,1523580192,industrial,19.8093696,45.2722539,438.3693144523941,0.08206914106186373,synthetic land-use allocation; not a verified utility asset
SYN-2313,1523580192,industrial,19.8104181,45.2715512,438.3693144523941,0.08206914106186373,synthetic land-use allocation; not a verified utility asset
SYN-2314,1523580192,industrial,19.809771,45.2716974,438.3693144523941,0.08206914106186373,synthetic land-use allocation; not a verified utility asset
SYN-2315,10362471,residential,19.8167736,45.3006947,439.3025813853216,0.08224386226848486,synthetic land-use allocation; not a verified utility asset
SYN-2316,10362471,residential,19.8159036,45.2951144,439.3025813853216,0.08224386226848486,synthetic land-use allocation; not a verified utility asset
SYN-2317,10362471,residential,19.810898,45.300486,439.3025813853216,0.08224386226848486,synthetic land-use allocation; not a verified utility asset
SYN-2318,10362471,residential,19.8119074,45.2993075,439.3025813853216,0.08224386226848486,synthetic land-use allocation; not a verified utility asset
SYN-2319,10362471,residential,19.8163666,45.301246,439.3025813853216,0.08224386226848486,synthetic land-use allocation; not a verified utility asset
SYN-2320,10362471,residential,19.8116396,45.300011,439.3025813853216,0.08224386226848486,synthetic land-use allocation; not a verified utility asset
SYN-2321,10362471,residential,19.808079,45.3000985,439.3025813853216,0.08224386226848486,synthetic land-use allocation; not a verified utility asset
SYN-2322,10362471,residential,19.8096778,45.2967149,439.3025813853216,0.08224386226848486,synthetic land-use allocation; not a verified utility asset
SYN-2323,10362471,residential,19.8149853,45.2964408,439.3025813853216,0.08224386226848486,synthetic land-use allocation; not a verified utility asset
SYN-2324,10362471,residential,19.8148051,45.2961651,439.3025813853216,0.08224386226848486,synthetic land-use allocation; not a verified utility asset
SYN-2325,10362471,residential,19.8176037,45.2985294,439.3025813853216,0.08224386226848486,synthetic land-use allocation; not a verified utility asset
SYN-2326,10362471,residential,19.8164018,45.2973178,439.3025813853216,0.08224386226848486,synthetic land-use allocation; not a verified utility asset
SYN-2327,10362471,residential,19.8082724,45.2999359,439.3025813853216,0.08224386226848486,synthetic land-use allocation; not a verified utility asset
SYN-2328,10362471,residential,19.8148085,45.2960054,439.3025813853216,0.08224386226848486,synthetic land-use allocation; not a verified utility asset
SYN-2329,10362471,residential,19.8180837,45.2996905,439.3025813853216,0.08224386226848486,synthetic land-use allocation; not a verified utility asset
SYN-2330,10362471,residential,19.8116528,45.2978206,439.3025813853216,0.08224386226848486,synthetic land-use allocation; not a verified utility asset
SYN-2331,10362471,residential,19.8106535,45.2952142,439.3025813853216,0.08224386226848486,synthetic land-use allocation; not a verified utility asset
SYN-2332,10362471,residential,19.8098913,45.3014394,439.3025813853216,0.08224386226848486,synthetic land-use allocation; not a verified utility asset
SYN-2333,10362471,residential,19.8134218,45.3032581,439.3025813853216,0.08224386226848486,synthetic land-use allocation; not a verified utility asset
SYN-2334,10362471,residential,19.8140584,45.2972831,439.3025813853216,0.08224386226848486,synthetic land-use allocation; not a verified utility asset
SYN-2335,10362471,residential,19.8097842,45.3015204,439.3025813853216,0.08224386226848486,synthetic land-use allocation; not a verified utility asset
SYN-2336,10362471,residential,19.81652,45.2939585,439.3025813853216,0.08224386226848486,synthetic land-use allocation; not a verified utility asset
SYN-2337,10362471,residential,19.8147482,45.3022423,439.3025813853216,0.08224386226848486,synthetic land-use allocation; not a verified utility asset
SYN-2338,10362471,residential,19.8161517,45.2945088,439.3025813853216,0.08224386226848486,synthetic land-use allocation; not a verified utility asset
SYN-2339,10362471,residential,19.8148163,45.2984153,439.3025813853216,0.08224386226848486,synthetic land-use allocation; not a verified utility asset
SYN-2340,10362471,residential,19.8176173,45.3015994,439.3025813853216,0.08224386226848486,synthetic land-use allocation; not a verified utility asset
SYN-2341,10362471,residential,19.8143311,45.2991671,439.3025813853216,0.08224386226848486,synthetic land-use allocation; not a verified utility asset
SYN-2342,10362471,residential,19.8181093,45.3000322,439.3025813853216,0.08224386226848486,synthetic land-use allocation; not a verified utility asset
SYN-2343,10362471,residential,19.8112052,45.2985276,439.3025813853216,0.08224386226848486,synthetic land-use allocation; not a verified utility asset
SYN-2344,10362471,residential,19.8116903,45.2990733,439.3025813853216,0.08224386226848486,synthetic land-use allocation; not a verified utility asset
SYN-2345,10362471,residential,19.8148955,45.292953,439.3025813853216,0.08224386226848486,synthetic land-use allocation; not a verified utility asset
SYN-2346,10362471,residential,19.8165597,45.2973146,439.3025813853216,0.08224386226848486,synthetic land-use allocation; not a verified utility asset
SYN-2347,10362471,residential,19.8172068,45.2971079,439.3025813853216,0.08224386226848486,synthetic land-use allocation; not a verified utility asset
SYN-2348,10362471,residential,19.8170294,45.2986715,439.3025813853216,0.08224386226848486,synthetic land-use allocation; not a verified utility asset
SYN-2349,10362471,residential,19.8083612,45.2983943,439.3025813853216,0.08224386226848486,synthetic land-use allocation; not a verified utility asset
SYN-2350,10362471,residential,19.8152725,45.2948323,439.3025813853216,0.08224386226848486,synthetic land-use allocation; not a verified utility asset
SYN-2351,10362471,residential,19.8130327,45.3010396,439.3025813853216,0.08224386226848486,synthetic land-use allocation; not a verified utility asset
SYN-2352,10362471,residential,19.8106613,45.2939559,439.3025813853216,0.08224386226848486,synthetic land-use allocation; not a verified utility asset
SYN-2353,10362471,residential,19.8109647,45.29847,439.3025813853216,0.08224386226848486,synthetic land-use allocation; not a verified utility asset
SYN-2354,10362471,residential,19.8112011,45.2986699,439.3025813853216,0.08224386226848486,synthetic land-use allocation; not a verified utility asset
SYN-2355,10362471,residential,19.8132081,45.2955886,439.3025813853216,0.08224386226848486,synthetic land-use allocation; not a verified utility asset
SYN-2356,10362471,residential,19.8098377,45.294847,439.3025813853216,0.08224386226848486,synthetic land-use allocation; not a verified utility asset
SYN-2357,10362471,residential,19.8134774,45.2939506,439.3025813853216,0.08224386226848486,synthetic land-use allocation; not a verified utility asset
SYN-2358,10362471,residential,19.8093056,45.2938388,439.3025813853216,0.08224386226848486,synthetic land-use allocation; not a verified utility asset
SYN-2359,10362471,residential,19.8125729,45.3042184,439.3025813853216,0.08224386226848486,synthetic land-use allocation; not a verified utility asset
SYN-2360,10362471,residential,19.8145417,45.2952742,439.3025813853216,0.08224386226848486,synthetic land-use allocation; not a verified utility asset
SYN-2361,10362471,residential,19.8161145,45.2941028,439.3025813853216,0.08224386226848486,synthetic land-use allocation; not a verified utility asset
SYN-2362,10362471,residential,19.8126945,45.2960439,439.3025813853216,0.08224386226848486,synthetic land-use allocation; not a verified utility asset
SYN-2363,10362471,residential,19.8135434,45.3016855,439.3025813853216,0.08224386226848486,synthetic land-use allocation; not a verified utility asset
SYN-2364,10362471,residential,19.8099896,45.3001467,439.3025813853216,0.08224386226848486,synthetic land-use allocation; not a verified utility asset
SYN-2365,10362471,residential,19.8119771,45.2963842,439.3025813853216,0.08224386226848486,synthetic land-use allocation; not a verified utility asset
SYN-2366,10362471,residential,19.8129468,45.2966391,439.3025813853216,0.08224386226848486,synthetic land-use allocation; not a verified utility asset
SYN-2367,10362471,residential,19.8175986,45.2985908,439.3025813853216,0.08224386226848486,synthetic land-use allocation; not a verified utility asset
SYN-2368,10362471,residential,19.8140474,45.3018379,439.3025813853216,0.08224386226848486,synthetic land-use allocation; not a verified utility asset
SYN-2369,10362471,residential,19.8086101,45.2961022,439.3025813853216,0.08224386226848486,synthetic land-use allocation; not a verified utility asset
SYN-2370,10362471,residential,19.8158184,45.291836,439.3025813853216,0.08224386226848486,synthetic land-use allocation; not a verified utility asset
SYN-2371,10362474,residential,19.8010852,45.2959837,452.4214749513912,0.08469991083564858,synthetic land-use allocation; not a verified utility asset
SYN-2372,10362474,residential,19.8015372,45.2952008,452.4214749513912,0.08469991083564858,synthetic land-use allocation; not a verified utility asset
SYN-2373,10362474,residential,19.8014549,45.2954817,452.4214749513912,0.08469991083564858,synthetic land-use allocation; not a verified utility asset
SYN-2374,10362476,residential,19.8066392,45.3007449,555.8941711725943,0.1040715114980656,synthetic land-use allocation; not a verified utility asset
SYN-2375,10362476,residential,19.8040482,45.2982904,555.8941711725943,0.1040715114980656,synthetic land-use allocation; not a verified utility asset
SYN-2376,10371844,residential,19.8193408,45.3099899,752.1084943668421,0.14080569985863253,synthetic land-use allocation; not a verified utility asset
SYN-2377,10390000,residential,19.7963947,45.2838444,527.3261494574552,0.0987231604007108,synthetic land-use allocation; not a verified utility asset
SYN-2378,10390000,residential,19.7971104,45.2840362,527.3261494574552,0.0987231604007108,synthetic land-use allocation; not a verified utility asset
SYN-2379,10902527,industrial,19.9109888,45.2565335,64.15821730063094,0.01201135575034643,synthetic land-use allocation; not a verified utility asset
SYN-2380,11186605,residential,19.8157505,45.2235472,428.4648143930433,0.08021487392746472,synthetic land-use allocation; not a verified utility asset
SYN-2381,11186605,residential,19.810026,45.2232448,428.4648143930433,0.08021487392746472,synthetic land-use allocation; not a verified utility asset
SYN-2382,11186605,residential,19.8102391,45.2229967,428.4648143930433,0.08021487392746472,synthetic land-use allocation; not a verified utility asset
SYN-2383,11186605,residential,19.8040782,45.2241968,428.4648143930433,0.08021487392746472,synthetic land-use allocation; not a verified utility asset
SYN-2384,11186605,residential,19.8234375,45.2254889,428.4648143930433,0.08021487392746472,synthetic land-use allocation; not a verified utility asset
SYN-2385,11186605,residential,19.8095269,45.2228264,428.4648143930433,0.08021487392746472,synthetic land-use allocation; not a verified utility asset
SYN-2386,11186605,residential,19.803298,45.2240867,428.4648143930433,0.08021487392746472,synthetic land-use allocation; not a verified utility asset
SYN-2387,11186605,residential,19.8156518,45.2237444,428.4648143930433,0.08021487392746472,synthetic land-use allocation; not a verified utility asset
SYN-2388,11186605,residential,19.8021697,45.2247194,428.4648143930433,0.08021487392746472,synthetic land-use allocation; not a verified utility asset
SYN-2389,11186605,residential,19.8039346,45.2242785,428.4648143930433,0.08021487392746472,synthetic land-use allocation; not a verified utility asset
SYN-2390,11186605,residential,19.8245217,45.2258703,428.4648143930433,0.08021487392746472,synthetic land-use allocation; not a verified utility asset
SYN-2391,11186605,residential,19.8299135,45.2271809,428.4648143930433,0.08021487392746472,synthetic land-use allocation; not a verified utility asset
SYN-2392,11186605,residential,19.8180258,45.2243168,428.4648143930433,0.08021487392746472,synthetic land-use allocation; not a verified utility asset
SYN-2393,11555111,residential,19.8373037,45.3175845,206.4481899084383,0.03865011774541539,synthetic land-use allocation; not a verified utility asset
SYN-2394,11555112,residential,19.836845,45.3164199,622.9458440391022,0.11662456440914697,synthetic land-use allocation; not a verified utility asset
SYN-2395,11555113,industrial,19.8362348,45.3126242,430.7400805398314,0.08064083699604149,synthetic land-use allocation; not a verified utility asset
SYN-2396,11555113,industrial,19.8361241,45.3129983,430.7400805398314,0.08064083699604149,synthetic land-use allocation; not a verified utility asset
SYN-2397,11555114,residential,19.8638533,45.3121433,490.78664335221504,0.09188243094721833,synthetic land-use allocation; not a verified utility asset
SYN-2398,11555114,residential,19.8515135,45.3188436,490.78664335221504,0.09188243094721833,synthetic land-use allocation; not a verified utility asset
SYN-2399,14238010,commercial,19.8276668,45.2722432,444.5362786566127,0.08322368687178594,synthetic land-use allocation; not a verified utility asset
SYN-2400,14238010,commercial,19.8275225,45.2713378,444.5362786566127,0.08322368687178594,synthetic land-use allocation; not a verified utility asset
SYN-2401,14238010,commercial,19.8260431,45.2719318,444.5362786566127,0.08322368687178594,synthetic land-use allocation; not a verified utility asset
SYN-2402,14238010,commercial,19.8286466,45.2720938,444.5362786566127,0.08322368687178594,synthetic land-use allocation; not a verified utility asset
SYN-2403,14238010,commercial,19.8270795,45.2723121,444.5362786566127,0.08322368687178594,synthetic land-use allocation; not a verified utility asset
SYN-2404,14238010,commercial,19.8291198,45.2714223,444.5362786566127,0.08322368687178594,synthetic land-use allocation; not a verified utility asset
SYN-2405,14238010,commercial,19.8292977,45.2711269,444.5362786566127,0.08322368687178594,synthetic land-use allocation; not a verified utility asset
SYN-2406,14238010,commercial,19.8266794,45.2713028,444.5362786566127,0.08322368687178594,synthetic land-use allocation; not a verified utility asset
SYN-2407,14238010,commercial,19.8280415,45.2708344,444.5362786566127,0.08322368687178594,synthetic land-use allocation; not a verified utility asset
SYN-2408,14396549,residential,19.7776371,45.2443145,432.46439512692854,0.08096365388221036,synthetic land-use allocation; not a verified utility asset
SYN-2409,14396549,residential,19.7777555,45.2444131,432.46439512692854,0.08096365388221036,synthetic land-use allocation; not a verified utility asset
SYN-2410,14396549,residential,19.7780748,45.2440694,432.46439512692854,0.08096365388221036,synthetic land-use allocation; not a verified utility asset
SYN-2411,16666776,commercial,19.8620793,45.315028,4.6282811013806056,0.000866481850030159,synthetic land-use allocation; not a verified utility asset
SYN-2412,18023775,residential,19.8414367,45.2332134,188.9404621036493,0.03537241527967864,synthetic land-use allocation; not a verified utility asset
SYN-2413,18023775,residential,19.8414731,45.2327202,188.9404621036493,0.03537241527967864,synthetic land-use allocation; not a verified utility asset
SYN-2414,19896462,residential,19.7882447,45.2349145,433.8279222358513,0.08121892608068448,synthetic land-use allocation; not a verified utility asset
SYN-2415,19896462,residential,19.7796855,45.2305436,433.8279222358513,0.08121892608068448,synthetic land-use allocation; not a verified utility asset
SYN-2416,19896462,residential,19.7914071,45.2291792,433.8279222358513,0.08121892608068448,synthetic land-use allocation; not a verified utility asset
SYN-2417,19896462,residential,19.7842798,45.2404772,433.8279222358513,0.08121892608068448,synthetic land-use allocation; not a verified utility asset
SYN-2418,19896462,residential,19.7980296,45.2314449,433.8279222358513,0.08121892608068448,synthetic land-use allocation; not a verified utility asset
SYN-2419,19896462,residential,19.7812146,45.241771,433.8279222358513,0.08121892608068448,synthetic land-use allocation; not a verified utility asset
SYN-2420,19896462,residential,19.7837919,45.237968,433.8279222358513,0.08121892608068448,synthetic land-use allocation; not a verified utility asset
SYN-2421,19896462,residential,19.7906334,45.2321683,433.8279222358513,0.08121892608068448,synthetic land-use allocation; not a verified utility asset
SYN-2422,19896462,residential,19.7802957,45.2407449,433.8279222358513,0.08121892608068448,synthetic land-use allocation; not a verified utility asset
SYN-2423,19896462,residential,19.7982026,45.2328345,433.8279222358513,0.08121892608068448,synthetic land-use allocation; not a verified utility asset
SYN-2424,19896462,residential,19.7818436,45.230474,433.8279222358513,0.08121892608068448,synthetic land-use allocation; not a verified utility asset
SYN-2425,19896462,residential,19.7920577,45.2344201,433.8279222358513,0.08121892608068448,synthetic land-use allocation; not a verified utility asset
SYN-2426,19896462,residential,19.7943671,45.2311121,433.8279222358513,0.08121892608068448,synthetic land-use allocation; not a verified utility asset
SYN-2427,19896462,residential,19.7928142,45.2394802,433.8279222358513,0.08121892608068448,synthetic land-use allocation; not a verified utility asset
SYN-2428,19896462,residential,19.7871019,45.2370463,433.8279222358513,0.08121892608068448,synthetic land-use allocation; not a verified utility asset
SYN-2429,19896462,residential,19.7949569,45.2335352,433.8279222358513,0.08121892608068448,synthetic land-use allocation; not a verified utility asset
SYN-2430,19896462,residential,19.7877367,45.2331689,433.8279222358513,0.08121892608068448,synthetic land-use allocation; not a verified utility asset
SYN-2431,19896462,residential,19.7694063,45.2331727,433.8279222358513,0.08121892608068448,synthetic land-use allocation; not a verified utility asset
SYN-2432,19896462,residential,19.7902034,45.2366305,433.8279222358513,0.08121892608068448,synthetic land-use allocation; not a verified utility asset
SYN-2433,19896462,residential,19.7696375,45.2333282,433.8279222358513,0.08121892608068448,synthetic land-use allocation; not a verified utility asset
SYN-2434,19896462,residential,19.7654651,45.2327843,433.8279222358513,0.08121892608068448,synthetic land-use allocation; not a verified utility asset
SYN-2435,19896462,residential,19.8014215,45.2350054,433.8279222358513,0.08121892608068448,synthetic land-use allocation; not a verified utility asset
SYN-2436,19896462,residential,19.8026559,45.2318257,433.8279222358513,0.08121892608068448,synthetic land-use allocation; not a verified utility asset
SYN-2437,19896462,residential,19.8039602,45.2326976,433.8279222358513,0.08121892608068448,synthetic land-use allocation; not a verified utility asset
SYN-2438,19896462,residential,19.772134,45.2375311,433.8279222358513,0.08121892608068448,synthetic land-use allocation; not a verified utility asset
SYN-2439,19896462,residential,19.7986367,45.2350914,433.8279222358513,0.08121892608068448,synthetic land-use allocation; not a verified utility asset
SYN-2440,19896462,residential,19.7902867,45.2295693,433.8279222358513,0.08121892608068448,synthetic land-use allocation; not a verified utility asset
SYN-2441,19896462,residential,19.7834325,45.2422415,433.8279222358513,0.08121892608068448,synthetic land-use allocation; not a verified utility asset
SYN-2442,19896462,residential,19.7894807,45.2401541,433.8279222358513,0.08121892608068448,synthetic land-use allocation; not a verified utility asset
SYN-2443,19896462,residential,19.7895206,45.2370692,433.8279222358513,0.08121892608068448,synthetic land-use allocation; not a verified utility asset
SYN-2444,19896462,residential,19.7990245,45.2368564,433.8279222358513,0.08121892608068448,synthetic land-use allocation; not a verified utility asset
SYN-2445,19896462,residential,19.7773072,45.2393728,433.8279222358513,0.08121892608068448,synthetic land-use allocation; not a verified utility asset
SYN-2446,19896462,residential,19.7824589,45.2353892,433.8279222358513,0.08121892608068448,synthetic land-use allocation; not a verified utility asset
SYN-2447,19896462,residential,19.7821796,45.2330723,433.8279222358513,0.08121892608068448,synthetic land-use allocation; not a verified utility asset
SYN-2448,19896462,residential,19.7822598,45.2347139,433.8279222358513,0.08121892608068448,synthetic land-use allocation; not a verified utility asset
SYN-2449,19896462,residential,19.7723058,45.2331259,433.8279222358513,0.08121892608068448,synthetic land-use allocation; not a verified utility asset
SYN-2450,19896462,residential,19.7817146,45.2409575,433.8279222358513,0.08121892608068448,synthetic land-use allocation; not a verified utility asset
SYN-2451,19896462,residential,19.7739546,45.2380722,433.8279222358513,0.08121892608068448,synthetic land-use allocation; not a verified utility asset
SYN-2452,19896462,residential,19.7957621,45.2338085,433.8279222358513,0.08121892608068448,synthetic land-use allocation; not a verified utility asset
SYN-2453,19896462,residential,19.7918226,45.2295268,433.8279222358513,0.08121892608068448,synthetic land-use allocation; not a verified utility asset
SYN-2454,19896462,residential,19.7965824,45.2384587,433.8279222358513,0.08121892608068448,synthetic land-use allocation; not a verified utility asset
SYN-2455,19896462,residential,19.797124,45.2338911,433.8279222358513,0.08121892608068448,synthetic land-use allocation; not a verified utility asset
SYN-2456,19896462,residential,19.7878743,45.2347235,433.8279222358513,0.08121892608068448,synthetic land-use allocation; not a verified utility asset
SYN-2457,19896462,residential,19.7757846,45.2340857,433.8279222358513,0.08121892608068448,synthetic land-use allocation; not a verified utility asset
SYN-2458,19896462,residential,19.7965113,45.2305561,433.8279222358513,0.08121892608068448,synthetic land-use allocation; not a verified utility asset
SYN-2459,19896462,residential,19.7774515,45.2349899,433.8279222358513,0.08121892608068448,synthetic land-use allocation; not a verified utility asset
SYN-2460,19896462,residential,19.7794335,45.2386872,433.8279222358513,0.08121892608068448,synthetic land-use allocation; not a verified utility asset
SYN-2461,19896462,residential,19.788841,45.2293812,433.8279222358513,0.08121892608068448,synthetic land-use allocation; not a verified utility asset
SYN-2462,19896462,residential,19.7837165,45.230106,433.8279222358513,0.08121892608068448,synthetic land-use allocation; not a verified utility asset
SYN-2463,19896462,residential,19.783908,45.2336686,433.8279222358513,0.08121892608068448,synthetic land-use allocation; not a verified utility asset
SYN-2464,19896462,residential,19.7896548,45.2303932,433.8279222358513,0.08121892608068448,synthetic land-use allocation; not a verified utility asset
SYN-2465,19896462,residential,19.7819527,45.2341816,433.8279222358513,0.08121892608068448,synthetic land-use allocation; not a verified utility asset
SYN-2466,19896462,residential,19.7973822,45.2333869,433.8279222358513,0.08121892608068448,synthetic land-use allocation; not a verified utility asset
SYN-2467,19896462,residential,19.7824276,45.2368313,433.8279222358513,0.08121892608068448,synthetic land-use allocation; not a verified utility asset
SYN-2468,19896462,residential,19.7938877,45.2377522,433.8279222358513,0.08121892608068448,synthetic land-use allocation; not a verified utility asset
SYN-2469,19896462,residential,19.7994923,45.2336311,433.8279222358513,0.08121892608068448,synthetic land-use allocation; not a verified utility asset
SYN-2470,19896462,residential,19.7931849,45.2362518,433.8279222358513,0.08121892608068448,synthetic land-use allocation; not a verified utility asset
SYN-2471,19896462,residential,19.7828115,45.2388214,433.8279222358513,0.08121892608068448,synthetic land-use allocation; not a verified utility asset
SYN-2472,19896462,residential,19.7909237,45.2383809,433.8279222358513,0.08121892608068448,synthetic land-use allocation; not a verified utility asset
SYN-2473,19896462,residential,19.7880894,45.2337168,433.8279222358513,0.08121892608068448,synthetic land-use allocation; not a verified utility asset
SYN-2474,19896462,residential,19.7825383,45.2428124,433.8279222358513,0.08121892608068448,synthetic land-use allocation; not a verified utility asset
SYN-2475,19896462,residential,19.7860809,45.2386207,433.8279222358513,0.08121892608068448,synthetic land-use allocation; not a verified utility asset
SYN-2476,19896462,residential,19.7949081,45.2319774,433.8279222358513,0.08121892608068448,synthetic land-use allocation; not a verified utility asset
SYN-2477,19896462,residential,19.8013234,45.2343843,433.8279222358513,0.08121892608068448,synthetic land-use allocation; not a verified utility asset
SYN-2478,19896462,residential,19.7823679,45.2354796,433.8279222358513,0.08121892608068448,synthetic land-use allocation; not a verified utility asset
SYN-2479,19896462,residential,19.7983102,45.238196,433.8279222358513,0.08121892608068448,synthetic land-use allocation; not a verified utility asset
SYN-2480,19896462,residential,19.789629,45.237704,433.8279222358513,0.08121892608068448,synthetic land-use allocation; not a verified utility asset
SYN-2481,19896462,residential,19.8027648,45.2314761,433.8279222358513,0.08121892608068448,synthetic land-use allocation; not a verified utility asset
SYN-2482,19896462,residential,19.7994682,45.2378835,433.8279222358513,0.08121892608068448,synthetic land-use allocation; not a verified utility asset
SYN-2483,19896462,residential,19.7795149,45.2377604,433.8279222358513,0.08121892608068448,synthetic land-use allocation; not a verified utility asset
SYN-2484,19896462,residential,19.7803663,45.242296,433.8279222358513,0.08121892608068448,synthetic land-use allocation; not a verified utility asset
SYN-2485,19896462,residential,19.781801,45.2299672,433.8279222358513,0.08121892608068448,synthetic land-use allocation; not a verified utility asset
SYN-2486,19896462,residential,19.7817495,45.2431316,433.8279222358513,0.08121892608068448,synthetic land-use allocation; not a verified utility asset
SYN-2487,19896462,residential,19.7948457,45.2353516,433.8279222358513,0.08121892608068448,synthetic land-use allocation; not a verified utility asset
SYN-2488,19896462,residential,19.7961943,45.2335365,433.8279222358513,0.08121892608068448,synthetic land-use allocation; not a verified utility asset
SYN-2489,19896462,residential,19.7801902,45.2335771,433.8279222358513,0.08121892608068448,synthetic land-use allocation; not a verified utility asset
SYN-2490,19896462,residential,19.7803894,45.2386945,433.8279222358513,0.08121892608068448,synthetic land-use allocation; not a verified utility asset
SYN-2491,19896462,residential,19.7831734,45.2320909,433.8279222358513,0.08121892608068448,synthetic land-use allocation; not a verified utility asset
SYN-2492,19896462,residential,19.7779739,45.2294833,433.8279222358513,0.08121892608068448,synthetic land-use allocation; not a verified utility asset
SYN-2493,19896462,residential,19.7984709,45.2381963,433.8279222358513,0.08121892608068448,synthetic land-use allocation; not a verified utility asset
SYN-2494,19896462,residential,19.7959973,45.2358018,433.8279222358513,0.08121892608068448,synthetic land-use allocation; not a verified utility asset
SYN-2495,19896462,residential,19.7898082,45.2346179,433.8279222358513,0.08121892608068448,synthetic land-use allocation; not a verified utility asset
SYN-2496,19896462,residential,19.7779599,45.2332172,433.8279222358513,0.08121892608068448,synthetic land-use allocation; not a verified utility asset
SYN-2497,19896462,residential,19.7797993,45.2381651,433.8279222358513,0.08121892608068448,synthetic land-use allocation; not a verified utility asset
SYN-2498,19896462,residential,19.7804021,45.241101,433.8279222358513,0.08121892608068448,synthetic land-use allocation; not a verified utility asset
SYN-2499,19896462,residential,19.7833908,45.2371966,433.8279222358513,0.08121892608068448,synthetic land-use allocation; not a verified utility asset
SYN-2500,19896462,residential,19.7779216,45.2342429,433.8279222358513,0.08121892608068448,synthetic land-use allocation; not a verified utility asset
SYN-2501,19896462,residential,19.7850184,45.2320601,433.8279222358513,0.08121892608068448,synthetic land-use allocation; not a verified utility asset
SYN-2502,19896462,residential,19.7778988,45.2309504,433.8279222358513,0.08121892608068448,synthetic land-use allocation; not a verified utility asset
SYN-2503,19896462,residential,19.7920662,45.2350067,433.8279222358513,0.08121892608068448,synthetic land-use allocation; not a verified utility asset
SYN-2504,19896462,residential,19.7893675,45.2374293,433.8279222358513,0.08121892608068448,synthetic land-use allocation; not a verified utility asset
SYN-2505,19896462,residential,19.7911074,45.2329951,433.8279222358513,0.08121892608068448,synthetic land-use allocation; not a verified utility asset
SYN-2506,19896462,residential,19.7893068,45.241023,433.8279222358513,0.08121892608068448,synthetic land-use allocation; not a verified utility asset
SYN-2507,19896462,residential,19.7921361,45.2322658,433.8279222358513,0.08121892608068448,synthetic land-use allocation; not a verified utility asset
SYN-2508,19896462,residential,19.7820305,45.2419167,433.8279222358513,0.08121892608068448,synthetic land-use allocation; not a verified utility asset
SYN-2509,19896462,residential,19.7647358,45.2308153,433.8279222358513,0.08121892608068448,synthetic land-use allocation; not a verified utility asset
SYN-2510,19896462,residential,19.7816857,45.2401337,433.8279222358513,0.08121892608068448,synthetic land-use allocation; not a verified utility asset
SYN-2511,19896462,residential,19.7786545,45.2434933,433.8279222358513,0.08121892608068448,synthetic land-use allocation; not a verified utility asset
SYN-2512,19896462,residential,19.7907526,45.2370334,433.8279222358513,0.08121892608068448,synthetic land-use allocation; not a verified utility asset
SYN-2513,19896462,residential,19.7913066,45.2333953,433.8279222358513,0.08121892608068448,synthetic land-use allocation; not a verified utility asset
SYN-2514,19896462,residential,19.7929803,45.2381335,433.8279222358513,0.08121892608068448,synthetic land-use allocation; not a verified utility asset
SYN-2515,19896462,residential,19.7979117,45.2361321,433.8279222358513,0.08121892608068448,synthetic land-use allocation; not a verified utility asset
SYN-2516,19896462,residential,19.7827594,45.2391656,433.8279222358513,0.08121892608068448,synthetic land-use allocation; not a verified utility asset
SYN-2517,19896462,residential,19.7777184,45.2373331,433.8279222358513,0.08121892608068448,synthetic land-use allocation; not a verified utility asset
SYN-2518,19896462,residential,19.7949326,45.2315446,433.8279222358513,0.08121892608068448,synthetic land-use allocation; not a verified utility asset
SYN-2519,19896462,residential,19.7831328,45.2391627,433.8279222358513,0.08121892608068448,synthetic land-use allocation; not a verified utility asset
SYN-2520,19896462,residential,19.784492,45.2329427,433.8279222358513,0.08121892608068448,synthetic land-use allocation; not a verified utility asset
SYN-2521,19896462,residential,19.7687282,45.2319886,433.8279222358513,0.08121892608068448,synthetic land-use allocation; not a verified utility asset
SYN-2522,19896462,residential,19.7856596,45.2380176,433.8279222358513,0.08121892608068448,synthetic land-use allocation; not a verified utility asset
SYN-2523,19896462,residential,19.8009335,45.2313749,433.8279222358513,0.08121892608068448,synthetic land-use allocation; not a verified utility asset
SYN-2524,19896462,residential,19.7954735,45.2299683,433.8279222358513,0.08121892608068448,synthetic land-use allocation; not a verified utility asset
SYN-2525,19896462,residential,19.7763076,45.2300697,433.8279222358513,0.08121892608068448,synthetic land-use allocation; not a verified utility asset
SYN-2526,19896462,residential,19.772651,45.235298,433.8279222358513,0.08121892608068448,synthetic land-use allocation; not a verified utility asset
SYN-2527,19896462,residential,19.7822672,45.2397671,433.8279222358513,0.08121892608068448,synthetic land-use allocation; not a verified utility asset
SYN-2528,19896462,residential,19.7781784,45.2304753,433.8279222358513,0.08121892608068448,synthetic land-use allocation; not a verified utility asset
SYN-2529,19896462,residential,19.7863156,45.2347286,433.8279222358513,0.08121892608068448,synthetic land-use allocation; not a verified utility asset
SYN-2530,19896462,residential,19.7795729,45.231244,433.8279222358513,0.08121892608068448,synthetic land-use allocation; not a verified utility asset
SYN-2531,19896462,residential,19.7784769,45.2407309,433.8279222358513,0.08121892608068448,synthetic land-use allocation; not a verified utility asset
SYN-2532,19896462,residential,19.7935895,45.2348069,433.8279222358513,0.08121892608068448,synthetic land-use allocation; not a verified utility asset
SYN-2533,19896462,residential,19.7851925,45.2302941,433.8279222358513,0.08121892608068448,synthetic land-use allocation; not a verified utility asset
SYN-2534,19896462,residential,19.8024573,45.2319549,433.8279222358513,0.08121892608068448,synthetic land-use allocation; not a verified utility asset
SYN-2535,19896462,residential,19.7984912,45.2343761,433.8279222358513,0.08121892608068448,synthetic land-use allocation; not a verified utility asset
SYN-2536,19896462,residential,19.8026809,45.232182,433.8279222358513,0.08121892608068448,synthetic land-use allocation; not a verified utility asset
SYN-2537,19896462,residential,19.7945385,45.2296185,433.8279222358513,0.08121892608068448,synthetic land-use allocation; not a verified utility asset
SYN-2538,19896462,residential,19.7711369,45.2358746,433.8279222358513,0.08121892608068448,synthetic land-use allocation; not a verified utility asset
SYN-2539,19896462,residential,19.785285,45.2369404,433.8279222358513,0.08121892608068448,synthetic land-use allocation; not a verified utility asset
SYN-2540,19896462,residential,19.7990873,45.2375964,433.8279222358513,0.08121892608068448,synthetic land-use allocation; not a verified utility asset
SYN-2541,19896462,residential,19.7714402,45.2381639,433.8279222358513,0.08121892608068448,synthetic land-use allocation; not a verified utility asset
SYN-2542,19896462,residential,19.7937817,45.2326951,433.8279222358513,0.08121892608068448,synthetic land-use allocation; not a verified utility asset
SYN-2543,19896462,residential,19.77022,45.2349169,433.8279222358513,0.08121892608068448,synthetic land-use allocation; not a verified utility asset
SYN-2544,19896462,residential,19.7763941,45.233874,433.8279222358513,0.08121892608068448,synthetic land-use allocation; not a verified utility asset
SYN-2545,19896462,residential,19.7903968,45.2347736,433.8279222358513,0.08121892608068448,synthetic land-use allocation; not a verified utility asset
SYN-2546,19896462,residential,19.7855952,45.2376681,433.8279222358513,0.08121892608068448,synthetic land-use allocation; not a verified utility asset
SYN-2547,19896462,residential,19.7847633,45.2420584,433.8279222358513,0.08121892608068448,synthetic land-use allocation; not a verified utility asset
SYN-2548,19896462,residential,19.7868759,45.2375607,433.8279222358513,0.08121892608068448,synthetic land-use allocation; not a verified utility asset
SYN-2549,19896462,residential,19.7817169,45.2412962,433.8279222358513,0.08121892608068448,synthetic land-use allocation; not a verified utility asset
SYN-2550,19896462,residential,19.7679374,45.2316558,433.8279222358513,0.08121892608068448,synthetic land-use allocation; not a verified utility asset
SYN-2551,19896462,residential,19.7935871,45.2290887,433.8279222358513,0.08121892608068448,synthetic land-use allocation; not a verified utility asset
SYN-2552,19896462,residential,19.7810085,45.2313011,433.8279222358513,0.08121892608068448,synthetic land-use allocation; not a verified utility asset
SYN-2553,19896462,residential,19.7763504,45.2369931,433.8279222358513,0.08121892608068448,synthetic land-use allocation; not a verified utility asset
SYN-2554,19896462,residential,19.7745115,45.2379174,433.8279222358513,0.08121892608068448,synthetic land-use allocation; not a verified utility asset
SYN-2555,19896462,residential,19.7795147,45.239325,433.8279222358513,0.08121892608068448,synthetic land-use allocation; not a verified utility asset
SYN-2556,19896462,residential,19.8031238,45.2329333,433.8279222358513,0.08121892608068448,synthetic land-use allocation; not a verified utility asset
SYN-2557,19896462,residential,19.7984676,45.237654,433.8279222358513,0.08121892608068448,synthetic land-use allocation; not a verified utility asset
SYN-2558,19896462,residential,19.7776469,45.2381351,433.8279222358513,0.08121892608068448,synthetic land-use allocation; not a verified utility asset
SYN-2559,19896462,residential,19.7912588,45.2297688,433.8279222358513,0.08121892608068448,synthetic land-use allocation; not a verified utility asset
SYN-2560,19896462,residential,19.7964535,45.2290652,433.8279222358513,0.08121892608068448,synthetic land-use allocation; not a verified utility asset
SYN-2561,19896462,residential,19.7747576,45.2327227,433.8279222358513,0.08121892608068448,synthetic land-use allocation; not a verified utility asset
SYN-2562,19896462,residential,19.7824068,45.23372,433.8279222358513,0.08121892608068448,synthetic land-use allocation; not a verified utility asset
SYN-2563,19896462,residential,19.7860642,45.2429988,433.8279222358513,0.08121892608068448,synthetic land-use allocation; not a verified utility asset
SYN-2564,19896462,residential,19.7753773,45.2330129,433.8279222358513,0.08121892608068448,synthetic land-use allocation; not a verified utility asset
SYN-2565,19896462,residential,19.7820572,45.2396934,433.8279222358513,0.08121892608068448,synthetic land-use allocation; not a verified utility asset
SYN-2566,19896462,residential,19.786094,45.2403141,433.8279222358513,0.08121892608068448,synthetic land-use allocation; not a verified utility asset
SYN-2567,19896462,residential,19.7839814,45.2312425,433.8279222358513,0.08121892608068448,synthetic land-use allocation; not a verified utility asset
SYN-2568,19896462,residential,19.7806289,45.2362625,433.8279222358513,0.08121892608068448,synthetic land-use allocation; not a verified utility asset
SYN-2569,19896462,residential,19.7953885,45.233646,433.8279222358513,0.08121892608068448,synthetic land-use allocation; not a verified utility asset
SYN-2570,19896462,residential,19.7778241,45.2379328,433.8279222358513,0.08121892608068448,synthetic land-use allocation; not a verified utility asset
SYN-2571,19896462,residential,19.789619,45.2355199,433.8279222358513,0.08121892608068448,synthetic land-use allocation; not a verified utility asset
SYN-2572,19896462,residential,19.8025882,45.2313869,433.8279222358513,0.08121892608068448,synthetic land-use allocation; not a verified utility asset
SYN-2573,19896462,residential,19.7735883,45.2382751,433.8279222358513,0.08121892608068448,synthetic land-use allocation; not a verified utility asset
SYN-2574,19896462,residential,19.7861101,45.2348835,433.8279222358513,0.08121892608068448,synthetic land-use allocation; not a verified utility asset
SYN-2575,19896462,residential,19.7847743,45.243368,433.8279222358513,0.08121892608068448,synthetic land-use allocation; not a verified utility asset
SYN-2576,19896462,residential,19.7758512,45.2325627,433.8279222358513,0.08121892608068448,synthetic land-use allocation; not a verified utility asset
SYN-2577,19896462,residential,19.7883361,45.241436,433.8279222358513,0.08121892608068448,synthetic land-use allocation; not a verified utility asset
SYN-2578,19896462,residential,19.7854092,45.2378995,433.8279222358513,0.08121892608068448,synthetic land-use allocation; not a verified utility asset
SYN-2579,19896462,residential,19.7777759,45.2327679,433.8279222358513,0.08121892608068448,synthetic land-use allocation; not a verified utility asset
SYN-2580,19896462,residential,19.7731533,45.233943,433.8279222358513,0.08121892608068448,synthetic land-use allocation; not a verified utility asset
SYN-2581,19896462,residential,19.7831744,45.2389679,433.8279222358513,0.08121892608068448,synthetic land-use allocation; not a verified utility asset
SYN-2582,19896462,residential,19.7948465,45.2308116,433.8279222358513,0.08121892608068448,synthetic land-use allocation; not a verified utility asset
SYN-2583,19896462,residential,19.7825241,45.2334626,433.8279222358513,0.08121892608068448,synthetic land-use allocation; not a verified utility asset
SYN-2584,19896462,residential,19.7752569,45.2298331,433.8279222358513,0.08121892608068448,synthetic land-use allocation; not a verified utility asset
SYN-2585,19896462,residential,19.7835814,45.2419097,433.8279222358513,0.08121892608068448,synthetic land-use allocation; not a verified utility asset
SYN-2586,19896462,residential,19.7710481,45.2322688,433.8279222358513,0.08121892608068448,synthetic land-use allocation; not a verified utility asset
SYN-2587,19896462,residential,19.7905562,45.233011,433.8279222358513,0.08121892608068448,synthetic land-use allocation; not a verified utility asset
SYN-2588,19896462,residential,19.7962346,45.2348304,433.8279222358513,0.08121892608068448,synthetic land-use allocation; not a verified utility asset
SYN-2589,19896462,residential,19.7668363,45.2329109,433.8279222358513,0.08121892608068448,synthetic land-use allocation; not a verified utility asset
SYN-2590,19896462,residential,19.7926889,45.2298307,433.8279222358513,0.08121892608068448,synthetic land-use allocation; not a verified utility asset
SYN-2591,19896462,residential,19.8042148,45.2318761,433.8279222358513,0.08121892608068448,synthetic land-use allocation; not a verified utility asset
SYN-2592,19896462,residential,19.784172,45.2314491,433.8279222358513,0.08121892608068448,synthetic land-use allocation; not a verified utility asset
SYN-2593,19896462,residential,19.7952766,45.2383101,433.8279222358513,0.08121892608068448,synthetic land-use allocation; not a verified utility asset
SYN-2594,19896462,residential,19.7911603,45.2311503,433.8279222358513,0.08121892608068448,synthetic land-use allocation; not a verified utility asset
SYN-2595,19896462,residential,19.7903086,45.2383352,433.8279222358513,0.08121892608068448,synthetic land-use allocation; not a verified utility asset
SYN-2596,19896462,residential,19.7738801,45.2409071,433.8279222358513,0.08121892608068448,synthetic land-use allocation; not a verified utility asset
SYN-2597,19896462,residential,19.7893602,45.2384083,433.8279222358513,0.08121892608068448,synthetic land-use allocation; not a verified utility asset
SYN-2598,19896462,residential,19.7892436,45.237354,433.8279222358513,0.08121892608068448,synthetic land-use allocation; not a verified utility asset
SYN-2599,19896462,residential,19.7893596,45.2375983,433.8279222358513,0.08121892608068448,synthetic land-use allocation; not a verified utility asset
SYN-2600,19896462,residential,19.7771825,45.2350209,433.8279222358513,0.08121892608068448,synthetic land-use allocation; not a verified utility asset
SYN-2601,19896462,residential,19.7781723,45.2403243,433.8279222358513,0.08121892608068448,synthetic land-use allocation; not a verified utility asset
SYN-2602,19896462,residential,19.7978969,45.2313138,433.8279222358513,0.08121892608068448,synthetic land-use allocation; not a verified utility asset
SYN-2603,19896462,residential,19.7827009,45.2298232,433.8279222358513,0.08121892608068448,synthetic land-use allocation; not a verified utility asset
SYN-2604,19896462,residential,19.7776819,45.2403526,433.8279222358513,0.08121892608068448,synthetic land-use allocation; not a verified utility asset
SYN-2605,19896462,residential,19.7950448,45.2379791,433.8279222358513,0.08121892608068448,synthetic land-use allocation; not a verified utility asset
SYN-2606,19896462,residential,19.7713906,45.2360242,433.8279222358513,0.08121892608068448,synthetic land-use allocation; not a verified utility asset
SYN-2607,19896462,residential,19.7925913,45.2357632,433.8279222358513,0.08121892608068448,synthetic land-use allocation; not a verified utility asset
SYN-2608,19896462,residential,19.7749621,45.2375383,433.8279222358513,0.08121892608068448,synthetic land-use allocation; not a verified utility asset
SYN-2609,19896462,residential,19.7875476,45.2337604,433.8279222358513,0.08121892608068448,synthetic land-use allocation; not a verified utility asset
SYN-2610,19896462,residential,19.7891043,45.241342,433.8279222358513,0.08121892608068448,synthetic land-use allocation; not a verified utility asset
SYN-2611,19896462,residential,19.7819353,45.2314452,433.8279222358513,0.08121892608068448,synthetic land-use allocation; not a verified utility asset
SYN-2612,19896462,residential,19.7950507,45.2363349,433.8279222358513,0.08121892608068448,synthetic land-use allocation; not a verified utility asset
SYN-2613,19896462,residential,19.7950326,45.2333501,433.8279222358513,0.08121892608068448,synthetic land-use allocation; not a verified utility asset
SYN-2614,19896462,residential,19.8034672,45.2334935,433.8279222358513,0.08121892608068448,synthetic land-use allocation; not a verified utility asset
SYN-2615,19896462,residential,19.7721529,45.2352527,433.8279222358513,0.08121892608068448,synthetic land-use allocation; not a verified utility asset
SYN-2616,19896462,residential,19.7983958,45.2333161,433.8279222358513,0.08121892608068448,synthetic land-use allocation; not a verified utility asset
SYN-2617,19896462,residential,19.8004783,45.2328679,433.8279222358513,0.08121892608068448,synthetic land-use allocation; not a verified utility asset
SYN-2618,19896462,residential,19.7796782,45.2412229,433.8279222358513,0.08121892608068448,synthetic land-use allocation; not a verified utility asset
SYN-2619,19896462,residential,19.7907142,45.2330082,433.8279222358513,0.08121892608068448,synthetic land-use allocation; not a verified utility asset
SYN-2620,19896462,residential,19.7747206,45.239395,433.8279222358513,0.08121892608068448,synthetic land-use allocation; not a verified utility asset
SYN-2621,19896462,residential,19.7887406,45.2304672,433.8279222358513,0.08121892608068448,synthetic land-use allocation; not a verified utility asset
SYN-2622,19896462,residential,19.7836847,45.2420971,433.8279222358513,0.08121892608068448,synthetic land-use allocation; not a verified utility asset
SYN-2623,19896462,residential,19.7905077,45.2331567,433.8279222358513,0.08121892608068448,synthetic land-use allocation; not a verified utility asset
SYN-2624,19896462,residential,19.7858101,45.23872,433.8279222358513,0.08121892608068448,synthetic land-use allocation; not a verified utility asset
SYN-2625,19896462,residential,19.7981241,45.2356374,433.8279222358513,0.08121892608068448,synthetic land-use allocation; not a verified utility asset
SYN-2626,19896462,residential,19.7888513,45.2385282,433.8279222358513,0.08121892608068448,synthetic land-use allocation; not a verified utility asset
SYN-2627,19896462,residential,19.7649528,45.2313219,433.8279222358513,0.08121892608068448,synthetic land-use allocation; not a verified utility asset
SYN-2628,19896462,residential,19.7803237,45.2340265,433.8279222358513,0.08121892608068448,synthetic land-use allocation; not a verified utility asset
SYN-2629,19896462,residential,19.7858111,45.2346472,433.8279222358513,0.08121892608068448,synthetic land-use allocation; not a verified utility asset
SYN-2630,19896462,residential,19.777487,45.2347832,433.8279222358513,0.08121892608068448,synthetic land-use allocation; not a verified utility asset
SYN-2631,19896462,residential,19.7713247,45.2305528,433.8279222358513,0.08121892608068448,synthetic land-use allocation; not a verified utility asset
SYN-2632,19896462,residential,19.8045958,45.2329673,433.8279222358513,0.08121892608068448,synthetic land-use allocation; not a verified utility asset
SYN-2633,19896462,residential,19.7993861,45.233653,433.8279222358513,0.08121892608068448,synthetic land-use allocation; not a verified utility asset
SYN-2634,19896462,residential,19.7722615,45.2394219,433.8279222358513,0.08121892608068448,synthetic land-use allocation; not a verified utility asset
SYN-2635,19896462,residential,19.7947698,45.2352488,433.8279222358513,0.08121892608068448,synthetic land-use allocation; not a verified utility asset
SYN-2636,19896462,residential,19.7941119,45.2312595,433.8279222358513,0.08121892608068448,synthetic land-use allocation; not a verified utility asset
SYN-2637,19896462,residential,19.7962248,45.2361324,433.8279222358513,0.08121892608068448,synthetic land-use allocation; not a verified utility asset
SYN-2638,19896462,residential,19.7922491,45.2292966,433.8279222358513,0.08121892608068448,synthetic land-use allocation; not a verified utility asset
SYN-2639,19896462,residential,19.7869572,45.2358784,433.8279222358513,0.08121892608068448,synthetic land-use allocation; not a verified utility asset
SYN-2640,19896462,residential,19.7690998,45.2330247,433.8279222358513,0.08121892608068448,synthetic land-use allocation; not a verified utility asset
SYN-2641,19896462,residential,19.7917209,45.2342721,433.8279222358513,0.08121892608068448,synthetic land-use allocation; not a verified utility asset
SYN-2642,19896462,residential,19.7795193,45.229891,433.8279222358513,0.08121892608068448,synthetic land-use allocation; not a verified utility asset
SYN-2643,19896462,residential,19.7988781,45.2339329,433.8279222358513,0.08121892608068448,synthetic land-use allocation; not a verified utility asset
SYN-2644,19896462,residential,19.7798816,45.2323899,433.8279222358513,0.08121892608068448,synthetic land-use allocation; not a verified utility asset
SYN-2645,19896462,residential,19.7871832,45.2342867,433.8279222358513,0.08121892608068448,synthetic land-use allocation; not a verified utility asset
SYN-2646,19896462,residential,19.792188,45.2403831,433.8279222358513,0.08121892608068448,synthetic land-use allocation; not a verified utility asset
SYN-2647,19896462,residential,19.7792937,45.2303235,433.8279222358513,0.08121892608068448,synthetic land-use allocation; not a verified utility asset
SYN-2648,19896462,residential,19.7836754,45.2315949,433.82792221280107,0.08121892607636914,synthetic land-use allocation; not a verified utility asset
