synthetic_id,source_osm_id,source_name,street_graph_node,route_distance_km,peak_demand_mw,provenance
SYN-0275,356832545,Novi Sad 1 - Ledinci,3177524998,2.170081,0.08526826370343647,capacity-balanced inferred shortest-path assignment on OSM streets; not an as-built feeder
SYN-0276,356832545,Novi Sad 1 - Ledinci,2024511966,2.118712,0.08526826370343647,capacity-balanced inferred shortest-path assignment on OSM streets; not an as-built feeder
SYN-0277,356832545,Novi Sad 1 - Ledinci,3177524992,2.366384,0.08526826370343647,capacity-balanced inferred shortest-path assignment on OSM streets; not an as-built feeder
SYN-0278,356832545,Novi Sad 1 - Ledinci,3177524990,1.98728,0.08526826370343647,capacity-balanced inferred shortest-path assignment on OSM streets; not an as-built feeder
SYN-0279,356832545,Novi Sad 1 - Ledinci,369437272,2.258239,0.08526826370343647,capacity-balanced inferred shortest-path assignment on OSM streets; not an as-built feeder
SYN-0280,356832545,Novi Sad 1 - Ledinci,11929513332,2.446245,0.08526826370343647,capacity-balanced inferred shortest-path assignment on OSM streets; not an as-built feeder
SYN-0281,356832545,Novi Sad 1 - Ledinci,11945343062,2.1199540000000003,0.05496057219290514,capacity-balanced inferred shortest-path assignment on OSM streets; not an as-built feeder
SYN-0282,356832545,Novi Sad 1 - Ledinci,3177524961,2.000801,0.03422912439423295,capacity-balanced inferred shortest-path assignment on OSM streets; not an as-built feeder
SYN-0283,356832545,Novi Sad 1 - Ledinci,11945343062,2.1199540000000003,0.03422912439423295,capacity-balanced inferred shortest-path assignment on OSM streets; not an as-built feeder
SYN-1988,356832545,Novi Sad 1 - Ledinci,3179310126,1.6612430000000007,0.08214364961638476,capacity-balanced inferred shortest-path assignment on OSM streets; not an as-built feeder
SYN-1990,356832545,Novi Sad 1 - Ledinci,3179292962,1.3513049999999998,0.08214364961638476,capacity-balanced inferred shortest-path assignment on OSM streets; not an as-built feeder
SYN-1991,356832545,Novi Sad 1 - Ledinci,3179293020,1.5577680000000005,0.08214364961638476,capacity-balanced inferred shortest-path assignment on OSM streets; not an as-built feeder
SYN-1992,356832545,Novi Sad 1 - Ledinci,3179293011,1.9882850000000005,0.08214364961638476,capacity-balanced inferred shortest-path assignment on OSM streets; not an as-built feeder
SYN-1994,356832545,Novi Sad 1 - Ledinci,7605917377,1.8099910000000003,0.08214364961638476,capacity-balanced inferred shortest-path assignment on OSM streets; not an as-built feeder
SYN-1995,356832545,Novi Sad 1 - Ledinci,3179310151,1.8769600000000006,0.08214364961638476,capacity-balanced inferred shortest-path assignment on OSM streets; not an as-built feeder
SYN-1996,356832545,Novi Sad 1 - Ledinci,3179310156,1.6799550000000003,0.08214364961638476,capacity-balanced inferred shortest-path assignment on OSM streets; not an as-built feeder
SYN-1998,356832545,Novi Sad 1 - Ledinci,7605917377,1.8099910000000003,0.08214364961638476,capacity-balanced inferred shortest-path assignment on OSM streets; not an as-built feeder
SYN-2380,356832545,Novi Sad 1 - Ledinci,2320716798,0.191505,0.08021487392746472,capacity-balanced inferred shortest-path assignment on OSM streets; not an as-built feeder
SYN-2381,356832545,Novi Sad 1 - Ledinci,11078743902,0.33932,0.08021487392746472,capacity-balanced inferred shortest-path assignment on OSM streets; not an as-built feeder
SYN-2382,356832545,Novi Sad 1 - Ledinci,2320716781,0.313827,0.08021487392746472,capacity-balanced inferred shortest-path assignment on OSM streets; not an as-built feeder
SYN-2383,356832545,Novi Sad 1 - Ledinci,2320716795,0.8060409999999999,0.08021487392746472,capacity-balanced inferred shortest-path assignment on OSM streets; not an as-built feeder
SYN-2384,356832545,Novi Sad 1 - Ledinci,2320716820,0.8036769999999999,0.08021487392746472,capacity-balanced inferred shortest-path assignment on OSM streets; not an as-built feeder
SYN-2385,356832545,Novi Sad 1 - Ledinci,11078743902,0.33932,0.08021487392746472,capacity-balanced inferred shortest-path assignment on OSM streets; not an as-built feeder
SYN-2386,356832545,Novi Sad 1 - Ledinci,2320716796,0.853074,0.08021487392746472,capacity-balanced inferred shortest-path assignment on OSM streets; not an as-built feeder
SYN-2387,356832545,Novi Sad 1 - Ledinci,2320716798,0.191505,0.08021487392746472,capacity-balanced inferred shortest-path assignment on OSM streets; not an as-built feeder
SYN-2388,356832545,Novi Sad 1 - Ledinci,2320716802,0.927094,0.08021487392746472,capacity-balanced inferred shortest-path assignment on OSM streets; not an as-built feeder
SYN-2389,356832545,Novi Sad 1 - Ledinci,2320716795,0.8060409999999999,0.08021487392746472,capacity-balanced inferred shortest-path assignment on OSM streets; not an as-built feeder
SYN-2390,356832545,Novi Sad 1 - Ledinci,2320716820,0.8036769999999999,0.08021487392746472,capacity-balanced inferred shortest-path assignment on OSM streets; not an as-built feeder
SYN-2391,356832545,Novi Sad 1 - Ledinci,60673005,1.288793,0.08021487392746472,capacity-balanced inferred shortest-path assignment on OSM streets; not an as-built feeder
SYN-2392,356832545,Novi Sad 1 - Ledinci,2320716798,0.191505,0.08021487392746472,capacity-balanced inferred shortest-path assignment on OSM streets; not an as-built feeder
SYN-2412,356832545,Novi Sad 1 - Ledinci,12165254669,2.687777,0.03537241527967864,capacity-balanced inferred shortest-path assignment on OSM streets; not an as-built feeder
SYN-2413,356832545,Novi Sad 1 - Ledinci,1595618040,2.6921350000000004,0.03537241527967864,capacity-balanced inferred shortest-path assignment on OSM streets; not an as-built feeder
SYN-0015,365786756,Novi Sad 5 - Detelinara,6538491130,1.9033314740807634,0.08130101849576775,capacity-balanced inferred shortest-path assignment on OSM streets; not an as-built feeder
SYN-0016,365786756,Novi Sad 5 - Detelinara,1585209327,2.054044474080763,0.08130101849576775,capacity-balanced inferred shortest-path assignment on OSM streets; not an as-built feeder
SYN-0017,365786756,Novi Sad 5 - Detelinara,1585209310,2.152021474080763,0.08130101849576775,capacity-balanced inferred shortest-path assignment on OSM streets; not an as-built feeder
SYN-0018,365786756,Novi Sad 5 - Detelinara,1585209327,2.054044474080763,0.08130101849576775,capacity-balanced inferred shortest-path assignment on OSM streets; not an as-built feeder
SYN-0020,365786756,Novi Sad 5 - Detelinara,7548071095,1.970613474080763,0.08130101849576775,capacity-balanced inferred shortest-path assignment on OSM streets; not an as-built feeder
SYN-0021,365786756,Novi Sad 5 - Detelinara,1585209356,2.107699474080763,0.08130101849576775,capacity-balanced inferred shortest-path assignment on OSM streets; not an as-built feeder
SYN-0022,365786756,Novi Sad 5 - Detelinara,11981185643,2.047789474080763,0.08130101849576775,capacity-balanced inferred shortest-path assignment on OSM streets; not an as-built feeder
SYN-0023,365786756,Novi Sad 5 - Detelinara,11940222861,1.7342104740807636,0.08130101849576775,capacity-balanced inferred shortest-path assignment on OSM streets; not an as-built feeder
SYN-0024,365786756,Novi Sad 5 - Detelinara,7548071093,1.866162474080763,0.08130101849576775,capacity-balanced inferred shortest-path assignment on OSM streets; not an as-built feeder
SYN-0025,365786756,Novi Sad 5 - Detelinara,9193977723,1.8625174740807628,0.08130101849576775,capacity-balanced inferred shortest-path assignment on OSM streets; not an as-built feeder
SYN-0026,365786756,Novi Sad 5 - Detelinara,6538491122,1.9933754740807634,0.08130101849576775,capacity-balanced inferred shortest-path assignment on OSM streets; not an as-built feeder
SYN-0027,365786756,Novi Sad 5 - Detelinara,1585209356,2.107699474080763,0.08130101849576775,capacity-balanced inferred shortest-path assignment on OSM streets; not an as-built feeder
SYN-0028,365786756,Novi Sad 5 - Detelinara,1585209297,1.885561474080763,0.08130101849576775,capacity-balanced inferred shortest-path assignment on OSM streets; not an as-built feeder
SYN-0029,365786756,Novi Sad 5 - Detelinara,12232472490,1.7161434740807635,0.08130101849576775,capacity-balanced inferred shortest-path assignment on OSM streets; not an as-built feeder
SYN-0030,365786756,Novi Sad 5 - Detelinara,3652678310,1.8853384740807628,0.08130101849576775,capacity-balanced inferred shortest-path assignment on OSM streets; not an as-built feeder
SYN-0031,365786756,Novi Sad 5 - Detelinara,1585209327,2.054044474080763,0.08130101849576775,capacity-balanced inferred shortest-path assignment on OSM streets; not an as-built feeder
SYN-0032,365786756,Novi Sad 5 - Detelinara,6538491129,1.9164794740807634,0.08130101849576775,capacity-balanced inferred shortest-path assignment on OSM streets; not an as-built feeder
SYN-0033,365786756,Novi Sad 5 - Detelinara,1585209204,1.846877474080763,0.08130101849576775,capacity-balanced inferred shortest-path assignment on OSM streets; not an as-built feeder
SYN-0034,365786756,Novi Sad 5 - Detelinara,11940476322,2.1307844740807633,0.08130101849576775,capacity-balanced inferred shortest-path assignment on OSM streets; not an as-built feeder
SYN-0035,365786756,Novi Sad 5 - Detelinara,11940222861,1.7342104740807636,0.08130101849576775,capacity-balanced inferred shortest-path assignment on OSM streets; not an as-built feeder
SYN-0036,365786756,Novi Sad 5 - Detelinara,7548113355,1.8071704740807628,0.08130101849576775,capacity-balanced inferred shortest-path assignment on OSM streets; not an as-built feeder
SYN-0037,365786756,Novi Sad 5 - Detelinara,1585208974,1.7655854740807635,0.08130101849576775,capacity-balanced inferred shortest-path assignment on OSM streets; not an as-built feeder
SYN-0038,365786756,Novi Sad 5 - Detelinara,6538491122,1.9933754740807634,0.08130101849576775,capacity-balanced inferred shortest-path assignment on OSM streets; not an as-built feeder
SYN-0039,365786756,Novi Sad 5 - Detelinara,1585208901,1.9352254740807635,0.08130101849576775,capacity-balanced inferred shortest-path assignment on OSM streets; not an as-built feeder
SYN-0040,365786756,Novi Sad 5 - Detelinara,1585208901,1.9352254740807635,0.08130101849576775,capacity-balanced inferred shortest-path assignment on OSM streets; not an as-built feeder
SYN-0041,365786756,Novi Sad 5 - Detelinara,1585209131,2.1678734740807633,0.08130101849576775,capacity-balanced inferred shortest-path assignment on OSM streets; not an as-built feeder
SYN-0042,365786756,Novi Sad 5 - Detelinara,1585208869,1.9966604740807634,0.08130101849576775,capacity-balanced inferred shortest-path assignment on OSM streets; not an as-built feeder
SYN-0043,365786756,Novi Sad 5 - Detelinara,1585208974,1.7655854740807635,0.08130101849576775,capacity-balanced inferred shortest-path assignment on OSM streets; not an as-built feeder
SYN-0044,365786756,Novi Sad 5 - Detelinara,1585209356,2.107699474080763,0.08130101849576775,capacity-balanced inferred shortest-path assignment on OSM streets; not an as-built feeder
SYN-0045,365786756,Novi Sad 5 - Detelinara,1585209310,2.152021474080763,0.08130101849576775,capacity-balanced inferred shortest-path assignment on OSM streets; not an as-built feeder
SYN-0047,365786756,Novi Sad 5 - Detelinara,7548071095,1.970613474080763,0.08130101849576775,capacity-balanced inferred shortest-path assignment on OSM streets; not an as-built feeder
SYN-0048,365786756,Novi Sad 5 - Detelinara,1585209327,2.054044474080763,0.08130101849576775,capacity-balanced inferred shortest-path assignment on OSM streets; not an as-built feeder
SYN-0049,365786756,Novi Sad 5 - Detelinara,1585209131,2.1678734740807633,0.08130101849576775,capacity-balanced inferred shortest-path assignment on OSM streets; not an as-built feeder
SYN-0050,365786756,Novi Sad 5 - Detelinara,1585209222,2.032041474080763,0.08130101849576775,capacity-balanced inferred shortest-path assignment on OSM streets; not an as-built feeder
SYN-0051,365786756,Novi Sad 5 - Detelinara,6538491127,2.0273694740807633,0.08130101849576775,capacity-balanced inferred shortest-path assignment on OSM streets; not an as-built feeder
SYN-0052,365786756,Novi Sad 5 - Detelinara,7548664096,3.3010084740807635,0.08211567805831187,capacity-balanced inferred shortest-path assignment on OSM streets; not an as-built feeder
SYN-0053,365786756,Novi Sad 5 - Detelinara,14027408200,3.1475544740807635,0.08211567805831187,capacity-balanced inferred shortest-path assignment on OSM streets; not an as-built feeder
SYN-0054,365786756,Novi Sad 5 - Detelinara,14027408200,3.1475544740807635,0.08211567805831187,capacity-balanced inferred shortest-path assignment on OSM streets; not an as-built feeder
SYN-0055,365786756,Novi Sad 5 - Detelinara,7548664096,3.3010084740807635,0.08211567805831187,capacity-balanced inferred shortest-path assignment on OSM streets; not an as-built feeder
SYN-0056,365786756,Novi Sad 5 - Detelinara,1574836281,3.0958204740807633,0.08211567805831187,capacity-balanced inferred shortest-path assignment on OSM streets; not an as-built feeder
SYN-0057,365786756,Novi Sad 5 - Detelinara,14027408200,3.1475544740807635,0.08211567805831187,capacity-balanced inferred shortest-path assignment on OSM streets; not an as-built feeder
SYN-0058,365786756,Novi Sad 5 - Detelinara,1553001105,2.8524714740807635,0.08211567805831187,capacity-balanced inferred shortest-path assignment on OSM streets; not an as-built feeder
SYN-0059,365786756,Novi Sad 5 - Detelinara,1553001148,2.9656064740807637,0.08211567805831187,capacity-balanced inferred shortest-path assignment on OSM streets; not an as-built feeder
SYN-0060,365786756,Novi Sad 5 - Detelinara,14027369454,2.6044014740807633,0.08211567805831187,capacity-balanced inferred shortest-path assignment on OSM streets; not an as-built feeder
SYN-0061,365786756,Novi Sad 5 - Detelinara,7043902501,3.2360504740807636,0.08211567805831187,capacity-balanced inferred shortest-path assignment on OSM streets; not an as-built feeder
SYN-0062,365786756,Novi Sad 5 - Detelinara,14027408200,3.1475544740807635,0.08211567805831187,capacity-balanced inferred shortest-path assignment on OSM streets; not an as-built feeder
SYN-0063,365786756,Novi Sad 5 - Detelinara,7548650532,3.079233474080763,0.08211567805831187,capacity-balanced inferred shortest-path assignment on OSM streets; not an as-built feeder
SYN-0064,365786756,Novi Sad 5 - Detelinara,1574836281,3.0958204740807633,0.08211567805831187,capacity-balanced inferred shortest-path assignment on OSM streets; not an as-built feeder
SYN-0065,365786756,Novi Sad 5 - Detelinara,14027369470,3.4638334740807633,0.08211567805831187,capacity-balanced inferred shortest-path assignment on OSM streets; not an as-built feeder
SYN-0066,365786756,Novi Sad 5 - Detelinara,14027408200,3.1475544740807635,0.08211567805831187,capacity-balanced inferred shortest-path assignment on OSM streets; not an as-built feeder
SYN-0067,365786756,Novi Sad 5 - Detelinara,1574830985,2.6404464740807634,0.08211567805831187,capacity-balanced inferred shortest-path assignment on OSM streets; not an as-built feeder
SYN-0068,365786756,Novi Sad 5 - Detelinara,14027369470,3.4638334740807633,0.08211567805831187,capacity-balanced inferred shortest-path assignment on OSM streets; not an as-built feeder
SYN-0069,365786756,Novi Sad 5 - Detelinara,7548676054,3.2390314740807638,0.08211567805831187,capacity-balanced inferred shortest-path assignment on OSM streets; not an as-built feeder
SYN-0070,365786756,Novi Sad 5 - Detelinara,1574831109,2.651931474080763,0.08211567805831187,capacity-balanced inferred shortest-path assignment on OSM streets; not an as-built feeder
SYN-0071,365786756,Novi Sad 5 - Detelinara,1574831120,3.4759794740807637,0.08211567805831187,capacity-balanced inferred shortest-path assignment on OSM streets; not an as-built feeder
SYN-0072,365786756,Novi Sad 5 - Detelinara,12620610833,2.785526474080763,0.08211567805831187,capacity-balanced inferred shortest-path assignment on OSM streets; not an as-built feeder
SYN-0073,365786756,Novi Sad 5 - Detelinara,7548676054,3.2390314740807638,0.08211567805831187,capacity-balanced inferred shortest-path assignment on OSM streets; not an as-built feeder
SYN-0074,365786756,Novi Sad 5 - Detelinara,12620610834,2.948372474080763,0.08211567805831187,capacity-balanced inferred shortest-path assignment on OSM streets; not an as-built feeder
SYN-0075,365786756,Novi Sad 5 - Detelinara,14027408200,3.1475544740807635,0.08211567805831187,capacity-balanced inferred shortest-path assignment on OSM streets; not an as-built feeder
SYN-0076,365786756,Novi Sad 5 - Detelinara,1574836339,3.186970474080763,0.08211567805831187,capacity-balanced inferred shortest-path assignment on OSM streets; not an as-built feeder
SYN-0077,365786756,Novi Sad 5 - Detelinara,7548650532,3.079233474080763,0.08211567805831187,capacity-balanced inferred shortest-path assignment on OSM streets; not an as-built feeder
SYN-0078,365786756,Novi Sad 5 - Detelinara,1574836440,3.2925424740807636,0.08211567805831187,capacity-balanced inferred shortest-path assignment on OSM streets; not an as-built feeder
SYN-0079,365786756,Novi Sad 5 - Detelinara,7548664095,3.3432064740807634,0.08211567805831187,capacity-balanced inferred shortest-path assignment on OSM streets; not an as-built feeder
SYN-0080,365786756,Novi Sad 5 - Detelinara,7548664096,3.3010084740807635,0.08211567805831187,capacity-balanced inferred shortest-path assignment on OSM streets; not an as-built feeder
SYN-0081,365786756,Novi Sad 5 - Detelinara,14027369458,2.650674474080764,0.08211567805831187,capacity-balanced inferred shortest-path assignment on OSM streets; not an as-built feeder
SYN-0082,365786756,Novi Sad 5 - Detelinara,1574836287,3.270900474080763,0.08211567805831187,capacity-balanced inferred shortest-path assignment on OSM streets; not an as-built feeder
SYN-0083,365786756,Novi Sad 5 - Detelinara,1574836440,3.2925424740807636,0.08211567805831187,capacity-balanced inferred shortest-path assignment on OSM streets; not an as-built feeder
SYN-0084,365786756,Novi Sad 5 - Detelinara,1574836287,3.270900474080763,0.08211567805831187,capacity-balanced inferred shortest-path assignment on OSM streets; not an as-built feeder
SYN-0085,365786756,Novi Sad 5 - Detelinara,7548650532,3.079233474080763,0.08211567805831187,capacity-balanced inferred shortest-path assignment on OSM streets; not an as-built feeder
SYN-0086,365786756,Novi Sad 5 - Detelinara,1574827704,3.760612474080763,0.08211567805831187,capacity-balanced inferred shortest-path assignment on OSM streets; not an as-built feeder
SYN-0087,365786756,Novi Sad 5 - Detelinara,6438238124,3.278867474080763,0.08211567805831187,capacity-balanced inferred shortest-path assignment on OSM streets; not an as-built feeder
SYN-0088,365786756,Novi Sad 5 - Detelinara,14026897815,3.181067474080763,0.08397608311743054,capacity-balanced inferred shortest-path assignment on OSM streets; not an as-built feeder
SYN-0089,365786756,Novi Sad 5 - Detelinara,14026897815,3.181067474080763,0.08397608311743054,capacity-balanced inferred shortest-path assignment on OSM streets; not an as-built feeder
SYN-0090,365786756,Novi Sad 5 - Detelinara,14026897832,3.3376554740807634,0.08397608311743054,capacity-balanced inferred shortest-path assignment on OSM streets; not an as-built feeder
SYN-0091,365786756,Novi Sad 5 - Detelinara,14026897809,3.3016994740807633,0.08397608311743054,capacity-balanced inferred shortest-path assignment on OSM streets; not an as-built feeder
SYN-0092,365786756,Novi Sad 5 - Detelinara,14026897815,3.181067474080763,0.08397608311743054,capacity-balanced inferred shortest-path assignment on OSM streets; not an as-built feeder
SYN-0096,365786756,Novi Sad 5 - Detelinara,11931087419,2.709693474080764,0.08619388076476363,capacity-balanced inferred shortest-path assignment on OSM streets; not an as-built feeder
SYN-0097,365786756,Novi Sad 5 - Detelinara,11931087418,2.616739474080764,0.08619388076476363,capacity-balanced inferred shortest-path assignment on OSM streets; not an as-built feeder
SYN-0098,365786756,Novi Sad 5 - Detelinara,11931087415,2.653659474080764,0.08619388076476363,capacity-balanced inferred shortest-path assignment on OSM streets; not an as-built feeder
SYN-0100,365786756,Novi Sad 5 - Detelinara,8992791831,2.405907474080763,0.08619388076476363,capacity-balanced inferred shortest-path assignment on OSM streets; not an as-built feeder
SYN-0101,365786756,Novi Sad 5 - Detelinara,11931087426,2.4599864740807638,0.08619388076476363,capacity-balanced inferred shortest-path assignment on OSM streets; not an as-built feeder
SYN-0106,365786756,Novi Sad 5 - Detelinara,11931087421,2.7043594740807637,0.08619388076476363,capacity-balanced inferred shortest-path assignment on OSM streets; not an as-built feeder
SYN-0108,365786756,Novi Sad 5 - Detelinara,6360046213,1.9099714740807632,0.08085023938795818,capacity-balanced inferred shortest-path assignment on OSM streets; not an as-built feeder
SYN-0109,365786756,Novi Sad 5 - Detelinara,9643308146,1.688367474080763,0.08085023938795818,capacity-balanced inferred shortest-path assignment on OSM streets; not an as-built feeder
SYN-0110,365786756,Novi Sad 5 - Detelinara,12232456478,1.872952474080763,0.08085023938795818,capacity-balanced inferred shortest-path assignment on OSM streets; not an as-built feeder
SYN-0111,365786756,Novi Sad 5 - Detelinara,5507645437,1.8583334740807627,0.08085023938795818,capacity-balanced inferred shortest-path assignment on OSM streets; not an as-built feeder
SYN-0112,365786756,Novi Sad 5 - Detelinara,9643308156,1.646264474080763,0.08085023938795818,capacity-balanced inferred shortest-path assignment on OSM streets; not an as-built feeder
SYN-0113,365786756,Novi Sad 5 - Detelinara,6360046213,1.9099714740807632,0.08085023938795818,capacity-balanced inferred shortest-path assignment on OSM streets; not an as-built feeder
SYN-0114,365786756,Novi Sad 5 - Detelinara,11192728802,1.9689374740807633,0.08085023938795818,capacity-balanced inferred shortest-path assignment on OSM streets; not an as-built feeder
SYN-0115,365786756,Novi Sad 5 - Detelinara,6360061042,1.4825664740807631,0.08085023938795818,capacity-balanced inferred shortest-path assignment on OSM streets; not an as-built feeder
SYN-0116,365786756,Novi Sad 5 - Detelinara,11940239884,1.9955464740807631,0.08085023938795818,capacity-balanced inferred shortest-path assignment on OSM streets; not an as-built feeder
SYN-0117,365786756,Novi Sad 5 - Detelinara,6360046212,2.064600474080763,0.08085023938795818,capacity-balanced inferred shortest-path assignment on OSM streets; not an as-built feeder
SYN-0118,365786756,Novi Sad 5 - Detelinara,6360046211,1.943127474080763,0.08085023938795818,capacity-balanced inferred shortest-path assignment on OSM streets; not an as-built feeder
SYN-0119,365786756,Novi Sad 5 - Detelinara,6360046094,1.8411334740807628,0.08085023938795818,capacity-balanced inferred shortest-path assignment on OSM streets; not an as-built feeder
SYN-0120,365786756,Novi Sad 5 - Detelinara,7548065886,2.1413054740807635,0.08085023938795818,capacity-balanced inferred shortest-path assignment on OSM streets; not an as-built feeder
SYN-0121,365786756,Novi Sad 5 - Detelinara,9643376429,1.8703024740807628,0.08085023938795818,capacity-balanced inferred shortest-path assignment on OSM streets; not an as-built feeder
SYN-0122,365786756,Novi Sad 5 - Detelinara,7548040680,2.150462474080763,0.08085023938795818,capacity-balanced inferred shortest-path assignment on OSM streets; not an as-built feeder
SYN-0123,365786756,Novi Sad 5 - Detelinara,7036256914,1.7256914740807632,0.08085023938795818,capacity-balanced inferred shortest-path assignment on OSM streets; not an as-built feeder
SYN-0124,365786756,Novi Sad 5 - Detelinara,7548028910,1.882458474080763,0.08085023938795818,capacity-balanced inferred shortest-path assignment on OSM streets; not an as-built feeder
SYN-0125,365786756,Novi Sad 5 - Detelinara,7036256914,1.7256914740807632,0.08085023938795818,capacity-balanced inferred shortest-path assignment on OSM streets; not an as-built feeder
SYN-0126,365786756,Novi Sad 5 - Detelinara,7035901615,2.0029264740807626,0.08085023938795818,capacity-balanced inferred shortest-path assignment on OSM streets; not an as-built feeder
SYN-0127,365786756,Novi Sad 5 - Detelinara,1077384864,1.917991474080763,0.08085023938795818,capacity-balanced inferred shortest-path assignment on OSM streets; not an as-built feeder
SYN-0128,365786756,Novi Sad 5 - Detelinara,11192728802,1.9689374740807633,0.08085023938795818,capacity-balanced inferred shortest-path assignment on OSM streets; not an as-built feeder
SYN-0129,365786756,Novi Sad 5 - Detelinara,6360046211,1.943127474080763,0.08085023938795818,capacity-balanced inferred shortest-path assignment on OSM streets; not an as-built feeder
SYN-0130,365786756,Novi Sad 5 - Detelinara,7040981026,1.7053604740807633,0.08085023938795818,capacity-balanced inferred shortest-path assignment on OSM streets; not an as-built feeder
SYN-0131,365786756,Novi Sad 5 - Detelinara,6360046093,1.828653474080763,0.08085023938795818,capacity-balanced inferred shortest-path assignment on OSM streets; not an as-built feeder
SYN-0132,365786756,Novi Sad 5 - Detelinara,1077384822,1.989029474080763,0.08085023938795818,capacity-balanced inferred shortest-path assignment on OSM streets; not an as-built feeder
SYN-0133,365786756,Novi Sad 5 - Detelinara,11940239884,1.9955464740807631,0.08085023938795818,capacity-balanced inferred shortest-path assignment on OSM streets; not an as-built feeder
SYN-0134,365786756,Novi Sad 5 - Detelinara,7036256913,1.7468934740807631,0.08085023938795818,capacity-balanced inferred shortest-path assignment on OSM streets; not an as-built feeder
SYN-0161,365786756,Novi Sad 5 - Detelinara,6381925712,1.8495404740807635,0.09200494416808638,capacity-balanced inferred shortest-path assignment on OSM streets; not an as-built feeder
SYN-0162,365786756,Novi Sad 5 - Detelinara,10702891188,1.8701624740807636,0.09200494416808638,capacity-balanced inferred shortest-path assignment on OSM streets; not an as-built feeder
SYN-0163,365786756,Novi Sad 5 - Detelinara,2341892425,1.8215644740807633,0.09200494416808638,capacity-balanced inferred shortest-path assignment on OSM streets; not an as-built feeder
SYN-0164,365786756,Novi Sad 5 - Detelinara,2341892483,1.4316984740807635,0.09200494416808638,capacity-balanced inferred shortest-path assignment on OSM streets; not an as-built feeder
SYN-0165,365786756,Novi Sad 5 - Detelinara,2341892494,1.609259474080763,0.09200494416808638,capacity-balanced inferred shortest-path assignment on OSM streets; not an as-built feeder
SYN-0170,365786756,Novi Sad 5 - Detelinara,3903310996,1.982940964753813,0.08487230266185147,capacity-balanced inferred shortest-path assignment on OSM streets; not an as-built feeder
SYN-0171,365786756,Novi Sad 5 - Detelinara,3903310996,1.982940964753813,0.08487230266185147,capacity-balanced inferred shortest-path assignment on OSM streets; not an as-built feeder
SYN-0172,365786756,Novi Sad 5 - Detelinara,9933900246,1.7907089647538128,0.08487230266185147,capacity-balanced inferred shortest-path assignment on OSM streets; not an as-built feeder
SYN-0173,365786756,Novi Sad 5 - Detelinara,3651348328,1.8761304740807632,0.08487230266185147,capacity-balanced inferred shortest-path assignment on OSM streets; not an as-built feeder
SYN-0174,365786756,Novi Sad 5 - Detelinara,12413763518,1.9371104740807632,0.08487230266185147,capacity-balanced inferred shortest-path assignment on OSM streets; not an as-built feeder
SYN-0175,365786756,Novi Sad 5 - Detelinara,12047356239,1.9194839647538129,0.08487230266185147,capacity-balanced inferred shortest-path assignment on OSM streets; not an as-built feeder
SYN-0176,365786756,Novi Sad 5 - Detelinara,12047356252,1.9027694740807632,0.08487230266185147,capacity-balanced inferred shortest-path assignment on OSM streets; not an as-built feeder
SYN-0177,365786756,Novi Sad 5 - Detelinara,3238423005,1.5240034740807633,0.07474397463995004,capacity-balanced inferred shortest-path assignment on OSM streets; not an as-built feeder
SYN-0178,365786756,Novi Sad 5 - Detelinara,7548687887,1.5863004740807634,0.07474397463995004,capacity-balanced inferred shortest-path assignment on OSM streets; not an as-built feeder
SYN-0182,365786756,Novi Sad 5 - Detelinara,10996970936,3.250793474080763,0.08130120928627742,capacity-balanced inferred shortest-path assignment on OSM streets; not an as-built feeder
SYN-0183,365786756,Novi Sad 5 - Detelinara,3728469737,3.5570464740807637,0.08130120928627742,capacity-balanced inferred shortest-path assignment on OSM streets; not an as-built feeder
SYN-0184,365786756,Novi Sad 5 - Detelinara,3728481184,3.516677474080763,0.08130120928627742,capacity-balanced inferred shortest-path assignment on OSM streets; not an as-built feeder
SYN-0185,365786756,Novi Sad 5 - Detelinara,3729701359,3.552601474080763,0.08130120928627742,capacity-balanced inferred shortest-path assignment on OSM streets; not an as-built feeder
SYN-0186,365786756,Novi Sad 5 - Detelinara,3728481185,3.5777914740807626,0.08130120928627742,capacity-balanced inferred shortest-path assignment on OSM streets; not an as-built feeder
SYN-0187,365786756,Novi Sad 5 - Detelinara,3729701404,3.416669474080763,0.08130120928627742,capacity-balanced inferred shortest-path assignment on OSM streets; not an as-built feeder
SYN-0188,365786756,Novi Sad 5 - Detelinara,3728469725,3.5671844740807637,0.08130120928627742,capacity-balanced inferred shortest-path assignment on OSM streets; not an as-built feeder
SYN-0189,365786756,Novi Sad 5 - Detelinara,11048774093,3.204963474080763,0.08130120928627742,capacity-balanced inferred shortest-path assignment on OSM streets; not an as-built feeder
SYN-0190,365786756,Novi Sad 5 - Detelinara,3627103645,3.566679474080763,0.08130120928627742,capacity-balanced inferred shortest-path assignment on OSM streets; not an as-built feeder
SYN-0191,365786756,Novi Sad 5 - Detelinara,3729701394,3.560998474080764,0.08130120928627742,capacity-balanced inferred shortest-path assignment on OSM streets; not an as-built feeder
SYN-0192,365786756,Novi Sad 5 - Detelinara,3728469430,3.529553474080763,0.08130120928627742,capacity-balanced inferred shortest-path assignment on OSM streets; not an as-built feeder
SYN-0193,365786756,Novi Sad 5 - Detelinara,2262088575,3.561995474080763,0.08130120928627742,capacity-balanced inferred shortest-path assignment on OSM streets; not an as-built feeder
SYN-0194,365786756,Novi Sad 5 - Detelinara,8594750561,3.5543184740807625,0.08130120928627742,capacity-balanced inferred shortest-path assignment on OSM streets; not an as-built feeder
SYN-0195,365786756,Novi Sad 5 - Detelinara,12342358634,3.4371624740807634,0.08130120928627742,capacity-balanced inferred shortest-path assignment on OSM streets; not an as-built feeder
SYN-0196,365786756,Novi Sad 5 - Detelinara,10935361543,3.468967474080763,0.08130120928627742,capacity-balanced inferred shortest-path assignment on OSM streets; not an as-built feeder
SYN-0197,365786756,Novi Sad 5 - Detelinara,3729701372,3.4978404740807636,0.08130120928627742,capacity-balanced inferred shortest-path assignment on OSM streets; not an as-built feeder
SYN-0198,365786756,Novi Sad 5 - Detelinara,3728469725,3.5671844740807637,0.08130120928627742,capacity-balanced inferred shortest-path assignment on OSM streets; not an as-built feeder
SYN-0199,365786756,Novi Sad 5 - Detelinara,7548611254,3.044686474080763,0.08130120928627742,capacity-balanced inferred shortest-path assignment on OSM streets; not an as-built feeder
SYN-0200,365786756,Novi Sad 5 - Detelinara,8594750561,3.5543184740807625,0.08130120928627742,capacity-balanced inferred shortest-path assignment on OSM streets; not an as-built feeder
SYN-0201,365786756,Novi Sad 5 - Detelinara,3729701398,3.499707474080764,0.08130120928627742,capacity-balanced inferred shortest-path assignment on OSM streets; not an as-built feeder
SYN-0202,365786756,Novi Sad 5 - Detelinara,944252648,3.689614474080762,0.10475537982435774,capacity-balanced inferred shortest-path assignment on OSM streets; not an as-built feeder
SYN-0203,365786756,Novi Sad 5 - Detelinara,944252770,3.733277474080762,0.11673849744218165,capacity-balanced inferred shortest-path assignment on OSM streets; not an as-built feeder
SYN-0204,365786756,Novi Sad 5 - Detelinara,3858904249,3.034085474080763,0.12197613692317108,capacity-balanced inferred shortest-path assignment on OSM streets; not an as-built feeder
SYN-0205,365786756,Novi Sad 5 - Detelinara,12413628849,3.0336974740807623,0.052865293857600366,capacity-balanced inferred shortest-path assignment on OSM streets; not an as-built feeder
SYN-0206,365786756,Novi Sad 5 - Detelinara,8223260279,3.187404474080762,0.11339243131848241,capacity-balanced inferred shortest-path assignment on OSM streets; not an as-built feeder
SYN-0618,365786756,Novi Sad 5 - Detelinara,12128696236,1.2299394740807634,0.0821080677887888,capacity-balanced inferred shortest-path assignment on OSM streets; not an as-built feeder
SYN-0619,365786756,Novi Sad 5 - Detelinara,2341893555,0.5844294740807632,0.0821080677887888,capacity-balanced inferred shortest-path assignment on OSM streets; not an as-built feeder
SYN-0620,365786756,Novi Sad 5 - Detelinara,3623763589,1.7618774740807637,0.0821080677887888,capacity-balanced inferred shortest-path assignment on OSM streets; not an as-built feeder
SYN-0621,365786756,Novi Sad 5 - Detelinara,3623763912,1.234360474080763,0.0821080677887888,capacity-balanced inferred shortest-path assignment on OSM streets; not an as-built feeder
SYN-0622,365786756,Novi Sad 5 - Detelinara,3757428601,1.0574154740807633,0.0821080677887888,capacity-balanced inferred shortest-path assignment on OSM streets; not an as-built feeder
SYN-0623,365786756,Novi Sad 5 - Detelinara,1739519885,0.9929494740807632,0.0821080677887888,capacity-balanced inferred shortest-path assignment on OSM streets; not an as-built feeder
SYN-0624,365786756,Novi Sad 5 - Detelinara,7547804609,1.4027754740807634,0.0821080677887888,capacity-balanced inferred shortest-path assignment on OSM streets; not an as-built feeder
SYN-0625,365786756,Novi Sad 5 - Detelinara,9643354749,0.8419994740807631,0.0821080677887888,capacity-balanced inferred shortest-path assignment on OSM streets; not an as-built feeder
SYN-0626,365786756,Novi Sad 5 - Detelinara,1739519885,0.9929494740807632,0.0821080677887888,capacity-balanced inferred shortest-path assignment on OSM streets; not an as-built feeder
SYN-0627,365786756,Novi Sad 5 - Detelinara,3757428603,1.0028544740807632,0.0821080677887888,capacity-balanced inferred shortest-path assignment on OSM streets; not an as-built feeder
SYN-0628,365786756,Novi Sad 5 - Detelinara,2341893559,0.5686864740807631,0.0821080677887888,capacity-balanced inferred shortest-path assignment on OSM streets; not an as-built feeder
SYN-0629,365786756,Novi Sad 5 - Detelinara,9643354746,0.7660304740807632,0.0821080677887888,capacity-balanced inferred shortest-path assignment on OSM streets; not an as-built feeder
SYN-0630,365786756,Novi Sad 5 - Detelinara,7079484457,1.5517464740807634,0.0821080677887888,capacity-balanced inferred shortest-path assignment on OSM streets; not an as-built feeder
SYN-0631,365786756,Novi Sad 5 - Detelinara,1739519885,0.9929494740807632,0.0821080677887888,capacity-balanced inferred shortest-path assignment on OSM streets; not an as-built feeder
SYN-0632,365786756,Novi Sad 5 - Detelinara,11931652658,1.4721194740807635,0.0821080677887888,capacity-balanced inferred shortest-path assignment on OSM streets; not an as-built feeder
SYN-0633,365786756,Novi Sad 5 - Detelinara,3989653682,1.5525634740807632,0.0821080677887888,capacity-balanced inferred shortest-path assignment on OSM streets; not an as-built feeder
SYN-0634,365786756,Novi Sad 5 - Detelinara,3757428603,1.0028544740807632,0.0821080677887888,capacity-balanced inferred shortest-path assignment on OSM streets; not an as-built feeder
SYN-0635,365786756,Novi Sad 5 - Detelinara,7079461364,1.5365214740807633,0.0821080677887888,capacity-balanced inferred shortest-path assignment on OSM streets; not an as-built feeder
SYN-0636,365786756,Novi Sad 5 - Detelinara,2751831022,0.6722924740807632,0.0821080677887888,capacity-balanced inferred shortest-path assignment on OSM streets; not an as-built feeder
SYN-0637,365786756,Novi Sad 5 - Detelinara,11931634225,1.5688114740807635,0.0821080677887888,capacity-balanced inferred shortest-path assignment on OSM streets; not an as-built feeder
SYN-0638,365786756,Novi Sad 5 - Detelinara,13970306051,0.25664347408076316,0.0821080677887888,capacity-balanced inferred shortest-path assignment on OSM streets; not an as-built feeder
SYN-0639,365786756,Novi Sad 5 - Detelinara,3989559257,0.16444647408076316,0.0821080677887888,capacity-balanced inferred shortest-path assignment on OSM streets; not an as-built feeder
SYN-0640,365786756,Novi Sad 5 - Detelinara,3989653691,1.1012734740807633,0.0821080677887888,capacity-balanced inferred shortest-path assignment on OSM streets; not an as-built feeder
SYN-0641,365786756,Novi Sad 5 - Detelinara,11780201082,1.5728314740807632,0.0821080677887888,capacity-balanced inferred shortest-path assignment on OSM streets; not an as-built feeder
SYN-0642,365786756,Novi Sad 5 - Detelinara,3989558949,0.23085447408076315,0.0821080677887888,capacity-balanced inferred shortest-path assignment on OSM streets; not an as-built feeder
SYN-0643,365786756,Novi Sad 5 - Detelinara,7151188108,1.1440124740807633,0.0821080677887888,capacity-balanced inferred shortest-path assignment on OSM streets; not an as-built feeder
SYN-0644,365786756,Novi Sad 5 - Detelinara,1739519765,0.41390347408076317,0.0821080677887888,capacity-balanced inferred shortest-path assignment on OSM streets; not an as-built feeder
SYN-0645,365786756,Novi Sad 5 - Detelinara,3989653674,1.4730064740807634,0.0821080677887888,capacity-balanced inferred shortest-path assignment on OSM streets; not an as-built feeder
SYN-0646,365786756,Novi Sad 5 - Detelinara,3697990255,0.16980047408076313,0.0821080677887888,capacity-balanced inferred shortest-path assignment on OSM streets; not an as-built feeder
SYN-0647,365786756,Novi Sad 5 - Detelinara,1739519737,0.24158647408076314,0.0821080677887888,capacity-balanced inferred shortest-path assignment on OSM streets; not an as-built feeder
SYN-0648,365786756,Novi Sad 5 - Detelinara,11940239869,0.5690554740807631,0.0821080677887888,capacity-balanced inferred shortest-path assignment on OSM streets; not an as-built feeder
SYN-0649,365786756,Novi Sad 5 - Detelinara,8225965898,0.851195474080763,0.08057346115299518,capacity-balanced inferred shortest-path assignment on OSM streets; not an as-built feeder
SYN-0650,365786756,Novi Sad 5 - Detelinara,13962655053,0.7119694740807633,0.08057346115299518,capacity-balanced inferred shortest-path assignment on OSM streets; not an as-built feeder
SYN-0651,365786756,Novi Sad 5 - Detelinara,11331156159,0.481089474080763,0.08057346115299518,capacity-balanced inferred shortest-path assignment on OSM streets; not an as-built feeder
SYN-0652,365786756,Novi Sad 5 - Detelinara,8930122743,1.1013044740807627,0.08057346115299518,capacity-balanced inferred shortest-path assignment on OSM streets; not an as-built feeder
SYN-0653,365786756,Novi Sad 5 - Detelinara,11331156104,0.7525304740807631,0.08057346115299518,capacity-balanced inferred shortest-path assignment on OSM streets; not an as-built feeder
SYN-0654,365786756,Novi Sad 5 - Detelinara,6323067928,0.7474764740807631,0.08057346115299518,capacity-balanced inferred shortest-path assignment on OSM streets; not an as-built feeder
SYN-0655,365786756,Novi Sad 5 - Detelinara,9424923515,0.632451474080763,0.08057346115299518,capacity-balanced inferred shortest-path assignment on OSM streets; not an as-built feeder
SYN-0656,365786756,Novi Sad 5 - Detelinara,1302317103,0.7452714740807631,0.08057346115299518,capacity-balanced inferred shortest-path assignment on OSM streets; not an as-built feeder
SYN-0657,365786756,Novi Sad 5 - Detelinara,3989550237,0.596218474080763,0.08057346115299518,capacity-balanced inferred shortest-path assignment on OSM streets; not an as-built feeder
SYN-0658,365786756,Novi Sad 5 - Detelinara,13962655055,0.6317214740807631,0.08057346115299518,capacity-balanced inferred shortest-path assignment on OSM streets; not an as-built feeder
SYN-0659,365786756,Novi Sad 5 - Detelinara,8225873844,0.9918064740807627,0.08057346115299518,capacity-balanced inferred shortest-path assignment on OSM streets; not an as-built feeder
SYN-0660,365786756,Novi Sad 5 - Detelinara,13960585447,0.355641474080763,0.08057346115299518,capacity-balanced inferred shortest-path assignment on OSM streets; not an as-built feeder
SYN-0661,365786756,Novi Sad 5 - Detelinara,9424923497,0.652552474080763,0.08057346115299518,capacity-balanced inferred shortest-path assignment on OSM streets; not an as-built feeder
SYN-0662,365786756,Novi Sad 5 - Detelinara,11331156307,0.7400314740807631,0.08057346115299518,capacity-balanced inferred shortest-path assignment on OSM streets; not an as-built feeder
SYN-0663,365786756,Novi Sad 5 - Detelinara,9424923496,0.7087644740807629,0.08057346115299518,capacity-balanced inferred shortest-path assignment on OSM streets; not an as-built feeder
SYN-0664,365786756,Novi Sad 5 - Detelinara,8225965889,0.879150474080763,0.08057346115299518,capacity-balanced inferred shortest-path assignment on OSM streets; not an as-built feeder
SYN-0665,365786756,Novi Sad 5 - Detelinara,11940239896,1.3576614740807627,0.03223047049818775,capacity-balanced inferred shortest-path assignment on OSM streets; not an as-built feeder
SYN-0666,365786756,Novi Sad 5 - Detelinara,11940239905,1.3104294740807627,0.03223047049818775,capacity-balanced inferred shortest-path assignment on OSM streets; not an as-built feeder
SYN-0667,365786756,Novi Sad 5 - Detelinara,519546022,1.8855114740807628,0.08113866795441325,capacity-balanced inferred shortest-path assignment on OSM streets; not an as-built feeder
SYN-0668,365786756,Novi Sad 5 - Detelinara,4025416679,0.8486154740807631,0.08113866795441325,capacity-balanced inferred shortest-path assignment on OSM streets; not an as-built feeder
SYN-0669,365786756,Novi Sad 5 - Detelinara,1077384871,1.675327474080763,0.08113866795441325,capacity-balanced inferred shortest-path assignment on OSM streets; not an as-built feeder
SYN-0670,365786756,Novi Sad 5 - Detelinara,1083543344,1.7522254740807632,0.08113866795441325,capacity-balanced inferred shortest-path assignment on OSM streets; not an as-built feeder
SYN-0671,365786756,Novi Sad 5 - Detelinara,6310987466,1.840475474080763,0.08113866795441325,capacity-balanced inferred shortest-path assignment on OSM streets; not an as-built feeder
SYN-0672,365786756,Novi Sad 5 - Detelinara,6536666077,1.3883934740807629,0.08113866795441325,capacity-balanced inferred shortest-path assignment on OSM streets; not an as-built feeder
SYN-0673,365786756,Novi Sad 5 - Detelinara,519546031,1.5247204740807632,0.08113866795441325,capacity-balanced inferred shortest-path assignment on OSM streets; not an as-built feeder
SYN-0674,365786756,Novi Sad 5 - Detelinara,3991148156,1.697769474080763,0.08113866795441325,capacity-balanced inferred shortest-path assignment on OSM streets; not an as-built feeder
SYN-0675,365786756,Novi Sad 5 - Detelinara,4023208343,0.723582474080763,0.08113866795441325,capacity-balanced inferred shortest-path assignment on OSM streets; not an as-built feeder
SYN-0676,365786756,Novi Sad 5 - Detelinara,11940301698,1.2008664740807629,0.08113866795441325,capacity-balanced inferred shortest-path assignment on OSM streets; not an as-built feeder
SYN-0677,365786756,Novi Sad 5 - Detelinara,676054827,2.1313624740807637,0.08113866795441325,capacity-balanced inferred shortest-path assignment on OSM streets; not an as-built feeder
SYN-0678,365786756,Novi Sad 5 - Detelinara,3071559770,2.6250274740807638,0.08113866795441325,capacity-balanced inferred shortest-path assignment on OSM streets; not an as-built feeder
SYN-0679,365786756,Novi Sad 5 - Detelinara,2947604829,1.6633174740807637,0.08113866795441325,capacity-balanced inferred shortest-path assignment on OSM streets; not an as-built feeder
SYN-0680,365786756,Novi Sad 5 - Detelinara,6310673814,0.8907024740807629,0.08113866795441325,capacity-balanced inferred shortest-path assignment on OSM streets; not an as-built feeder
SYN-0681,365786756,Novi Sad 5 - Detelinara,1077384842,1.542506474080763,0.08113866795441325,capacity-balanced inferred shortest-path assignment on OSM streets; not an as-built feeder
SYN-0682,365786756,Novi Sad 5 - Detelinara,1585214124,2.4834744740807633,0.08113866795441325,capacity-balanced inferred shortest-path assignment on OSM streets; not an as-built feeder
SYN-0683,365786756,Novi Sad 5 - Detelinara,3991148864,1.336510474080763,0.08113866795441325,capacity-balanced inferred shortest-path assignment on OSM streets; not an as-built feeder
SYN-0684,365786756,Novi Sad 5 - Detelinara,6557557309,1.868684474080763,0.08113866795441325,capacity-balanced inferred shortest-path assignment on OSM streets; not an as-built feeder
SYN-0685,365786756,Novi Sad 5 - Detelinara,10979449038,0.866186474080763,0.08113866795441325,capacity-balanced inferred shortest-path assignment on OSM streets; not an as-built feeder
SYN-0686,365786756,Novi Sad 5 - Detelinara,7049536423,2.377217474080763,0.08113866795441325,capacity-balanced inferred shortest-path assignment on OSM streets; not an as-built feeder
SYN-0687,365786756,Novi Sad 5 - Detelinara,519546039,1.2015404740807627,0.08113866795441325,capacity-balanced inferred shortest-path assignment on OSM streets; not an as-built feeder
SYN-0688,365786756,Novi Sad 5 - Detelinara,12549581810,0.786667474080763,0.08113866795441325,capacity-balanced inferred shortest-path assignment on OSM streets; not an as-built feeder
SYN-0689,365786756,Novi Sad 5 - Detelinara,11968059433,1.434444474080763,0.08113866795441325,capacity-balanced inferred shortest-path assignment on OSM streets; not an as-built feeder
SYN-0690,365786756,Novi Sad 5 - Detelinara,519546034,1.6389464740807629,0.08113866795441325,capacity-balanced inferred shortest-path assignment on OSM streets; not an as-built feeder
SYN-0691,365786756,Novi Sad 5 - Detelinara,4011339667,1.3188504740807627,0.08113866795441325,capacity-balanced inferred shortest-path assignment on OSM streets; not an as-built feeder
SYN-0692,365786756,Novi Sad 5 - Detelinara,9643374952,0.825992474080763,0.08113866795441325,capacity-balanced inferred shortest-path assignment on OSM streets; not an as-built feeder
SYN-0693,365786756,Novi Sad 5 - Detelinara,3991168403,1.8167644740807627,0.08113866795441325,capacity-balanced inferred shortest-path assignment on OSM streets; not an as-built feeder
SYN-0694,365786756,Novi Sad 5 - Detelinara,3988948174,1.6264294740807634,0.08113866795441325,capacity-balanced inferred shortest-path assignment on OSM streets; not an as-built feeder
SYN-0695,365786756,Novi Sad 5 - Detelinara,3990997381,2.0907534740807625,0.08113866795441325,capacity-balanced inferred shortest-path assignment on OSM streets; not an as-built feeder
SYN-0696,365786756,Novi Sad 5 - Detelinara,6544637434,1.7671984740807631,0.08113866795441325,capacity-balanced inferred shortest-path assignment on OSM streets; not an as-built feeder
SYN-0697,365786756,Novi Sad 5 - Detelinara,3990871977,2.024863474080762,0.08113866795441325,capacity-balanced inferred shortest-path assignment on OSM streets; not an as-built feeder
SYN-0698,365786756,Novi Sad 5 - Detelinara,4025464237,1.453089474080763,0.08113866795441325,capacity-balanced inferred shortest-path assignment on OSM streets; not an as-built feeder
SYN-0699,365786756,Novi Sad 5 - Detelinara,6916013451,1.207823474080763,0.08113866795441325,capacity-balanced inferred shortest-path assignment on OSM streets; not an as-built feeder
SYN-0700,365786756,Novi Sad 5 - Detelinara,4011339667,1.3188504740807627,0.08113866795441325,capacity-balanced inferred shortest-path assignment on OSM streets; not an as-built feeder
SYN-0701,365786756,Novi Sad 5 - Detelinara,4019717260,1.025141474080763,0.08113866795441325,capacity-balanced inferred shortest-path assignment on OSM streets; not an as-built feeder
SYN-0702,365786756,Novi Sad 5 - Detelinara,6567808344,1.3057364740807627,0.08113866795441325,capacity-balanced inferred shortest-path assignment on OSM streets; not an as-built feeder
SYN-0703,365786756,Novi Sad 5 - Detelinara,4011318062,0.9946214740807631,0.08113866795441325,capacity-balanced inferred shortest-path assignment on OSM streets; not an as-built feeder
SYN-0704,365786756,Novi Sad 5 - Detelinara,519546024,1.9888884740807626,0.08113866795441325,capacity-balanced inferred shortest-path assignment on OSM streets; not an as-built feeder
SYN-0705,365786756,Novi Sad 5 - Detelinara,11346127856,1.158675474080763,0.08113866795441325,capacity-balanced inferred shortest-path assignment on OSM streets; not an as-built feeder
SYN-0706,365786756,Novi Sad 5 - Detelinara,1083543391,2.4863354740807626,0.08113866795441325,capacity-balanced inferred shortest-path assignment on OSM streets; not an as-built feeder
SYN-0707,365786756,Novi Sad 5 - Detelinara,519546051,1.0880234740807628,0.08113866795441325,capacity-balanced inferred shortest-path assignment on OSM streets; not an as-built feeder
SYN-0708,365786756,Novi Sad 5 - Detelinara,4032628555,1.596293474080763,0.08113866795441325,capacity-balanced inferred shortest-path assignment on OSM streets; not an as-built feeder
SYN-0709,365786756,Novi Sad 5 - Detelinara,4025464236,1.460036474080763,0.08113866795441325,capacity-balanced inferred shortest-path assignment on OSM streets; not an as-built feeder
SYN-0710,365786756,Novi Sad 5 - Detelinara,1230566079,1.701478474080763,0.08113866795441325,capacity-balanced inferred shortest-path assignment on OSM streets; not an as-built feeder
SYN-0711,365786756,Novi Sad 5 - Detelinara,6536669516,1.7020844740807628,0.08113866795441325,capacity-balanced inferred shortest-path assignment on OSM streets; not an as-built feeder
SYN-0712,365786756,Novi Sad 5 - Detelinara,4032689791,1.543392474080763,0.08113866795441325,capacity-balanced inferred shortest-path assignment on OSM streets; not an as-built feeder
SYN-0713,365786756,Novi Sad 5 - Detelinara,519546023,1.8876824740807627,0.08113866795441325,capacity-balanced inferred shortest-path assignment on OSM streets; not an as-built feeder
SYN-0714,365786756,Novi Sad 5 - Detelinara,7046633353,2.1421474740807636,0.08113866795441325,capacity-balanced inferred shortest-path assignment on OSM streets; not an as-built feeder
SYN-0715,365786756,Novi Sad 5 - Detelinara,4011339686,1.2072124740807628,0.08113866795441325,capacity-balanced inferred shortest-path assignment on OSM streets; not an as-built feeder
SYN-0716,365786756,Novi Sad 5 - Detelinara,3623857488,2.4747854740807624,0.08113866795441325,capacity-balanced inferred shortest-path assignment on OSM streets; not an as-built feeder
SYN-0717,365786756,Novi Sad 5 - Detelinara,6904857661,1.7384904740807638,0.08113866795441325,capacity-balanced inferred shortest-path assignment on OSM streets; not an as-built feeder
SYN-0718,365786756,Novi Sad 5 - Detelinara,519546026,1.738708474080763,0.08113866795441325,capacity-balanced inferred shortest-path assignment on OSM streets; not an as-built feeder
SYN-0719,365786756,Novi Sad 5 - Detelinara,3071559768,2.549168474080764,0.08113866795441325,capacity-balanced inferred shortest-path assignment on OSM streets; not an as-built feeder
SYN-0720,365786756,Novi Sad 5 - Detelinara,6920271284,1.6046034740807635,0.08113866795441325,capacity-balanced inferred shortest-path assignment on OSM streets; not an as-built feeder
SYN-0721,365786756,Novi Sad 5 - Detelinara,3991095690,2.117704474080763,0.08113866795441325,capacity-balanced inferred shortest-path assignment on OSM streets; not an as-built feeder
SYN-0722,365786756,Novi Sad 5 - Detelinara,1230566096,1.324715474080763,0.08113866795441325,capacity-balanced inferred shortest-path assignment on OSM streets; not an as-built feeder
SYN-0723,365786756,Novi Sad 5 - Detelinara,11346035372,2.262889474080763,0.08113866795441325,capacity-balanced inferred shortest-path assignment on OSM streets; not an as-built feeder
SYN-0724,365786756,Novi Sad 5 - Detelinara,6669328932,1.8957264740807636,0.08113866795441325,capacity-balanced inferred shortest-path assignment on OSM streets; not an as-built feeder
SYN-0725,365786756,Novi Sad 5 - Detelinara,4019717251,1.4452234740807628,0.08113866795441325,capacity-balanced inferred shortest-path assignment on OSM streets; not an as-built feeder
SYN-0726,365786756,Novi Sad 5 - Detelinara,3617270791,1.550158474080763,0.08113866795441325,capacity-balanced inferred shortest-path assignment on OSM streets; not an as-built feeder
SYN-0727,365786756,Novi Sad 5 - Detelinara,4032628570,1.624934474080763,0.08113866795441325,capacity-balanced inferred shortest-path assignment on OSM streets; not an as-built feeder
SYN-0728,365786756,Novi Sad 5 - Detelinara,6472889539,2.450171674134442,0.08113866795441325,capacity-balanced inferred shortest-path assignment on OSM streets; not an as-built feeder
SYN-0729,365786756,Novi Sad 5 - Detelinara,4011289960,1.211255474080763,0.08113866795441325,capacity-balanced inferred shortest-path assignment on OSM streets; not an as-built feeder
SYN-0730,365786756,Novi Sad 5 - Detelinara,6924201707,1.3595324740807628,0.08113866795441325,capacity-balanced inferred shortest-path assignment on OSM streets; not an as-built feeder
SYN-0731,365786756,Novi Sad 5 - Detelinara,7080024591,1.9855954740807626,0.08113866795441325,capacity-balanced inferred shortest-path assignment on OSM streets; not an as-built feeder
SYN-0732,365786756,Novi Sad 5 - Detelinara,4011318066,0.8911354740807631,0.08113866795441325,capacity-balanced inferred shortest-path assignment on OSM streets; not an as-built feeder
SYN-0733,365786756,Novi Sad 5 - Detelinara,6918584586,1.4166814740807627,0.08113866795441325,capacity-balanced inferred shortest-path assignment on OSM streets; not an as-built feeder
SYN-0734,365786756,Novi Sad 5 - Detelinara,4032689791,1.543392474080763,0.08113866795441325,capacity-balanced inferred shortest-path assignment on OSM streets; not an as-built feeder
SYN-0735,365786756,Novi Sad 5 - Detelinara,4011339667,1.3188504740807627,0.08113866795441325,capacity-balanced inferred shortest-path assignment on OSM streets; not an as-built feeder
SYN-0736,365786756,Novi Sad 5 - Detelinara,3991095715,1.749451474080763,0.08113866795441325,capacity-balanced inferred shortest-path assignment on OSM streets; not an as-built feeder
SYN-0737,365786756,Novi Sad 5 - Detelinara,2077443686,2.1844834740807624,0.08113866795441325,capacity-balanced inferred shortest-path assignment on OSM streets; not an as-built feeder
SYN-0738,365786756,Novi Sad 5 - Detelinara,7063178960,1.9866264740807629,0.08113866795441325,capacity-balanced inferred shortest-path assignment on OSM streets; not an as-built feeder
SYN-0739,365786756,Novi Sad 5 - Detelinara,3991168410,1.711651474080763,0.08113866795441325,capacity-balanced inferred shortest-path assignment on OSM streets; not an as-built feeder
SYN-0740,365786756,Novi Sad 5 - Detelinara,3990997428,1.7913714740807625,0.08113866795441325,capacity-balanced inferred shortest-path assignment on OSM streets; not an as-built feeder
SYN-0741,365786756,Novi Sad 5 - Detelinara,3624018572,1.3071324740807628,0.08113866795441325,capacity-balanced inferred shortest-path assignment on OSM streets; not an as-built feeder
SYN-0742,365786756,Novi Sad 5 - Detelinara,4019717248,1.2607454740807627,0.08113866795441325,capacity-balanced inferred shortest-path assignment on OSM streets; not an as-built feeder
SYN-0743,365786756,Novi Sad 5 - Detelinara,12007515910,1.1735824740807632,0.08113866795441325,capacity-balanced inferred shortest-path assignment on OSM streets; not an as-built feeder
SYN-0744,365786756,Novi Sad 5 - Detelinara,6475221345,1.8313914740807635,0.08113866795441325,capacity-balanced inferred shortest-path assignment on OSM streets; not an as-built feeder
SYN-0745,365786756,Novi Sad 5 - Detelinara,6916426180,1.7111184740807626,0.08113866795441325,capacity-balanced inferred shortest-path assignment on OSM streets; not an as-built feeder
SYN-0746,365786756,Novi Sad 5 - Detelinara,2078935936,0.891134474080763,0.08113866795441325,capacity-balanced inferred shortest-path assignment on OSM streets; not an as-built feeder
SYN-0747,365786756,Novi Sad 5 - Detelinara,7132810651,2.6793984740807635,0.08113866795441325,capacity-balanced inferred shortest-path assignment on OSM streets; not an as-built feeder
SYN-0748,365786756,Novi Sad 5 - Detelinara,6918331417,1.6137024740807635,0.08113866795441325,capacity-balanced inferred shortest-path assignment on OSM streets; not an as-built feeder
SYN-0749,365786756,Novi Sad 5 - Detelinara,2077443686,2.1844834740807624,0.08113866795441325,capacity-balanced inferred shortest-path assignment on OSM streets; not an as-built feeder
SYN-0750,365786756,Novi Sad 5 - Detelinara,3991168414,1.643590474080763,0.08113866795441325,capacity-balanced inferred shortest-path assignment on OSM streets; not an as-built feeder
SYN-0751,365786756,Novi Sad 5 - Detelinara,10975179470,2.001107474080763,0.08113866795441325,capacity-balanced inferred shortest-path assignment on OSM streets; not an as-built feeder
SYN-0752,365786756,Novi Sad 5 - Detelinara,519546030,1.6251344740807632,0.08113866795441325,capacity-balanced inferred shortest-path assignment on OSM streets; not an as-built feeder
SYN-0753,365786756,Novi Sad 5 - Detelinara,6801732809,1.2250654740807632,0.08113866795441325,capacity-balanced inferred shortest-path assignment on OSM streets; not an as-built feeder
SYN-0754,365786756,Novi Sad 5 - Detelinara,6538376395,1.4728314740807626,0.08113866795441325,capacity-balanced inferred shortest-path assignment on OSM streets; not an as-built feeder
SYN-0755,365786756,Novi Sad 5 - Detelinara,60694385,1.895293474080763,0.08113866795441325,capacity-balanced inferred shortest-path assignment on OSM streets; not an as-built feeder
SYN-0756,365786756,Novi Sad 5 - Detelinara,6557557310,1.9037174740807632,0.08113866795441325,capacity-balanced inferred shortest-path assignment on OSM streets; not an as-built feeder
SYN-0757,365786756,Novi Sad 5 - Detelinara,4011289954,1.277144474080763,0.08113866795441325,capacity-balanced inferred shortest-path assignment on OSM streets; not an as-built feeder
SYN-0758,365786756,Novi Sad 5 - Detelinara,7116635885,2.1543324740807623,0.08113866795441325,capacity-balanced inferred shortest-path assignment on OSM streets; not an as-built feeder
SYN-0759,365786756,Novi Sad 5 - Detelinara,519546032,1.522184474080763,0.08113866795441325,capacity-balanced inferred shortest-path assignment on OSM streets; not an as-built feeder
SYN-0760,365786756,Novi Sad 5 - Detelinara,4053023186,2.174911474080764,0.08113866795441325,capacity-balanced inferred shortest-path assignment on OSM streets; not an as-built feeder
SYN-0761,365786756,Novi Sad 5 - Detelinara,519546022,1.8855114740807628,0.08113866795441325,capacity-balanced inferred shortest-path assignment on OSM streets; not an as-built feeder
SYN-0762,365786756,Novi Sad 5 - Detelinara,3990996552,2.161143474080762,0.08113866795441325,capacity-balanced inferred shortest-path assignment on OSM streets; not an as-built feeder
SYN-0763,365786756,Novi Sad 5 - Detelinara,7636180176,1.9294514740807636,0.08113866795441325,capacity-balanced inferred shortest-path assignment on OSM streets; not an as-built feeder
SYN-0764,365786756,Novi Sad 5 - Detelinara,10702857155,2.3447284740807626,0.08113866795441325,capacity-balanced inferred shortest-path assignment on OSM streets; not an as-built feeder
SYN-0765,365786756,Novi Sad 5 - Detelinara,12549581810,0.786667474080763,0.08113866795441325,capacity-balanced inferred shortest-path assignment on OSM streets; not an as-built feeder
SYN-0766,365786756,Novi Sad 5 - Detelinara,4011289964,1.107776474080763,0.08113866795441325,capacity-balanced inferred shortest-path assignment on OSM streets; not an as-built feeder
SYN-0767,365786756,Novi Sad 5 - Detelinara,7116635918,2.3425666215381202,0.08113866795441325,capacity-balanced inferred shortest-path assignment on OSM streets; not an as-built feeder
SYN-0768,365786756,Novi Sad 5 - Detelinara,11888804063,1.5487134740807629,0.08113866795441325,capacity-balanced inferred shortest-path assignment on OSM streets; not an as-built feeder
SYN-0769,365786756,Novi Sad 5 - Detelinara,61828587,1.099721474080763,0.08113866795441325,capacity-balanced inferred shortest-path assignment on OSM streets; not an as-built feeder
SYN-0770,365786756,Novi Sad 5 - Detelinara,6567808361,1.6682604740807634,0.08113866795441325,capacity-balanced inferred shortest-path assignment on OSM streets; not an as-built feeder
SYN-0771,365786756,Novi Sad 5 - Detelinara,519546043,0.995152474080763,0.08113866795441325,capacity-balanced inferred shortest-path assignment on OSM streets; not an as-built feeder
SYN-0772,365786756,Novi Sad 5 - Detelinara,2077443686,2.1844834740807624,0.08113866795441325,capacity-balanced inferred shortest-path assignment on OSM streets; not an as-built feeder
SYN-0773,365786756,Novi Sad 5 - Detelinara,3623868518,2.404014474080763,0.08113866795441325,capacity-balanced inferred shortest-path assignment on OSM streets; not an as-built feeder
SYN-0774,365786756,Novi Sad 5 - Detelinara,6511376110,1.4796994740807632,0.08113866795441325,capacity-balanced inferred shortest-path assignment on OSM streets; not an as-built feeder
SYN-0775,365786756,Novi Sad 5 - Detelinara,6557557313,1.9053214740807631,0.08113866795441325,capacity-balanced inferred shortest-path assignment on OSM streets; not an as-built feeder
SYN-0776,365786756,Novi Sad 5 - Detelinara,6805141767,2.147364474080763,0.08113866795441325,capacity-balanced inferred shortest-path assignment on OSM streets; not an as-built feeder
SYN-0777,365786756,Novi Sad 5 - Detelinara,519546020,1.7786244740807629,0.08113866795441325,capacity-balanced inferred shortest-path assignment on OSM streets; not an as-built feeder
SYN-0778,365786756,Novi Sad 5 - Detelinara,519546017,1.729829474080763,0.08113866795441325,capacity-balanced inferred shortest-path assignment on OSM streets; not an as-built feeder
SYN-0779,365786756,Novi Sad 5 - Detelinara,7046366977,2.316432474080763,0.08113866795441325,capacity-balanced inferred shortest-path assignment on OSM streets; not an as-built feeder
SYN-0780,365786756,Novi Sad 5 - Detelinara,1230566216,2.1804274740807625,0.1034627028348903,capacity-balanced inferred shortest-path assignment on OSM streets; not an as-built feeder
SYN-0781,365786756,Novi Sad 5 - Detelinara,1230566216,2.1804274740807625,0.1034627028348903,capacity-balanced inferred shortest-path assignment on OSM streets; not an as-built feeder
SYN-0807,365786756,Novi Sad 5 - Detelinara,12452974613,2.112357474080763,0.08058300563545519,capacity-balanced inferred shortest-path assignment on OSM streets; not an as-built feeder
SYN-0808,365786756,Novi Sad 5 - Detelinara,13888608885,2.197643474080763,0.08058300563545519,capacity-balanced inferred shortest-path assignment on OSM streets; not an as-built feeder
SYN-0809,365786756,Novi Sad 5 - Detelinara,14135984155,2.122434741152407,0.08058300563545519,capacity-balanced inferred shortest-path assignment on OSM streets; not an as-built feeder
SYN-0810,365786756,Novi Sad 5 - Detelinara,13888608886,2.174121474080763,0.08058300563545519,capacity-balanced inferred shortest-path assignment on OSM streets; not an as-built feeder
SYN-0811,365786756,Novi Sad 5 - Detelinara,13888608888,2.1925724740807633,0.08058300563545519,capacity-balanced inferred shortest-path assignment on OSM streets; not an as-built feeder
SYN-0812,365786756,Novi Sad 5 - Detelinara,1574840210,2.2529274740807637,0.08958893058820305,capacity-balanced inferred shortest-path assignment on OSM streets; not an as-built feeder
SYN-0813,365786756,Novi Sad 5 - Detelinara,1574840206,2.1993904740807633,0.08958893058820305,capacity-balanced inferred shortest-path assignment on OSM streets; not an as-built feeder
SYN-0814,365786756,Novi Sad 5 - Detelinara,1574840212,2.2630674740807635,0.08958893058820305,capacity-balanced inferred shortest-path assignment on OSM streets; not an as-built feeder
SYN-0815,365786756,Novi Sad 5 - Detelinara,14027369424,2.396030474080763,0.08958893058820305,capacity-balanced inferred shortest-path assignment on OSM streets; not an as-built feeder
SYN-0816,365786756,Novi Sad 5 - Detelinara,1215613343,2.9063934740807627,0.13006257742124322,capacity-balanced inferred shortest-path assignment on OSM streets; not an as-built feeder
SYN-0817,365786756,Novi Sad 5 - Detelinara,9643417521,3.650080474080762,0.08614112978670735,capacity-balanced inferred shortest-path assignment on OSM streets; not an as-built feeder
SYN-0818,365786756,Novi Sad 5 - Detelinara,9643417522,3.6546564740807614,0.08614112978670735,capacity-balanced inferred shortest-path assignment on OSM streets; not an as-built feeder
SYN-0835,365786756,Novi Sad 5 - Detelinara,3858860028,2.960230474080763,0.03938938321998531,capacity-balanced inferred shortest-path assignment on OSM streets; not an as-built feeder
SYN-0836,365786756,Novi Sad 5 - Detelinara,3001312400,2.9107404740807623,0.03938938321998531,capacity-balanced inferred shortest-path assignment on OSM streets; not an as-built feeder
SYN-0837,365786756,Novi Sad 5 - Detelinara,12413628850,2.987002474080762,0.10322218534186797,capacity-balanced inferred shortest-path assignment on OSM streets; not an as-built feeder
SYN-0838,365786756,Novi Sad 5 - Detelinara,1215613343,2.9063934740807627,0.020857367258697256,capacity-balanced inferred shortest-path assignment on OSM streets; not an as-built feeder
SYN-0839,365786756,Novi Sad 5 - Detelinara,2994456183,3.2338934740807646,0.030702732129300147,capacity-balanced inferred shortest-path assignment on OSM streets; not an as-built feeder
SYN-0840,365786756,Novi Sad 5 - Detelinara,7467446965,3.1856604740807626,0.10639659700506215,capacity-balanced inferred shortest-path assignment on OSM streets; not an as-built feeder
SYN-0841,365786756,Novi Sad 5 - Detelinara,14049285058,3.322481474080764,0.022247806968704757,capacity-balanced inferred shortest-path assignment on OSM streets; not an as-built feeder
SYN-0842,365786756,Novi Sad 5 - Detelinara,3862485130,3.318856474080763,0.014585956792316604,capacity-balanced inferred shortest-path assignment on OSM streets; not an as-built feeder
SYN-0843,365786756,Novi Sad 5 - Detelinara,12034834393,2.6129854740807628,0.0822290042051808,capacity-balanced inferred shortest-path assignment on OSM streets; not an as-built feeder
SYN-0844,365786756,Novi Sad 5 - Detelinara,1574838283,2.7120304740807644,0.0822290042051808,capacity-balanced inferred shortest-path assignment on OSM streets; not an as-built feeder
SYN-0845,365786756,Novi Sad 5 - Detelinara,14026896199,3.423214474080763,0.0822290042051808,capacity-balanced inferred shortest-path assignment on OSM streets; not an as-built feeder
SYN-0846,365786756,Novi Sad 5 - Detelinara,1574838309,2.652904474080764,0.0822290042051808,capacity-balanced inferred shortest-path assignment on OSM streets; not an as-built feeder
SYN-0847,365786756,Novi Sad 5 - Detelinara,14026897801,3.3865844740807636,0.0822290042051808,capacity-balanced inferred shortest-path assignment on OSM streets; not an as-built feeder
SYN-0848,365786756,Novi Sad 5 - Detelinara,11943418823,2.951356474080763,0.07866666023110729,capacity-balanced inferred shortest-path assignment on OSM streets; not an as-built feeder
SYN-0849,365786756,Novi Sad 5 - Detelinara,3728469430,3.529553474080763,0.07866666023110729,capacity-balanced inferred shortest-path assignment on OSM streets; not an as-built feeder
SYN-0850,365786756,Novi Sad 5 - Detelinara,1574836239,2.794385474080763,0.07866666023110729,capacity-balanced inferred shortest-path assignment on OSM streets; not an as-built feeder
SYN-0851,365786756,Novi Sad 5 - Detelinara,1574836239,2.794385474080763,0.07866666023110729,capacity-balanced inferred shortest-path assignment on OSM streets; not an as-built feeder
SYN-0852,365786756,Novi Sad 5 - Detelinara,7548611252,3.0756944740807635,0.07866666023110729,capacity-balanced inferred shortest-path assignment on OSM streets; not an as-built feeder
SYN-0853,365786756,Novi Sad 5 - Detelinara,7548611252,3.0756944740807635,0.07866666023110729,capacity-balanced inferred shortest-path assignment on OSM streets; not an as-built feeder
SYN-0854,365786756,Novi Sad 5 - Detelinara,7548634994,3.195966474080763,0.07603893455430819,capacity-balanced inferred shortest-path assignment on OSM streets; not an as-built feeder
SYN-0855,365786756,Novi Sad 5 - Detelinara,7548634995,3.0567004740807633,0.07603893455430819,capacity-balanced inferred shortest-path assignment on OSM streets; not an as-built feeder
SYN-0856,365786756,Novi Sad 5 - Detelinara,7548635004,3.1228734740807633,0.07603893455430819,capacity-balanced inferred shortest-path assignment on OSM streets; not an as-built feeder
SYN-0857,365786756,Novi Sad 5 - Detelinara,12620610822,3.3830704740807636,0.08228888918876397,capacity-balanced inferred shortest-path assignment on OSM streets; not an as-built feeder
SYN-0858,365786756,Novi Sad 5 - Detelinara,9643411589,3.5270934740807633,0.08228888918876397,capacity-balanced inferred shortest-path assignment on OSM streets; not an as-built feeder
SYN-0859,365786756,Novi Sad 5 - Detelinara,12620610822,3.3830704740807636,0.08228888918876397,capacity-balanced inferred shortest-path assignment on OSM streets; not an as-built feeder
SYN-0860,365786756,Novi Sad 5 - Detelinara,1574836489,3.4365964740807637,0.08228888918876397,capacity-balanced inferred shortest-path assignment on OSM streets; not an as-built feeder
SYN-0861,365786756,Novi Sad 5 - Detelinara,14026896186,3.308505474080764,0.08228888918876397,capacity-balanced inferred shortest-path assignment on OSM streets; not an as-built feeder
SYN-0862,365786756,Novi Sad 5 - Detelinara,12620610822,3.3830704740807636,0.08228888918876397,capacity-balanced inferred shortest-path assignment on OSM streets; not an as-built feeder
SYN-0863,365786756,Novi Sad 5 - Detelinara,14026896178,3.2186874740807636,0.08228888918876397,capacity-balanced inferred shortest-path assignment on OSM streets; not an as-built feeder
SYN-0864,365786756,Novi Sad 5 - Detelinara,1574836490,3.3688864740807634,0.08228888918876397,capacity-balanced inferred shortest-path assignment on OSM streets; not an as-built feeder
SYN-0865,365786756,Novi Sad 5 - Detelinara,14026896173,3.5143494740807637,0.08228888918876397,capacity-balanced inferred shortest-path assignment on OSM streets; not an as-built feeder
SYN-0866,365786756,Novi Sad 5 - Detelinara,14026896172,3.6274224740807637,0.08228888918876397,capacity-balanced inferred shortest-path assignment on OSM streets; not an as-built feeder
SYN-0867,365786756,Novi Sad 5 - Detelinara,1574836456,3.530363474080764,0.08228888918876397,capacity-balanced inferred shortest-path assignment on OSM streets; not an as-built feeder
SYN-0868,365786756,Novi Sad 5 - Detelinara,1574836456,3.530363474080764,0.08228888918876397,capacity-balanced inferred shortest-path assignment on OSM streets; not an as-built feeder
SYN-0869,365786756,Novi Sad 5 - Detelinara,11942436294,2.5226964740807634,0.08764076439048124,capacity-balanced inferred shortest-path assignment on OSM streets; not an as-built feeder
SYN-0870,365786756,Novi Sad 5 - Detelinara,11942436296,2.4814314740807637,0.08764076439048124,capacity-balanced inferred shortest-path assignment on OSM streets; not an as-built feeder
SYN-0871,365786756,Novi Sad 5 - Detelinara,11942436304,2.481198474080764,0.08764076439048124,capacity-balanced inferred shortest-path assignment on OSM streets; not an as-built feeder
SYN-0872,365786756,Novi Sad 5 - Detelinara,11942436303,2.500267474080764,0.08764076439048124,capacity-balanced inferred shortest-path assignment on OSM streets; not an as-built feeder
SYN-0873,365786756,Novi Sad 5 - Detelinara,3862642628,2.217661474080763,0.08764076439048124,capacity-balanced inferred shortest-path assignment on OSM streets; not an as-built feeder
SYN-0874,365786756,Novi Sad 5 - Detelinara,11942436309,2.5105274740807637,0.08764076439048124,capacity-balanced inferred shortest-path assignment on OSM streets; not an as-built feeder
SYN-0875,365786756,Novi Sad 5 - Detelinara,2756582493,2.2340364740807637,0.07279495986730254,capacity-balanced inferred shortest-path assignment on OSM streets; not an as-built feeder
SYN-0876,365786756,Novi Sad 5 - Detelinara,2756582543,2.223217474080763,0.07279495986730254,capacity-balanced inferred shortest-path assignment on OSM streets; not an as-built feeder
SYN-0877,365786756,Novi Sad 5 - Detelinara,9808440023,2.473939474080763,0.08261776005837652,capacity-balanced inferred shortest-path assignment on OSM streets; not an as-built feeder
SYN-0878,365786756,Novi Sad 5 - Detelinara,9204791946,2.341208474080763,0.08261776005837652,capacity-balanced inferred shortest-path assignment on OSM streets; not an as-built feeder
SYN-0879,365786756,Novi Sad 5 - Detelinara,3862657160,2.245813474080763,0.08261776005837652,capacity-balanced inferred shortest-path assignment on OSM streets; not an as-built feeder
SYN-0880,365786756,Novi Sad 5 - Detelinara,7548492117,2.8050744740807643,0.08261776005837652,capacity-balanced inferred shortest-path assignment on OSM streets; not an as-built feeder
SYN-0881,365786756,Novi Sad 5 - Detelinara,9204791939,2.321320474080763,0.08261776005837652,capacity-balanced inferred shortest-path assignment on OSM streets; not an as-built feeder
SYN-0882,365786756,Novi Sad 5 - Detelinara,9204791937,2.4798774740807636,0.08261776005837652,capacity-balanced inferred shortest-path assignment on OSM streets; not an as-built feeder
SYN-0883,365786756,Novi Sad 5 - Detelinara,9808438811,2.635837474080763,0.08261776005837652,capacity-balanced inferred shortest-path assignment on OSM streets; not an as-built feeder
SYN-0884,365786756,Novi Sad 5 - Detelinara,9204791925,2.872303474080764,0.11755862788743901,capacity-balanced inferred shortest-path assignment on OSM streets; not an as-built feeder
SYN-0885,365786756,Novi Sad 5 - Detelinara,1553000828,2.871371474080763,0.08778429651613788,capacity-balanced inferred shortest-path assignment on OSM streets; not an as-built feeder
SYN-0886,365786756,Novi Sad 5 - Detelinara,1553000914,2.9223434740807632,0.08778429651613788,capacity-balanced inferred shortest-path assignment on OSM streets; not an as-built feeder
SYN-0887,365786756,Novi Sad 5 - Detelinara,14040577446,3.0575544740807636,0.08778429651613788,capacity-balanced inferred shortest-path assignment on OSM streets; not an as-built feeder
SYN-0888,365786756,Novi Sad 5 - Detelinara,6438238109,2.763589474080764,0.08778429651613788,capacity-balanced inferred shortest-path assignment on OSM streets; not an as-built feeder
SYN-0889,365786756,Novi Sad 5 - Detelinara,1553000935,2.909088474080763,0.08778429651613788,capacity-balanced inferred shortest-path assignment on OSM streets; not an as-built feeder
SYN-0890,365786756,Novi Sad 5 - Detelinara,14027369434,2.805017474080764,0.08778429651613788,capacity-balanced inferred shortest-path assignment on OSM streets; not an as-built feeder
SYN-0891,365786756,Novi Sad 5 - Detelinara,2994195272,3.2794444740807633,0.09098461976315418,capacity-balanced inferred shortest-path assignment on OSM streets; not an as-built feeder
SYN-0892,365786756,Novi Sad 5 - Detelinara,14027369444,3.196773474080764,0.09098461976315418,capacity-balanced inferred shortest-path assignment on OSM streets; not an as-built feeder
SYN-0893,365786756,Novi Sad 5 - Detelinara,2994195266,3.1345874740807633,0.09098461976315418,capacity-balanced inferred shortest-path assignment on OSM streets; not an as-built feeder
SYN-0894,365786756,Novi Sad 5 - Detelinara,14027369435,3.2148624740807636,0.09098461976315418,capacity-balanced inferred shortest-path assignment on OSM streets; not an as-built feeder
SYN-0895,365786756,Novi Sad 5 - Detelinara,14027369450,3.0576394740807635,0.09098461976315418,capacity-balanced inferred shortest-path assignment on OSM streets; not an as-built feeder
SYN-0896,365786756,Novi Sad 5 - Detelinara,14027369444,3.196773474080764,0.09098461976315418,capacity-balanced inferred shortest-path assignment on OSM streets; not an as-built feeder
SYN-0897,365786756,Novi Sad 5 - Detelinara,14027369447,3.1061024740807635,0.09299170752748526,capacity-balanced inferred shortest-path assignment on OSM streets; not an as-built feeder
SYN-0898,365786756,Novi Sad 5 - Detelinara,1574827701,4.091696474080763,0.08442534426558557,capacity-balanced inferred shortest-path assignment on OSM streets; not an as-built feeder
SYN-0899,365786756,Novi Sad 5 - Detelinara,1574831226,3.6475064740807643,0.08442534426558557,capacity-balanced inferred shortest-path assignment on OSM streets; not an as-built feeder
SYN-0900,365786756,Novi Sad 5 - Detelinara,14027369470,3.4638334740807633,0.08442534426558557,capacity-balanced inferred shortest-path assignment on OSM streets; not an as-built feeder
SYN-0901,365786756,Novi Sad 5 - Detelinara,1574831741,3.6740304740807637,0.08442534426558557,capacity-balanced inferred shortest-path assignment on OSM streets; not an as-built feeder
SYN-0902,365786756,Novi Sad 5 - Detelinara,14027369472,3.2431964740807633,0.08442534426558557,capacity-balanced inferred shortest-path assignment on OSM streets; not an as-built feeder
SYN-0903,365786756,Novi Sad 5 - Detelinara,1574831717,3.624133474080763,0.08442534426558557,capacity-balanced inferred shortest-path assignment on OSM streets; not an as-built feeder
SYN-0904,365786756,Novi Sad 5 - Detelinara,1574831717,3.624133474080763,0.08442534426558557,capacity-balanced inferred shortest-path assignment on OSM streets; not an as-built feeder
SYN-0905,365786756,Novi Sad 5 - Detelinara,3862681573,3.2410454740807637,0.08442534426558557,capacity-balanced inferred shortest-path assignment on OSM streets; not an as-built feeder
SYN-0906,365786756,Novi Sad 5 - Detelinara,1574831226,3.6475064740807643,0.08442534426558557,capacity-balanced inferred shortest-path assignment on OSM streets; not an as-built feeder
SYN-0907,365786756,Novi Sad 5 - Detelinara,1574831231,3.553639474080764,0.08442534426558557,capacity-balanced inferred shortest-path assignment on OSM streets; not an as-built feeder
SYN-0908,365786756,Novi Sad 5 - Detelinara,1574831231,3.553639474080764,0.08442534426558557,capacity-balanced inferred shortest-path assignment on OSM streets; not an as-built feeder
SYN-0909,365786756,Novi Sad 5 - Detelinara,14027369472,3.2431964740807633,0.08442534426558557,capacity-balanced inferred shortest-path assignment on OSM streets; not an as-built feeder
SYN-0910,365786756,Novi Sad 5 - Detelinara,14027369473,3.4208704740807634,0.08442534426558557,capacity-balanced inferred shortest-path assignment on OSM streets; not an as-built feeder
SYN-0911,365786756,Novi Sad 5 - Detelinara,1574831892,4.085656474080764,0.07893652165136476,capacity-balanced inferred shortest-path assignment on OSM streets; not an as-built feeder
SYN-0912,365786756,Novi Sad 5 - Detelinara,1574831890,4.094180474080764,0.07893652165136476,capacity-balanced inferred shortest-path assignment on OSM streets; not an as-built feeder
SYN-0913,365786756,Novi Sad 5 - Detelinara,11931789123,3.967735474080764,0.07893652165136476,capacity-balanced inferred shortest-path assignment on OSM streets; not an as-built feeder
SYN-0914,365786756,Novi Sad 5 - Detelinara,3862784545,3.769071474080764,0.07893652165136476,capacity-balanced inferred shortest-path assignment on OSM streets; not an as-built feeder
SYN-0915,365786756,Novi Sad 5 - Detelinara,1574831890,4.094180474080764,0.07893652165136476,capacity-balanced inferred shortest-path assignment on OSM streets; not an as-built feeder
SYN-0916,365786756,Novi Sad 5 - Detelinara,14027369500,3.650364474080764,0.05654973988562167,capacity-balanced inferred shortest-path assignment on OSM streets; not an as-built feeder
SYN-0917,365786756,Novi Sad 5 - Detelinara,11931661072,3.7761404740807634,0.084558305750245,capacity-balanced inferred shortest-path assignment on OSM streets; not an as-built feeder
SYN-0918,365786756,Novi Sad 5 - Detelinara,11931661077,3.6822784740807637,0.084558305750245,capacity-balanced inferred shortest-path assignment on OSM streets; not an as-built feeder
SYN-0919,365786756,Novi Sad 5 - Detelinara,14027369480,3.622986474080764,0.084558305750245,capacity-balanced inferred shortest-path assignment on OSM streets; not an as-built feeder
SYN-0920,365786756,Novi Sad 5 - Detelinara,14027369488,3.717012474080764,0.084558305750245,capacity-balanced inferred shortest-path assignment on OSM streets; not an as-built feeder
SYN-0921,365786756,Novi Sad 5 - Detelinara,14027369524,3.7120664740807636,0.084558305750245,capacity-balanced inferred shortest-path assignment on OSM streets; not an as-built feeder
SYN-0922,365786756,Novi Sad 5 - Detelinara,3768673008,3.9888144740807645,0.084558305750245,capacity-balanced inferred shortest-path assignment on OSM streets; not an as-built feeder
SYN-0923,365786756,Novi Sad 5 - Detelinara,14027369482,3.7266324740807635,0.084558305750245,capacity-balanced inferred shortest-path assignment on OSM streets; not an as-built feeder
SYN-0924,365786756,Novi Sad 5 - Detelinara,1574831756,3.869905474080764,0.084558305750245,capacity-balanced inferred shortest-path assignment on OSM streets; not an as-built feeder
SYN-0925,365786756,Novi Sad 5 - Detelinara,14027369535,3.8373164740807635,0.084558305750245,capacity-balanced inferred shortest-path assignment on OSM streets; not an as-built feeder
SYN-0926,365786756,Novi Sad 5 - Detelinara,1574831930,4.065621474080764,0.08501018699651383,capacity-balanced inferred shortest-path assignment on OSM streets; not an as-built feeder
SYN-0927,365786756,Novi Sad 5 - Detelinara,1574831904,3.9807394740807647,0.08501018699651383,capacity-balanced inferred shortest-path assignment on OSM streets; not an as-built feeder
SYN-0928,365786756,Novi Sad 5 - Detelinara,1574831911,3.9859744740807646,0.08501018699651383,capacity-balanced inferred shortest-path assignment on OSM streets; not an as-built feeder
SYN-0929,365786756,Novi Sad 5 - Detelinara,3768673016,4.042730474080764,0.08501018699651383,capacity-balanced inferred shortest-path assignment on OSM streets; not an as-built feeder
SYN-0930,365786756,Novi Sad 5 - Detelinara,1574831911,3.9859744740807646,0.08501018699651383,capacity-balanced inferred shortest-path assignment on OSM streets; not an as-built feeder
SYN-0931,365786756,Novi Sad 5 - Detelinara,3768673022,4.023238474080763,0.08501018699651383,capacity-balanced inferred shortest-path assignment on OSM streets; not an as-built feeder
SYN-0932,365786756,Novi Sad 5 - Detelinara,3768673026,4.0803474740807655,0.08501018699651383,capacity-balanced inferred shortest-path assignment on OSM streets; not an as-built feeder
SYN-0933,365786756,Novi Sad 5 - Detelinara,3768673018,4.119887474080763,0.08501018699651383,capacity-balanced inferred shortest-path assignment on OSM streets; not an as-built feeder
SYN-0934,365786756,Novi Sad 5 - Detelinara,14026481365,3.2806924740807646,0.09664860024593916,capacity-balanced inferred shortest-path assignment on OSM streets; not an as-built feeder
SYN-0935,365786756,Novi Sad 5 - Detelinara,1574826370,4.190352474080765,0.08371634229410581,capacity-balanced inferred shortest-path assignment on OSM streets; not an as-built feeder
SYN-0936,365786756,Novi Sad 5 - Detelinara,1574826347,4.242035474080764,0.08371634229410581,capacity-balanced inferred shortest-path assignment on OSM streets; not an as-built feeder
SYN-0937,365786756,Novi Sad 5 - Detelinara,1574826338,3.8144614740807645,0.08371634229410581,capacity-balanced inferred shortest-path assignment on OSM streets; not an as-built feeder
SYN-0938,365786756,Novi Sad 5 - Detelinara,1574826457,3.9828984740807645,0.08371634229410581,capacity-balanced inferred shortest-path assignment on OSM streets; not an as-built feeder
SYN-0939,365786756,Novi Sad 5 - Detelinara,1574826477,4.0542694740807645,0.08371634229410581,capacity-balanced inferred shortest-path assignment on OSM streets; not an as-built feeder
SYN-0940,365786756,Novi Sad 5 - Detelinara,1574826460,4.152355474080764,0.08371634229410581,capacity-balanced inferred shortest-path assignment on OSM streets; not an as-built feeder
SYN-0941,365786756,Novi Sad 5 - Detelinara,1574826477,4.0542694740807645,0.08371634229410581,capacity-balanced inferred shortest-path assignment on OSM streets; not an as-built feeder
SYN-0942,365786756,Novi Sad 5 - Detelinara,1574826371,4.2233034740807645,0.08371634229410581,capacity-balanced inferred shortest-path assignment on OSM streets; not an as-built feeder
SYN-0943,365786756,Novi Sad 5 - Detelinara,3768673022,4.023238474080763,0.08371634229410581,capacity-balanced inferred shortest-path assignment on OSM streets; not an as-built feeder
SYN-0944,365786756,Novi Sad 5 - Detelinara,1574826378,4.101090474080765,0.08371634229410581,capacity-balanced inferred shortest-path assignment on OSM streets; not an as-built feeder
SYN-0945,365786756,Novi Sad 5 - Detelinara,1574826468,4.144847474080764,0.08371634229410581,capacity-balanced inferred shortest-path assignment on OSM streets; not an as-built feeder
SYN-0946,365786756,Novi Sad 5 - Detelinara,1574826458,4.1414484740807636,0.08371634229410581,capacity-balanced inferred shortest-path assignment on OSM streets; not an as-built feeder
SYN-0947,365786756,Novi Sad 5 - Detelinara,14026481363,3.3371594740807646,0.10979100541744942,capacity-balanced inferred shortest-path assignment on OSM streets; not an as-built feeder
SYN-0948,365786756,Novi Sad 5 - Detelinara,11931716706,4.297851474080764,0.08327617222077015,capacity-balanced inferred shortest-path assignment on OSM streets; not an as-built feeder
SYN-0949,365786756,Novi Sad 5 - Detelinara,1574826592,4.205296474080765,0.08327617222077015,capacity-balanced inferred shortest-path assignment on OSM streets; not an as-built feeder
SYN-0950,365786756,Novi Sad 5 - Detelinara,11931716704,4.154517474080764,0.08327617222077015,capacity-balanced inferred shortest-path assignment on OSM streets; not an as-built feeder
SYN-0951,365786756,Novi Sad 5 - Detelinara,11931716701,4.045803474080765,0.08327617222077015,capacity-balanced inferred shortest-path assignment on OSM streets; not an as-built feeder
SYN-0952,365786756,Novi Sad 5 - Detelinara,1574826597,4.368669474080764,0.08327617222077015,capacity-balanced inferred shortest-path assignment on OSM streets; not an as-built feeder
SYN-0953,365786756,Novi Sad 5 - Detelinara,1574826582,4.167241474080764,0.08327617222077015,capacity-balanced inferred shortest-path assignment on OSM streets; not an as-built feeder
SYN-0954,365786756,Novi Sad 5 - Detelinara,14026481320,3.9017504740807643,0.08327617222077015,capacity-balanced inferred shortest-path assignment on OSM streets; not an as-built feeder
SYN-0955,365786756,Novi Sad 5 - Detelinara,2404598386,4.119906474080764,0.08327617222077015,capacity-balanced inferred shortest-path assignment on OSM streets; not an as-built feeder
SYN-0956,365786756,Novi Sad 5 - Detelinara,2404598378,4.059031474080764,0.08327617222077015,capacity-balanced inferred shortest-path assignment on OSM streets; not an as-built feeder
SYN-0957,365786756,Novi Sad 5 - Detelinara,14026481335,4.237714474080765,0.08327617222077015,capacity-balanced inferred shortest-path assignment on OSM streets; not an as-built feeder
SYN-0958,365786756,Novi Sad 5 - Detelinara,1574826557,4.097902474080764,0.08327617222077015,capacity-balanced inferred shortest-path assignment on OSM streets; not an as-built feeder
SYN-0959,365786756,Novi Sad 5 - Detelinara,3869516386,4.000289474080764,0.08327617222077015,capacity-balanced inferred shortest-path assignment on OSM streets; not an as-built feeder
SYN-0960,365786756,Novi Sad 5 - Detelinara,14027369546,4.025219474080765,0.03661307574864262,capacity-balanced inferred shortest-path assignment on OSM streets; not an as-built feeder
SYN-0961,365786756,Novi Sad 5 - Detelinara,14027369547,3.9916944740807647,0.03661307574864262,capacity-balanced inferred shortest-path assignment on OSM streets; not an as-built feeder
SYN-0962,365786756,Novi Sad 5 - Detelinara,12201255460,3.466745474080764,0.10156705698141293,capacity-balanced inferred shortest-path assignment on OSM streets; not an as-built feeder
SYN-0963,365786756,Novi Sad 5 - Detelinara,1574826286,3.876854474080764,0.10156705698141293,capacity-balanced inferred shortest-path assignment on OSM streets; not an as-built feeder
SYN-0964,365786756,Novi Sad 5 - Detelinara,1574826293,3.755097474080764,0.10156705698141293,capacity-balanced inferred shortest-path assignment on OSM streets; not an as-built feeder
SYN-0965,365786756,Novi Sad 5 - Detelinara,14026511803,4.263135474080763,0.08446176109665789,capacity-balanced inferred shortest-path assignment on OSM streets; not an as-built feeder
SYN-0966,365786756,Novi Sad 5 - Detelinara,14026481394,4.277747474080763,0.08446176109665789,capacity-balanced inferred shortest-path assignment on OSM streets; not an as-built feeder
SYN-0967,365786756,Novi Sad 5 - Detelinara,14026481400,4.276637474080762,0.08446176109665789,capacity-balanced inferred shortest-path assignment on OSM streets; not an as-built feeder
SYN-0968,365786756,Novi Sad 5 - Detelinara,1574828082,4.377458474080763,0.08446176109665789,capacity-balanced inferred shortest-path assignment on OSM streets; not an as-built feeder
SYN-0969,365786756,Novi Sad 5 - Detelinara,14026511803,4.263135474080763,0.08446176109665789,capacity-balanced inferred shortest-path assignment on OSM streets; not an as-built feeder
SYN-0970,365786756,Novi Sad 5 - Detelinara,14026481392,4.350169474080763,0.08446176109665789,capacity-balanced inferred shortest-path assignment on OSM streets; not an as-built feeder
SYN-0971,365786756,Novi Sad 5 - Detelinara,14026481397,4.110878474080764,0.08446176109665789,capacity-balanced inferred shortest-path assignment on OSM streets; not an as-built feeder
SYN-0972,365786756,Novi Sad 5 - Detelinara,1574827748,4.185966474080763,0.08446176109665789,capacity-balanced inferred shortest-path assignment on OSM streets; not an as-built feeder
SYN-0973,365786756,Novi Sad 5 - Detelinara,14026481393,4.362418474080763,0.08446176109665789,capacity-balanced inferred shortest-path assignment on OSM streets; not an as-built feeder
SYN-0974,365786756,Novi Sad 5 - Detelinara,11931789152,3.953144474080764,0.08446176109665789,capacity-balanced inferred shortest-path assignment on OSM streets; not an as-built feeder
SYN-0975,365786756,Novi Sad 5 - Detelinara,3768673023,4.055588474080765,0.08446176109665789,capacity-balanced inferred shortest-path assignment on OSM streets; not an as-built feeder
SYN-0976,365786756,Novi Sad 5 - Detelinara,14026896147,4.093771474080763,0.08671067615566586,capacity-balanced inferred shortest-path assignment on OSM streets; not an as-built feeder
SYN-0977,365786756,Novi Sad 5 - Detelinara,14026511801,4.2737994740807626,0.08671067615566586,capacity-balanced inferred shortest-path assignment on OSM streets; not an as-built feeder
SYN-0978,365786756,Novi Sad 5 - Detelinara,11931789130,4.228538474080763,0.08671067615566586,capacity-balanced inferred shortest-path assignment on OSM streets; not an as-built feeder
SYN-0979,365786756,Novi Sad 5 - Detelinara,11931789136,4.0711194740807635,0.08671067615566586,capacity-balanced inferred shortest-path assignment on OSM streets; not an as-built feeder
SYN-0980,365786756,Novi Sad 5 - Detelinara,11931661085,3.755027474080764,0.055550432871532975,capacity-balanced inferred shortest-path assignment on OSM streets; not an as-built feeder
SYN-0981,365786756,Novi Sad 5 - Detelinara,1574827707,3.791398474080763,0.09097452145896895,capacity-balanced inferred shortest-path assignment on OSM streets; not an as-built feeder
SYN-0982,365786756,Novi Sad 5 - Detelinara,1574827976,3.992172474080763,0.09097452145896895,capacity-balanced inferred shortest-path assignment on OSM streets; not an as-built feeder
SYN-0983,365786756,Novi Sad 5 - Detelinara,1574828092,4.096424474080764,0.09097452145896895,capacity-balanced inferred shortest-path assignment on OSM streets; not an as-built feeder
SYN-0984,365786756,Novi Sad 5 - Detelinara,7044215300,3.9994864740807627,0.09097452145896895,capacity-balanced inferred shortest-path assignment on OSM streets; not an as-built feeder
SYN-0985,365786756,Novi Sad 5 - Detelinara,9643417732,4.053510474080763,0.09097452145896895,capacity-balanced inferred shortest-path assignment on OSM streets; not an as-built feeder
SYN-0986,365786756,Novi Sad 5 - Detelinara,14026896158,4.003844474080763,0.09097452145896895,capacity-balanced inferred shortest-path assignment on OSM streets; not an as-built feeder
SYN-0998,365786756,Novi Sad 5 - Detelinara,9737749553,1.562929474080763,0.011340652789392832,capacity-balanced inferred shortest-path assignment on OSM streets; not an as-built feeder
SYN-0999,365786756,Novi Sad 5 - Detelinara,3925238934,1.7023584740807636,0.021200233196774734,capacity-balanced inferred shortest-path assignment on OSM streets; not an as-built feeder
SYN-1000,365786756,Novi Sad 5 - Detelinara,4729703169,2.498486474080764,0.09853472636248474,capacity-balanced inferred shortest-path assignment on OSM streets; not an as-built feeder
SYN-1001,365786756,Novi Sad 5 - Detelinara,3903311010,2.154517474080763,0.04114951232245795,capacity-balanced inferred shortest-path assignment on OSM streets; not an as-built feeder
SYN-1002,365786756,Novi Sad 5 - Detelinara,3903311002,2.0672554740807634,0.10188693377714216,capacity-balanced inferred shortest-path assignment on OSM streets; not an as-built feeder
SYN-1003,365786756,Novi Sad 5 - Detelinara,3903311005,2.125104474080763,0.027464567770846857,capacity-balanced inferred shortest-path assignment on OSM streets; not an as-built feeder
SYN-1004,365786756,Novi Sad 5 - Detelinara,12413763527,1.7224269647538126,0.0832157134766236,capacity-balanced inferred shortest-path assignment on OSM streets; not an as-built feeder
SYN-1016,365786756,Novi Sad 5 - Detelinara,11345970294,1.8895184740807638,0.09136190208014691,capacity-balanced inferred shortest-path assignment on OSM streets; not an as-built feeder
SYN-1017,365786756,Novi Sad 5 - Detelinara,11382918764,1.726627474080764,0.09136190208014691,capacity-balanced inferred shortest-path assignment on OSM streets; not an as-built feeder
SYN-1048,365786756,Novi Sad 5 - Detelinara,3652678301,1.7426734740807628,0.06152665589743671,capacity-balanced inferred shortest-path assignment on OSM streets; not an as-built feeder
SYN-1083,365786756,Novi Sad 5 - Detelinara,12312773544,3.000228474080762,0.08707337618177581,capacity-balanced inferred shortest-path assignment on OSM streets; not an as-built feeder
SYN-1084,365786756,Novi Sad 5 - Detelinara,3550233830,2.1087764740807637,0.10724601412387043,capacity-balanced inferred shortest-path assignment on OSM streets; not an as-built feeder
SYN-1085,365786756,Novi Sad 5 - Detelinara,6307827430,2.1329554740807635,0.10724601412387043,capacity-balanced inferred shortest-path assignment on OSM streets; not an as-built feeder
SYN-1086,365786756,Novi Sad 5 - Detelinara,1739519779,2.0050344740807637,0.10910061683327357,capacity-balanced inferred shortest-path assignment on OSM streets; not an as-built feeder
SYN-1087,365786756,Novi Sad 5 - Detelinara,3085823382,2.043297474080764,0.10910061683327357,capacity-balanced inferred shortest-path assignment on OSM streets; not an as-built feeder
SYN-1089,365786756,Novi Sad 5 - Detelinara,6360046047,2.1558874740807634,0.0635749627983314,capacity-balanced inferred shortest-path assignment on OSM streets; not an as-built feeder
SYN-1090,365786756,Novi Sad 5 - Detelinara,3624018561,1.9037484740807629,0.0777554849429342,capacity-balanced inferred shortest-path assignment on OSM streets; not an as-built feeder
SYN-1091,365786756,Novi Sad 5 - Detelinara,903304594,1.752118474080763,0.0777554849429342,capacity-balanced inferred shortest-path assignment on OSM streets; not an as-built feeder
SYN-1092,365786756,Novi Sad 5 - Detelinara,7548040679,2.045096474080763,0.03667664044568542,capacity-balanced inferred shortest-path assignment on OSM streets; not an as-built feeder
SYN-1093,365786756,Novi Sad 5 - Detelinara,11346120762,2.1036464740807634,0.03667664044568542,capacity-balanced inferred shortest-path assignment on OSM streets; not an as-built feeder
SYN-1096,365786756,Novi Sad 5 - Detelinara,1077384864,1.917991474080763,0.023003196486029148,capacity-balanced inferred shortest-path assignment on OSM streets; not an as-built feeder
SYN-1101,365786756,Novi Sad 5 - Detelinara,1585209319,2.1891804740807634,0.08593927035087974,capacity-balanced inferred shortest-path assignment on OSM streets; not an as-built feeder
SYN-1102,365786756,Novi Sad 5 - Detelinara,1585209153,2.080507474080763,0.08593927035087974,capacity-balanced inferred shortest-path assignment on OSM streets; not an as-built feeder
SYN-1103,365786756,Novi Sad 5 - Detelinara,903304564,2.454100474080764,0.08593927035087974,capacity-balanced inferred shortest-path assignment on OSM streets; not an as-built feeder
SYN-1104,365786756,Novi Sad 5 - Detelinara,3608168026,2.7303664740807636,0.08593927035087974,capacity-balanced inferred shortest-path assignment on OSM streets; not an as-built feeder
SYN-1105,365786756,Novi Sad 5 - Detelinara,366255570,1.4011984740807633,0.08572411945660337,capacity-balanced inferred shortest-path assignment on OSM streets; not an as-built feeder
SYN-1106,365786756,Novi Sad 5 - Detelinara,366255613,1.2504524740807628,0.08572411945660337,capacity-balanced inferred shortest-path assignment on OSM streets; not an as-built feeder
SYN-1107,365786756,Novi Sad 5 - Detelinara,366255613,1.2504524740807628,0.08572411945660337,capacity-balanced inferred shortest-path assignment on OSM streets; not an as-built feeder
SYN-1108,365786756,Novi Sad 5 - Detelinara,8852269104,1.5078124740807628,0.08572411945660337,capacity-balanced inferred shortest-path assignment on OSM streets; not an as-built feeder
SYN-1109,365786756,Novi Sad 5 - Detelinara,12047356225,1.5983294740807632,0.08572411945660337,capacity-balanced inferred shortest-path assignment on OSM streets; not an as-built feeder
SYN-1110,365786756,Novi Sad 5 - Detelinara,3910292810,1.391351474080763,0.08572411945660337,capacity-balanced inferred shortest-path assignment on OSM streets; not an as-built feeder
SYN-1111,365786756,Novi Sad 5 - Detelinara,3910292797,1.720559474080763,0.08572411945660337,capacity-balanced inferred shortest-path assignment on OSM streets; not an as-built feeder
SYN-1112,365786756,Novi Sad 5 - Detelinara,3910293991,1.253362474080763,0.08572411945660337,capacity-balanced inferred shortest-path assignment on OSM streets; not an as-built feeder
SYN-1113,365786756,Novi Sad 5 - Detelinara,366255613,1.2504524740807628,0.08572411945660337,capacity-balanced inferred shortest-path assignment on OSM streets; not an as-built feeder
SYN-1114,365786756,Novi Sad 5 - Detelinara,11346257121,1.3041654740807633,0.0807147206331648,capacity-balanced inferred shortest-path assignment on OSM streets; not an as-built feeder
SYN-1115,365786756,Novi Sad 5 - Detelinara,3926855120,1.201411474080763,0.0807147206331648,capacity-balanced inferred shortest-path assignment on OSM streets; not an as-built feeder
SYN-1116,365786756,Novi Sad 5 - Detelinara,3926855157,0.9175214740807628,0.0807147206331648,capacity-balanced inferred shortest-path assignment on OSM streets; not an as-built feeder
SYN-1117,365786756,Novi Sad 5 - Detelinara,3647246933,0.9607154740807633,0.0807147206331648,capacity-balanced inferred shortest-path assignment on OSM streets; not an as-built feeder
SYN-1118,365786756,Novi Sad 5 - Detelinara,11893389933,1.0314644740807635,0.0807147206331648,capacity-balanced inferred shortest-path assignment on OSM streets; not an as-built feeder
SYN-1119,365786756,Novi Sad 5 - Detelinara,11346257121,1.3041654740807633,0.0807147206331648,capacity-balanced inferred shortest-path assignment on OSM streets; not an as-built feeder
SYN-1120,365786756,Novi Sad 5 - Detelinara,3926854982,1.2633114740807632,0.0807147206331648,capacity-balanced inferred shortest-path assignment on OSM streets; not an as-built feeder
SYN-1121,365786756,Novi Sad 5 - Detelinara,3925323977,1.1102874740807633,0.0807147206331648,capacity-balanced inferred shortest-path assignment on OSM streets; not an as-built feeder
SYN-1122,365786756,Novi Sad 5 - Detelinara,3926855078,1.3034544740807639,0.0807147206331648,capacity-balanced inferred shortest-path assignment on OSM streets; not an as-built feeder
SYN-1123,365786756,Novi Sad 5 - Detelinara,11346257121,1.3041654740807633,0.0807147206331648,capacity-balanced inferred shortest-path assignment on OSM streets; not an as-built feeder
SYN-1124,365786756,Novi Sad 5 - Detelinara,3918097554,0.799807474080763,0.0807147206331648,capacity-balanced inferred shortest-path assignment on OSM streets; not an as-built feeder
SYN-1125,365786756,Novi Sad 5 - Detelinara,9511122060,1.1070384740807633,0.0807147206331648,capacity-balanced inferred shortest-path assignment on OSM streets; not an as-built feeder
SYN-1126,365786756,Novi Sad 5 - Detelinara,366255621,1.210891474080764,0.0807147206331648,capacity-balanced inferred shortest-path assignment on OSM streets; not an as-built feeder
SYN-1127,365786756,Novi Sad 5 - Detelinara,3926855167,0.9069154740807632,0.0807147206331648,capacity-balanced inferred shortest-path assignment on OSM streets; not an as-built feeder
SYN-1128,365786756,Novi Sad 5 - Detelinara,3926855167,0.9069154740807632,0.0807147206331648,capacity-balanced inferred shortest-path assignment on OSM streets; not an as-built feeder
SYN-1129,365786756,Novi Sad 5 - Detelinara,3925324016,1.1911524740807633,0.0807147206331648,capacity-balanced inferred shortest-path assignment on OSM streets; not an as-built feeder
SYN-1130,365786756,Novi Sad 5 - Detelinara,3926854990,1.0408314740807627,0.0807147206331648,capacity-balanced inferred shortest-path assignment on OSM streets; not an as-built feeder
SYN-1131,365786756,Novi Sad 5 - Detelinara,3926855189,1.0662234740807635,0.0807147206331648,capacity-balanced inferred shortest-path assignment on OSM streets; not an as-built feeder
SYN-1132,365786756,Novi Sad 5 - Detelinara,3926855032,1.5231744740807631,0.0807147206331648,capacity-balanced inferred shortest-path assignment on OSM streets; not an as-built feeder
SYN-1133,365786756,Novi Sad 5 - Detelinara,1227873688,1.6143964740807637,0.08568843100980822,capacity-balanced inferred shortest-path assignment on OSM streets; not an as-built feeder
SYN-1134,365786756,Novi Sad 5 - Detelinara,6801630383,1.416006474080763,0.08568843100980822,capacity-balanced inferred shortest-path assignment on OSM streets; not an as-built feeder
SYN-1135,365786756,Novi Sad 5 - Detelinara,1204284612,1.793023474080763,0.08568843100980822,capacity-balanced inferred shortest-path assignment on OSM streets; not an as-built feeder
SYN-1136,365786756,Novi Sad 5 - Detelinara,11957238073,1.5296044740807637,0.08568843100980822,capacity-balanced inferred shortest-path assignment on OSM streets; not an as-built feeder
SYN-1137,365786756,Novi Sad 5 - Detelinara,1227873742,1.4160474740807636,0.08568843100980822,capacity-balanced inferred shortest-path assignment on OSM streets; not an as-built feeder
SYN-1138,365786756,Novi Sad 5 - Detelinara,3925238908,1.6798774740807632,0.08568843100980822,capacity-balanced inferred shortest-path assignment on OSM streets; not an as-built feeder
SYN-1139,365786756,Novi Sad 5 - Detelinara,3925238926,1.8362694740807632,0.08568843100980822,capacity-balanced inferred shortest-path assignment on OSM streets; not an as-built feeder
SYN-1140,365786756,Novi Sad 5 - Detelinara,6801630381,1.4581784740807637,0.08568843100980822,capacity-balanced inferred shortest-path assignment on OSM streets; not an as-built feeder
SYN-1141,365786756,Novi Sad 5 - Detelinara,6538277149,1.6905034740807634,0.08568843100980822,capacity-balanced inferred shortest-path assignment on OSM streets; not an as-built feeder
SYN-1142,365786756,Novi Sad 5 - Detelinara,8012471432,1.7053484740807632,0.08568843100980822,capacity-balanced inferred shortest-path assignment on OSM streets; not an as-built feeder
SYN-1143,365786756,Novi Sad 5 - Detelinara,3925311204,1.1847834740807632,0.08568843100980822,capacity-balanced inferred shortest-path assignment on OSM streets; not an as-built feeder
SYN-1144,365786756,Novi Sad 5 - Detelinara,3908432245,1.0081374740807634,0.0817721612040847,capacity-balanced inferred shortest-path assignment on OSM streets; not an as-built feeder
SYN-1145,365786756,Novi Sad 5 - Detelinara,1227873781,1.075917964753813,0.0817721612040847,capacity-balanced inferred shortest-path assignment on OSM streets; not an as-built feeder
SYN-1146,365786756,Novi Sad 5 - Detelinara,1227873623,1.258880964753813,0.0817721612040847,capacity-balanced inferred shortest-path assignment on OSM streets; not an as-built feeder
SYN-1147,365786756,Novi Sad 5 - Detelinara,13092770706,1.047318964753813,0.0817721612040847,capacity-balanced inferred shortest-path assignment on OSM streets; not an as-built feeder
SYN-1148,365786756,Novi Sad 5 - Detelinara,1224518250,1.1944764740807634,0.0817721612040847,capacity-balanced inferred shortest-path assignment on OSM streets; not an as-built feeder
SYN-1149,365786756,Novi Sad 5 - Detelinara,10759360577,1.1283929647538131,0.0817721612040847,capacity-balanced inferred shortest-path assignment on OSM streets; not an as-built feeder
SYN-1150,365786756,Novi Sad 5 - Detelinara,7741895617,1.3973339647538128,0.0817721612040847,capacity-balanced inferred shortest-path assignment on OSM streets; not an as-built feeder
SYN-1151,365786756,Novi Sad 5 - Detelinara,1227873748,1.169455964753813,0.0817721612040847,capacity-balanced inferred shortest-path assignment on OSM streets; not an as-built feeder
SYN-1152,365786756,Novi Sad 5 - Detelinara,1227873693,1.0337484740807634,0.0817721612040847,capacity-balanced inferred shortest-path assignment on OSM streets; not an as-built feeder
SYN-1153,365786756,Novi Sad 5 - Detelinara,3909116309,1.4344454740807633,0.0817721612040847,capacity-balanced inferred shortest-path assignment on OSM streets; not an as-built feeder
SYN-1154,365786756,Novi Sad 5 - Detelinara,367929205,1.058119964753813,0.0817721612040847,capacity-balanced inferred shortest-path assignment on OSM streets; not an as-built feeder
SYN-1155,365786756,Novi Sad 5 - Detelinara,8612313672,1.114537964753813,0.0817721612040847,capacity-balanced inferred shortest-path assignment on OSM streets; not an as-built feeder
SYN-1156,365786756,Novi Sad 5 - Detelinara,10759360578,1.0933939647538131,0.0817721612040847,capacity-balanced inferred shortest-path assignment on OSM streets; not an as-built feeder
SYN-1157,365786756,Novi Sad 5 - Detelinara,1224518274,1.2422834740807636,0.0817721612040847,capacity-balanced inferred shortest-path assignment on OSM streets; not an as-built feeder
SYN-1158,365786756,Novi Sad 5 - Detelinara,13092770709,0.9488999647538131,0.0817721612040847,capacity-balanced inferred shortest-path assignment on OSM streets; not an as-built feeder
SYN-1159,365786756,Novi Sad 5 - Detelinara,3908331759,1.151642964753813,0.0817721612040847,capacity-balanced inferred shortest-path assignment on OSM streets; not an as-built feeder
SYN-1160,365786756,Novi Sad 5 - Detelinara,3651425575,0.8777094740807633,0.0817721612040847,capacity-balanced inferred shortest-path assignment on OSM streets; not an as-built feeder
SYN-1161,365786756,Novi Sad 5 - Detelinara,1673202838,1.2786579647538125,0.0817721612040847,capacity-balanced inferred shortest-path assignment on OSM streets; not an as-built feeder
SYN-1162,365786756,Novi Sad 5 - Detelinara,3909169237,1.1835564740807636,0.0817721612040847,capacity-balanced inferred shortest-path assignment on OSM streets; not an as-built feeder
SYN-1163,365786756,Novi Sad 5 - Detelinara,1227873783,0.9819384740807633,0.0817721612040847,capacity-balanced inferred shortest-path assignment on OSM streets; not an as-built feeder
SYN-1164,365786756,Novi Sad 5 - Detelinara,3908377540,1.116825964753813,0.0817721612040847,capacity-balanced inferred shortest-path assignment on OSM streets; not an as-built feeder
SYN-1165,365786756,Novi Sad 5 - Detelinara,8612313667,1.175207964753813,0.0817721612040847,capacity-balanced inferred shortest-path assignment on OSM streets; not an as-built feeder
SYN-1166,365786756,Novi Sad 5 - Detelinara,1739553286,1.3364779647538128,0.0817721612040847,capacity-balanced inferred shortest-path assignment on OSM streets; not an as-built feeder
SYN-1167,365786756,Novi Sad 5 - Detelinara,2024551130,1.723314474080763,0.08055051890143806,capacity-balanced inferred shortest-path assignment on OSM streets; not an as-built feeder
SYN-1168,365786756,Novi Sad 5 - Detelinara,2024551099,1.761548474080763,0.08055051890143806,capacity-balanced inferred shortest-path assignment on OSM streets; not an as-built feeder
SYN-1169,365786756,Novi Sad 5 - Detelinara,365965259,1.5677164740807634,0.08055051890143806,capacity-balanced inferred shortest-path assignment on OSM streets; not an as-built feeder
SYN-1170,365786756,Novi Sad 5 - Detelinara,366786818,1.8524929647538124,0.08055051890143806,capacity-balanced inferred shortest-path assignment on OSM streets; not an as-built feeder
SYN-1171,365786756,Novi Sad 5 - Detelinara,365965262,1.7982424740807632,0.08055051890143806,capacity-balanced inferred shortest-path assignment on OSM streets; not an as-built feeder
SYN-1172,365786756,Novi Sad 5 - Detelinara,3903351432,1.6413794740807635,0.08055051890143806,capacity-balanced inferred shortest-path assignment on OSM streets; not an as-built feeder
SYN-1173,365786756,Novi Sad 5 - Detelinara,1224518325,1.8178974740807634,0.08055051890143806,capacity-balanced inferred shortest-path assignment on OSM streets; not an as-built feeder
SYN-1174,365786756,Novi Sad 5 - Detelinara,2024555715,1.4337504740807634,0.08055051890143806,capacity-balanced inferred shortest-path assignment on OSM streets; not an as-built feeder
SYN-1175,365786756,Novi Sad 5 - Detelinara,366786818,1.8524929647538124,0.08055051890143806,capacity-balanced inferred shortest-path assignment on OSM streets; not an as-built feeder
SYN-1176,365786756,Novi Sad 5 - Detelinara,3651348314,1.9436599647538124,0.08055051890143806,capacity-balanced inferred shortest-path assignment on OSM streets; not an as-built feeder
SYN-1177,365786756,Novi Sad 5 - Detelinara,365965305,1.7684124740807634,0.08055051890143806,capacity-balanced inferred shortest-path assignment on OSM streets; not an as-built feeder
SYN-1178,365786756,Novi Sad 5 - Detelinara,13889407494,1.858240474080763,0.08055051890143806,capacity-balanced inferred shortest-path assignment on OSM streets; not an as-built feeder
SYN-1179,365786756,Novi Sad 5 - Detelinara,366786820,1.8495224740807632,0.08055051890143806,capacity-balanced inferred shortest-path assignment on OSM streets; not an as-built feeder
SYN-1180,365786756,Novi Sad 5 - Detelinara,3906581194,1.5278764740807633,0.08055051890143806,capacity-balanced inferred shortest-path assignment on OSM streets; not an as-built feeder
SYN-1181,365786756,Novi Sad 5 - Detelinara,365965270,1.6296794740807634,0.08055051890143806,capacity-balanced inferred shortest-path assignment on OSM streets; not an as-built feeder
SYN-1182,365786756,Novi Sad 5 - Detelinara,367929199,1.4158154740807634,0.08055051890143806,capacity-balanced inferred shortest-path assignment on OSM streets; not an as-built feeder
SYN-1183,365786756,Novi Sad 5 - Detelinara,365965264,1.6329914740807632,0.08055051890143806,capacity-balanced inferred shortest-path assignment on OSM streets; not an as-built feeder
SYN-1184,365786756,Novi Sad 5 - Detelinara,2024543990,1.5868634740807634,0.08055051890143806,capacity-balanced inferred shortest-path assignment on OSM streets; not an as-built feeder
SYN-1185,365786756,Novi Sad 5 - Detelinara,12847048451,1.8579284740807636,0.08055051890143806,capacity-balanced inferred shortest-path assignment on OSM streets; not an as-built feeder
SYN-1186,365786756,Novi Sad 5 - Detelinara,60344301,1.8860894740807632,0.08055051890143806,capacity-balanced inferred shortest-path assignment on OSM streets; not an as-built feeder
SYN-1187,365786756,Novi Sad 5 - Detelinara,3903451329,1.8656494740807634,0.08055051890143806,capacity-balanced inferred shortest-path assignment on OSM streets; not an as-built feeder
SYN-1276,365786756,Novi Sad 5 - Detelinara,13970884210,2.138293474080764,0.08327225010919932,capacity-balanced inferred shortest-path assignment on OSM streets; not an as-built feeder
SYN-1277,365786756,Novi Sad 5 - Detelinara,4729703168,2.4071204740807643,0.08327225010919932,capacity-balanced inferred shortest-path assignment on OSM streets; not an as-built feeder
SYN-1278,365786756,Novi Sad 5 - Detelinara,13829878940,1.9901694740807638,0.08327225010919932,capacity-balanced inferred shortest-path assignment on OSM streets; not an as-built feeder
SYN-1279,365786756,Novi Sad 5 - Detelinara,1233028526,2.583576474080764,0.08327225010919932,capacity-balanced inferred shortest-path assignment on OSM streets; not an as-built feeder
SYN-1280,365786756,Novi Sad 5 - Detelinara,13829878915,2.1216954740807643,0.08327225010919932,capacity-balanced inferred shortest-path assignment on OSM streets; not an as-built feeder
SYN-1281,365786756,Novi Sad 5 - Detelinara,2966014411,2.173333474080764,0.08327225010919932,capacity-balanced inferred shortest-path assignment on OSM streets; not an as-built feeder
SYN-1282,365786756,Novi Sad 5 - Detelinara,60614301,1.7314944740807636,0.08327225010919932,capacity-balanced inferred shortest-path assignment on OSM streets; not an as-built feeder
SYN-1283,365786756,Novi Sad 5 - Detelinara,2965959741,2.1627014740807646,0.08327225010919932,capacity-balanced inferred shortest-path assignment on OSM streets; not an as-built feeder
SYN-1284,365786756,Novi Sad 5 - Detelinara,2966014412,2.2550064740807643,0.08327225010919932,capacity-balanced inferred shortest-path assignment on OSM streets; not an as-built feeder
SYN-1285,365786756,Novi Sad 5 - Detelinara,3925238934,1.7023584740807636,0.08327225010919932,capacity-balanced inferred shortest-path assignment on OSM streets; not an as-built feeder
SYN-1286,365786756,Novi Sad 5 - Detelinara,3895152449,2.7818394740807637,0.08327225010919932,capacity-balanced inferred shortest-path assignment on OSM streets; not an as-built feeder
SYN-1287,365786756,Novi Sad 5 - Detelinara,6793079320,2.7626624740807633,0.08327225010919932,capacity-balanced inferred shortest-path assignment on OSM streets; not an as-built feeder
SYN-1288,365786756,Novi Sad 5 - Detelinara,8405422590,2.347851474080764,0.08327225010919932,capacity-balanced inferred shortest-path assignment on OSM streets; not an as-built feeder
SYN-1289,365786756,Novi Sad 5 - Detelinara,1233028587,2.631207474080764,0.08327225010919932,capacity-balanced inferred shortest-path assignment on OSM streets; not an as-built feeder
SYN-1290,365786756,Novi Sad 5 - Detelinara,2965976843,1.888132474080764,0.08327225010919932,capacity-balanced inferred shortest-path assignment on OSM streets; not an as-built feeder
SYN-1291,365786756,Novi Sad 5 - Detelinara,1233028587,2.631207474080764,0.08327225010919932,capacity-balanced inferred shortest-path assignment on OSM streets; not an as-built feeder
SYN-1292,365786756,Novi Sad 5 - Detelinara,3895176466,2.405727474080764,0.08327225010919932,capacity-balanced inferred shortest-path assignment on OSM streets; not an as-built feeder
SYN-1293,365786756,Novi Sad 5 - Detelinara,1233028589,2.317304474080763,0.08327225010919932,capacity-balanced inferred shortest-path assignment on OSM streets; not an as-built feeder
SYN-1294,365786756,Novi Sad 5 - Detelinara,8405422595,2.2956674740807643,0.08327225010919932,capacity-balanced inferred shortest-path assignment on OSM streets; not an as-built feeder
SYN-1295,365786756,Novi Sad 5 - Detelinara,3895176478,2.3901484740807644,0.08327225010919932,capacity-balanced inferred shortest-path assignment on OSM streets; not an as-built feeder
SYN-1296,365786756,Novi Sad 5 - Detelinara,2966014200,2.0617954740807636,0.08327225010919932,capacity-balanced inferred shortest-path assignment on OSM streets; not an as-built feeder
SYN-1297,365786756,Novi Sad 5 - Detelinara,3896615292,2.1050494740807637,0.08327225010919932,capacity-balanced inferred shortest-path assignment on OSM streets; not an as-built feeder
SYN-1298,365786756,Novi Sad 5 - Detelinara,14024239908,2.5595234740807644,0.08327225010919932,capacity-balanced inferred shortest-path assignment on OSM streets; not an as-built feeder
SYN-1299,365786756,Novi Sad 5 - Detelinara,3896618656,1.6344404740807628,0.07686990387753198,capacity-balanced inferred shortest-path assignment on OSM streets; not an as-built feeder
SYN-1300,365786756,Novi Sad 5 - Detelinara,4734172076,1.740831474080763,0.07686990387753198,capacity-balanced inferred shortest-path assignment on OSM streets; not an as-built feeder
SYN-1301,365786756,Novi Sad 5 - Detelinara,12883401131,1.8905904740807635,0.12988357260322664,capacity-balanced inferred shortest-path assignment on OSM streets; not an as-built feeder
SYN-1303,365786756,Novi Sad 5 - Detelinara,8631737881,2.995290474080764,0.08289884156787268,capacity-balanced inferred shortest-path assignment on OSM streets; not an as-built feeder
SYN-1305,365786756,Novi Sad 5 - Detelinara,12846998713,2.8996324740807644,0.08289884156787268,capacity-balanced inferred shortest-path assignment on OSM streets; not an as-built feeder
SYN-1307,365786756,Novi Sad 5 - Detelinara,60882160,2.7301214740807644,0.08289884156787268,capacity-balanced inferred shortest-path assignment on OSM streets; not an as-built feeder
SYN-1311,365786756,Novi Sad 5 - Detelinara,12846998713,2.8996324740807644,0.08289884156787268,capacity-balanced inferred shortest-path assignment on OSM streets; not an as-built feeder
SYN-1314,365786756,Novi Sad 5 - Detelinara,2978902275,2.923994474080764,0.08289884156787268,capacity-balanced inferred shortest-path assignment on OSM streets; not an as-built feeder
SYN-1318,365786756,Novi Sad 5 - Detelinara,942814478,3.1176264740807635,0.08254392043616059,capacity-balanced inferred shortest-path assignment on OSM streets; not an as-built feeder
SYN-1325,365786756,Novi Sad 5 - Detelinara,11891415110,3.098658474080764,0.08254392043616059,capacity-balanced inferred shortest-path assignment on OSM streets; not an as-built feeder
SYN-1327,365786756,Novi Sad 5 - Detelinara,11891415110,3.098658474080764,0.08254392043616059,capacity-balanced inferred shortest-path assignment on OSM streets; not an as-built feeder
SYN-1339,365786756,Novi Sad 5 - Detelinara,13476980630,3.2127564740807624,0.08801340546635802,capacity-balanced inferred shortest-path assignment on OSM streets; not an as-built feeder
SYN-1340,365786756,Novi Sad 5 - Detelinara,12736137389,3.570820474080762,0.08801340546635802,capacity-balanced inferred shortest-path assignment on OSM streets; not an as-built feeder
SYN-1341,365786756,Novi Sad 5 - Detelinara,3653006443,3.2166614740807624,0.08801340546635802,capacity-balanced inferred shortest-path assignment on OSM streets; not an as-built feeder
SYN-1343,365786756,Novi Sad 5 - Detelinara,11931663286,3.3501074740807617,0.08801340546635802,capacity-balanced inferred shortest-path assignment on OSM streets; not an as-built feeder
SYN-1344,365786756,Novi Sad 5 - Detelinara,1215613350,3.1772834740807627,0.08801340546635802,capacity-balanced inferred shortest-path assignment on OSM streets; not an as-built feeder
SYN-1345,365786756,Novi Sad 5 - Detelinara,3653005906,3.068635474080762,0.08801340546635802,capacity-balanced inferred shortest-path assignment on OSM streets; not an as-built feeder
SYN-1346,365786756,Novi Sad 5 - Detelinara,12413628845,3.322132474080762,0.08801340546635802,capacity-balanced inferred shortest-path assignment on OSM streets; not an as-built feeder
SYN-1399,365786756,Novi Sad 5 - Detelinara,3860591869,3.302286474080762,0.08483857152367327,capacity-balanced inferred shortest-path assignment on OSM streets; not an as-built feeder
SYN-1400,365786756,Novi Sad 5 - Detelinara,944253046,3.098819474080764,0.08483857152367327,capacity-balanced inferred shortest-path assignment on OSM streets; not an as-built feeder
SYN-1401,365786756,Novi Sad 5 - Detelinara,944252992,3.412168474080762,0.08483857152367327,capacity-balanced inferred shortest-path assignment on OSM streets; not an as-built feeder
SYN-1402,365786756,Novi Sad 5 - Detelinara,2995231565,3.269286474080764,0.08483857152367327,capacity-balanced inferred shortest-path assignment on OSM streets; not an as-built feeder
SYN-1403,365786756,Novi Sad 5 - Detelinara,944252819,3.2367664740807616,0.08483857152367327,capacity-balanced inferred shortest-path assignment on OSM streets; not an as-built feeder
SYN-1404,365786756,Novi Sad 5 - Detelinara,11946124570,3.524382474080762,0.08483857152367327,capacity-balanced inferred shortest-path assignment on OSM streets; not an as-built feeder
SYN-1405,365786756,Novi Sad 5 - Detelinara,944253025,3.4054214740807645,0.08483857152367327,capacity-balanced inferred shortest-path assignment on OSM streets; not an as-built feeder
SYN-1406,365786756,Novi Sad 5 - Detelinara,944253058,3.614037474080764,0.08483857152367327,capacity-balanced inferred shortest-path assignment on OSM streets; not an as-built feeder
SYN-1407,365786756,Novi Sad 5 - Detelinara,3860611250,3.1461094740807622,0.08483857152367327,capacity-balanced inferred shortest-path assignment on OSM streets; not an as-built feeder
SYN-1408,365786756,Novi Sad 5 - Detelinara,11931627462,3.555175474080764,0.08483857152367327,capacity-balanced inferred shortest-path assignment on OSM streets; not an as-built feeder
SYN-1409,365786756,Novi Sad 5 - Detelinara,944252689,3.0538674740807643,0.08483857152367327,capacity-balanced inferred shortest-path assignment on OSM streets; not an as-built feeder
SYN-1410,365786756,Novi Sad 5 - Detelinara,944253025,3.4054214740807645,0.08483857152367327,capacity-balanced inferred shortest-path assignment on OSM streets; not an as-built feeder
SYN-1411,365786756,Novi Sad 5 - Detelinara,944252661,3.5327784740807617,0.07990784606649247,capacity-balanced inferred shortest-path assignment on OSM streets; not an as-built feeder
SYN-1412,365786756,Novi Sad 5 - Detelinara,2999526217,3.7244564740807613,0.07990784606649247,capacity-balanced inferred shortest-path assignment on OSM streets; not an as-built feeder
SYN-1413,365786756,Novi Sad 5 - Detelinara,944252882,3.311315474080762,0.07990784606649247,capacity-balanced inferred shortest-path assignment on OSM streets; not an as-built feeder
SYN-1414,365786756,Novi Sad 5 - Detelinara,944252985,3.429788474080762,0.07990784606649247,capacity-balanced inferred shortest-path assignment on OSM streets; not an as-built feeder
SYN-1415,365786756,Novi Sad 5 - Detelinara,12834993499,3.3935644740807627,0.07990784606649247,capacity-balanced inferred shortest-path assignment on OSM streets; not an as-built feeder
SYN-1416,365786756,Novi Sad 5 - Detelinara,944252939,3.6522724740807617,0.07990784606649247,capacity-balanced inferred shortest-path assignment on OSM streets; not an as-built feeder
SYN-1417,365786756,Novi Sad 5 - Detelinara,944252849,3.2442534740807623,0.07990784606649247,capacity-balanced inferred shortest-path assignment on OSM streets; not an as-built feeder
SYN-1418,365786756,Novi Sad 5 - Detelinara,944252985,3.429788474080762,0.07990784606649247,capacity-balanced inferred shortest-path assignment on OSM streets; not an as-built feeder
SYN-1419,365786756,Novi Sad 5 - Detelinara,944252885,3.7080054740807618,0.07990784606649247,capacity-balanced inferred shortest-path assignment on OSM streets; not an as-built feeder
SYN-1420,365786756,Novi Sad 5 - Detelinara,944252985,3.429788474080762,0.07990784606649247,capacity-balanced inferred shortest-path assignment on OSM streets; not an as-built feeder
SYN-1421,365786756,Novi Sad 5 - Detelinara,12834993498,3.3549254740807624,0.07990784606649247,capacity-balanced inferred shortest-path assignment on OSM streets; not an as-built feeder
SYN-1422,365786756,Novi Sad 5 - Detelinara,2999526221,3.7540584740807614,0.07990784606649247,capacity-balanced inferred shortest-path assignment on OSM streets; not an as-built feeder
SYN-1423,365786756,Novi Sad 5 - Detelinara,9643417214,3.4202454740807626,0.07990784606649247,capacity-balanced inferred shortest-path assignment on OSM streets; not an as-built feeder
SYN-1531,365786756,Novi Sad 5 - Detelinara,2972771768,2.304714474080763,0.0839865980313222,capacity-balanced inferred shortest-path assignment on OSM streets; not an as-built feeder
SYN-1532,365786756,Novi Sad 5 - Detelinara,2973179534,2.3353944740807635,0.0839865980313222,capacity-balanced inferred shortest-path assignment on OSM streets; not an as-built feeder
SYN-1533,365786756,Novi Sad 5 - Detelinara,13826797031,2.7410224740807645,0.0839865980313222,capacity-balanced inferred shortest-path assignment on OSM streets; not an as-built feeder
SYN-1534,365786756,Novi Sad 5 - Detelinara,553543807,2.7391114740807647,0.0839865980313222,capacity-balanced inferred shortest-path assignment on OSM streets; not an as-built feeder
SYN-1535,365786756,Novi Sad 5 - Detelinara,553536320,2.489005474080764,0.0839865980313222,capacity-balanced inferred shortest-path assignment on OSM streets; not an as-built feeder
SYN-1536,365786756,Novi Sad 5 - Detelinara,60701306,2.6756594740807644,0.0839865980313222,capacity-balanced inferred shortest-path assignment on OSM streets; not an as-built feeder
SYN-1537,365786756,Novi Sad 5 - Detelinara,3895141604,2.6715394740807636,0.0839865980313222,capacity-balanced inferred shortest-path assignment on OSM streets; not an as-built feeder
SYN-1538,365786756,Novi Sad 5 - Detelinara,13612489772,2.503972474080763,0.0839865980313222,capacity-balanced inferred shortest-path assignment on OSM streets; not an as-built feeder
SYN-1539,365786756,Novi Sad 5 - Detelinara,553536357,2.422795474080764,0.0839865980313222,capacity-balanced inferred shortest-path assignment on OSM streets; not an as-built feeder
SYN-1540,365786756,Novi Sad 5 - Detelinara,11166945089,2.4244304740807636,0.0839865980313222,capacity-balanced inferred shortest-path assignment on OSM streets; not an as-built feeder
SYN-1541,365786756,Novi Sad 5 - Detelinara,12439543928,2.420403474080764,0.0839865980313222,capacity-balanced inferred shortest-path assignment on OSM streets; not an as-built feeder
SYN-1542,365786756,Novi Sad 5 - Detelinara,11283328413,2.550043474080763,0.0839865980313222,capacity-balanced inferred shortest-path assignment on OSM streets; not an as-built feeder
SYN-1564,365786756,Novi Sad 5 - Detelinara,6793079322,2.5777504740807635,0.08031580629017086,capacity-balanced inferred shortest-path assignment on OSM streets; not an as-built feeder
SYN-1569,365786756,Novi Sad 5 - Detelinara,2264443353,2.6601724740807633,0.08031580629017086,capacity-balanced inferred shortest-path assignment on OSM streets; not an as-built feeder
SYN-1570,365786756,Novi Sad 5 - Detelinara,2316841299,2.601727474080764,0.08031580629017086,capacity-balanced inferred shortest-path assignment on OSM streets; not an as-built feeder
SYN-1588,365786756,Novi Sad 5 - Detelinara,2756719872,2.708216474080763,0.08066174939108092,capacity-balanced inferred shortest-path assignment on OSM streets; not an as-built feeder
SYN-1886,365786756,Novi Sad 5 - Detelinara,11953346733,3.7679904740807646,0.08202108293031513,capacity-balanced inferred shortest-path assignment on OSM streets; not an as-built feeder
SYN-1887,365786756,Novi Sad 5 - Detelinara,7548634990,3.307551474080763,0.08202108293031513,capacity-balanced inferred shortest-path assignment on OSM streets; not an as-built feeder
SYN-1888,365786756,Novi Sad 5 - Detelinara,11953346733,3.7679904740807646,0.08202108293031513,capacity-balanced inferred shortest-path assignment on OSM streets; not an as-built feeder
SYN-1889,365786756,Novi Sad 5 - Detelinara,11953346733,3.7679904740807646,0.08202108293031513,capacity-balanced inferred shortest-path assignment on OSM streets; not an as-built feeder
SYN-1890,365786756,Novi Sad 5 - Detelinara,1574826466,4.154709474080764,0.08202108293031513,capacity-balanced inferred shortest-path assignment on OSM streets; not an as-built feeder
SYN-1891,365786756,Novi Sad 5 - Detelinara,14026896172,3.6274224740807637,0.08202108293031513,capacity-balanced inferred shortest-path assignment on OSM streets; not an as-built feeder
SYN-1892,365786756,Novi Sad 5 - Detelinara,11953346733,3.7679904740807646,0.08202108293031513,capacity-balanced inferred shortest-path assignment on OSM streets; not an as-built feeder
SYN-1893,365786756,Novi Sad 5 - Detelinara,1574836490,3.3688864740807634,0.08202108293031513,capacity-balanced inferred shortest-path assignment on OSM streets; not an as-built feeder
SYN-1894,365786756,Novi Sad 5 - Detelinara,11953346732,3.6013364740807647,0.08202108293031513,capacity-balanced inferred shortest-path assignment on OSM streets; not an as-built feeder
SYN-1895,365786756,Novi Sad 5 - Detelinara,11953346732,3.6013364740807647,0.08202108293031513,capacity-balanced inferred shortest-path assignment on OSM streets; not an as-built feeder
SYN-1896,365786756,Novi Sad 5 - Detelinara,1574836492,3.5256994740807635,0.08202108293031513,capacity-balanced inferred shortest-path assignment on OSM streets; not an as-built feeder
SYN-1897,365786756,Novi Sad 5 - Detelinara,1574836492,3.5256994740807635,0.08202108293031513,capacity-balanced inferred shortest-path assignment on OSM streets; not an as-built feeder
SYN-1898,365786756,Novi Sad 5 - Detelinara,1574828181,4.524007474080763,0.08202108293031513,capacity-balanced inferred shortest-path assignment on OSM streets; not an as-built feeder
SYN-1899,365786756,Novi Sad 5 - Detelinara,12803357083,3.5072434740807634,0.08202108293031513,capacity-balanced inferred shortest-path assignment on OSM streets; not an as-built feeder
SYN-1900,365786756,Novi Sad 5 - Detelinara,14026481342,3.810846474080764,0.09127340161321941,capacity-balanced inferred shortest-path assignment on OSM streets; not an as-built feeder
SYN-1901,365786756,Novi Sad 5 - Detelinara,14026481342,3.810846474080764,0.09127340161321941,capacity-balanced inferred shortest-path assignment on OSM streets; not an as-built feeder
SYN-1902,365786756,Novi Sad 5 - Detelinara,7051978411,2.731024474080763,0.06344303778136298,capacity-balanced inferred shortest-path assignment on OSM streets; not an as-built feeder
SYN-1903,365786756,Novi Sad 5 - Detelinara,3869452193,2.9661854740807634,0.033941252713901755,capacity-balanced inferred shortest-path assignment on OSM streets; not an as-built feeder
SYN-1904,365786756,Novi Sad 5 - Detelinara,1281259612,3.0288764740807625,0.0815636813407457,capacity-balanced inferred shortest-path assignment on OSM streets; not an as-built feeder
SYN-1905,365786756,Novi Sad 5 - Detelinara,1281259901,2.8918744740807623,0.0815636813407457,capacity-balanced inferred shortest-path assignment on OSM streets; not an as-built feeder
SYN-1906,365786756,Novi Sad 5 - Detelinara,12758305295,2.9184524740807625,0.06036797064207198,capacity-balanced inferred shortest-path assignment on OSM streets; not an as-built feeder
SYN-2011,365786756,Novi Sad 5 - Detelinara,4222103251,2.1825434740807625,0.004929129725730219,capacity-balanced inferred shortest-path assignment on OSM streets; not an as-built feeder
SYN-2023,365786756,Novi Sad 5 - Detelinara,1227873735,1.8239804740807628,0.06026500110078945,capacity-balanced inferred shortest-path assignment on OSM streets; not an as-built feeder
SYN-2130,365786756,Novi Sad 5 - Detelinara,7548113354,1.7256334740807628,0.07673667629944989,capacity-balanced inferred shortest-path assignment on OSM streets; not an as-built feeder
SYN-2131,365786756,Novi Sad 5 - Detelinara,6249956417,1.8014814740807632,0.07673667629944989,capacity-balanced inferred shortest-path assignment on OSM streets; not an as-built feeder
SYN-2132,365786756,Novi Sad 5 - Detelinara,6249956406,1.731279474080763,0.07673667629944989,capacity-balanced inferred shortest-path assignment on OSM streets; not an as-built feeder
SYN-2133,365786756,Novi Sad 5 - Detelinara,13845342069,2.620714474080762,0.04724838696286625,capacity-balanced inferred shortest-path assignment on OSM streets; not an as-built feeder
SYN-2134,365786756,Novi Sad 5 - Detelinara,12847048467,2.082159474080763,0.0905020660613206,capacity-balanced inferred shortest-path assignment on OSM streets; not an as-built feeder
SYN-2135,365786756,Novi Sad 5 - Detelinara,12402072280,2.206699474080762,0.0905020660613206,capacity-balanced inferred shortest-path assignment on OSM streets; not an as-built feeder
SYN-2136,365786756,Novi Sad 5 - Detelinara,1574841730,2.545684474080764,0.09998211266144226,capacity-balanced inferred shortest-path assignment on OSM streets; not an as-built feeder
SYN-2137,365786756,Novi Sad 5 - Detelinara,1574841718,2.899668474080764,0.09998211266144226,capacity-balanced inferred shortest-path assignment on OSM streets; not an as-built feeder
SYN-2138,365786756,Novi Sad 5 - Detelinara,1574841718,2.899668474080764,0.09998211266144226,capacity-balanced inferred shortest-path assignment on OSM streets; not an as-built feeder
SYN-2169,365786756,Novi Sad 5 - Detelinara,14019825589,2.8823004740807634,0.08000267310187918,capacity-balanced inferred shortest-path assignment on OSM streets; not an as-built feeder
SYN-2170,365786756,Novi Sad 5 - Detelinara,1574836295,2.912849474080763,0.08000267310187918,capacity-balanced inferred shortest-path assignment on OSM streets; not an as-built feeder
SYN-2171,365786756,Novi Sad 5 - Detelinara,7548650521,3.031092474080763,0.08000267310187918,capacity-balanced inferred shortest-path assignment on OSM streets; not an as-built feeder
SYN-2172,365786756,Novi Sad 5 - Detelinara,1574836242,2.840929474080763,0.08000267310187918,capacity-balanced inferred shortest-path assignment on OSM streets; not an as-built feeder
SYN-2173,365786756,Novi Sad 5 - Detelinara,3728470671,3.3420504740807626,0.039191691370435794,capacity-balanced inferred shortest-path assignment on OSM streets; not an as-built feeder
SYN-2178,365786756,Novi Sad 5 - Detelinara,2018989001,3.316606474080764,0.10064879891323754,capacity-balanced inferred shortest-path assignment on OSM streets; not an as-built feeder
SYN-2179,365786756,Novi Sad 5 - Detelinara,13889407493,1.860325474080763,0.13307216793971333,capacity-balanced inferred shortest-path assignment on OSM streets; not an as-built feeder
SYN-2184,365786756,Novi Sad 5 - Detelinara,9110333503,2.208280474080763,0.024964211881999324,capacity-balanced inferred shortest-path assignment on OSM streets; not an as-built feeder
SYN-2186,365786756,Novi Sad 5 - Detelinara,12849843188,2.622827301550201,0.02822400680671014,capacity-balanced inferred shortest-path assignment on OSM streets; not an as-built feeder
SYN-2187,365786756,Novi Sad 5 - Detelinara,1552946477,2.4496094740807624,0.029030582929290522,capacity-balanced inferred shortest-path assignment on OSM streets; not an as-built feeder
SYN-2188,365786756,Novi Sad 5 - Detelinara,3699271862,2.537621474080762,0.010795586699710652,capacity-balanced inferred shortest-path assignment on OSM streets; not an as-built feeder
SYN-2189,365786756,Novi Sad 5 - Detelinara,1574836447,3.421236474080764,0.11526691829636729,capacity-balanced inferred shortest-path assignment on OSM streets; not an as-built feeder
SYN-2190,365786756,Novi Sad 5 - Detelinara,10695067711,1.8349984740807626,0.01685659439553236,capacity-balanced inferred shortest-path assignment on OSM streets; not an as-built feeder
SYN-2196,365786756,Novi Sad 5 - Detelinara,5974425053,0.39551947408076327,0.13855635670690467,capacity-balanced inferred shortest-path assignment on OSM streets; not an as-built feeder
SYN-2298,365786756,Novi Sad 5 - Detelinara,3647223238,1.4389384740807634,0.0940595158791672,capacity-balanced inferred shortest-path assignment on OSM streets; not an as-built feeder
SYN-2299,365786756,Novi Sad 5 - Detelinara,3651425616,1.5004044740807632,0.0940595158791672,capacity-balanced inferred shortest-path assignment on OSM streets; not an as-built feeder
SYN-2301,365786756,Novi Sad 5 - Detelinara,13227754380,3.997092474080765,0.08504898608509662,capacity-balanced inferred shortest-path assignment on OSM streets; not an as-built feeder
SYN-2302,365786756,Novi Sad 5 - Detelinara,3697990267,2.6710264740807617,0.08504898608509662,capacity-balanced inferred shortest-path assignment on OSM streets; not an as-built feeder
SYN-2304,365786756,Novi Sad 5 - Detelinara,3697990268,2.6746164740807616,0.08504898608509662,capacity-balanced inferred shortest-path assignment on OSM streets; not an as-built feeder
SYN-2309,365786756,Novi Sad 5 - Detelinara,13227754379,4.086614474080765,0.08504898608509662,capacity-balanced inferred shortest-path assignment on OSM streets; not an as-built feeder
SYN-2311,365786756,Novi Sad 5 - Detelinara,13888571493,2.9532984740807624,0.08206914106186373,capacity-balanced inferred shortest-path assignment on OSM streets; not an as-built feeder
SYN-2312,365786756,Novi Sad 5 - Detelinara,13888571487,2.938046474080763,0.08206914106186373,capacity-balanced inferred shortest-path assignment on OSM streets; not an as-built feeder
SYN-2313,365786756,Novi Sad 5 - Detelinara,13888571499,2.758736474080763,0.08206914106186373,capacity-balanced inferred shortest-path assignment on OSM streets; not an as-built feeder
SYN-2314,365786756,Novi Sad 5 - Detelinara,13888571505,2.775327474080763,0.08206914106186373,capacity-balanced inferred shortest-path assignment on OSM streets; not an as-built feeder
SYN-2377,365786756,Novi Sad 5 - Detelinara,1574826590,4.275917474080765,0.0987231604007108,capacity-balanced inferred shortest-path assignment on OSM streets; not an as-built feeder
SYN-2378,365786756,Novi Sad 5 - Detelinara,1574826595,4.457520474080765,0.0987231604007108,capacity-balanced inferred shortest-path assignment on OSM streets; not an as-built feeder
SYN-2399,365786756,Novi Sad 5 - Detelinara,1574841762,2.825290474080764,0.08322368687178594,capacity-balanced inferred shortest-path assignment on OSM streets; not an as-built feeder
SYN-2400,365786756,Novi Sad 5 - Detelinara,1574841739,2.8408114740807635,0.08322368687178594,capacity-balanced inferred shortest-path assignment on OSM streets; not an as-built feeder
SYN-2401,365786756,Novi Sad 5 - Detelinara,3862561238,2.6668494740807622,0.08322368687178594,capacity-balanced inferred shortest-path assignment on OSM streets; not an as-built feeder
SYN-2402,365786756,Novi Sad 5 - Detelinara,1553013765,2.797091474080763,0.08322368687178594,capacity-balanced inferred shortest-path assignment on OSM streets; not an as-built feeder
SYN-2403,365786756,Novi Sad 5 - Detelinara,1574841760,2.790988474080764,0.08322368687178594,capacity-balanced inferred shortest-path assignment on OSM streets; not an as-built feeder
SYN-2404,365786756,Novi Sad 5 - Detelinara,1553013675,2.698955474080763,0.08322368687178594,capacity-balanced inferred shortest-path assignment on OSM streets; not an as-built feeder
SYN-2405,365786756,Novi Sad 5 - Detelinara,1553013560,2.6954694740807636,0.08322368687178594,capacity-balanced inferred shortest-path assignment on OSM streets; not an as-built feeder
SYN-2406,365786756,Novi Sad 5 - Detelinara,14027369401,2.5792634740807636,0.08322368687178594,capacity-balanced inferred shortest-path assignment on OSM streets; not an as-built feeder
SYN-2407,365786756,Novi Sad 5 - Detelinara,1574841743,2.840535474080763,0.08322368687178594,capacity-balanced inferred shortest-path assignment on OSM streets; not an as-built feeder
SYN-0005,1431014564,Novi Sad 6 - Miseluk,6716214438,1.4418340000000005,0.08677128042086615,capacity-balanced inferred shortest-path assignment on OSM streets; not an as-built feeder
SYN-0013,1431014564,Novi Sad 6 - Miseluk,12088120837,2.269514,0.007869628280903738,capacity-balanced inferred shortest-path assignment on OSM streets; not an as-built feeder
SYN-0093,1431014564,Novi Sad 6 - Miseluk,11940710135,3.0201789999999993,0.10034446908262076,capacity-balanced inferred shortest-path assignment on OSM streets; not an as-built feeder
SYN-0094,1431014564,Novi Sad 6 - Miseluk,1578026632,3.08467,0.10034446908262076,capacity-balanced inferred shortest-path assignment on OSM streets; not an as-built feeder
SYN-0095,1431014564,Novi Sad 6 - Miseluk,9947712244,3.2192820000000006,0.10034446908262076,capacity-balanced inferred shortest-path assignment on OSM streets; not an as-built feeder
SYN-0135,1431014564,Novi Sad 6 - Miseluk,1599385287,1.9207800000000004,0.08802180217282268,capacity-balanced inferred shortest-path assignment on OSM streets; not an as-built feeder
SYN-0136,1431014564,Novi Sad 6 - Miseluk,13332784967,1.8375990000000004,0.08802180217282268,capacity-balanced inferred shortest-path assignment on OSM streets; not an as-built feeder
SYN-0137,1431014564,Novi Sad 6 - Miseluk,1599385157,1.9824700000000004,0.08802180217282268,capacity-balanced inferred shortest-path assignment on OSM streets; not an as-built feeder
SYN-0138,1431014564,Novi Sad 6 - Miseluk,1540591320,1.9525760000000005,0.08802180217282268,capacity-balanced inferred shortest-path assignment on OSM streets; not an as-built feeder
SYN-0139,1431014564,Novi Sad 6 - Miseluk,1599385116,1.8959280000000005,0.08802180217282268,capacity-balanced inferred shortest-path assignment on OSM streets; not an as-built feeder
SYN-0140,1431014564,Novi Sad 6 - Miseluk,13332784950,1.8009990000000007,0.08802180217282268,capacity-balanced inferred shortest-path assignment on OSM streets; not an as-built feeder
SYN-0141,1431014564,Novi Sad 6 - Miseluk,1599385273,1.8549800000000007,0.08802180217282268,capacity-balanced inferred shortest-path assignment on OSM streets; not an as-built feeder
SYN-0142,1431014564,Novi Sad 6 - Miseluk,1599385045,2.050434,0.08802180217282268,capacity-balanced inferred shortest-path assignment on OSM streets; not an as-built feeder
SYN-0156,1431014564,Novi Sad 6 - Miseluk,12307253255,1.519548,0.024882743324906965,capacity-balanced inferred shortest-path assignment on OSM streets; not an as-built feeder
SYN-0159,1431014564,Novi Sad 6 - Miseluk,13532449439,2.530135,0.0340676808810483,capacity-balanced inferred shortest-path assignment on OSM streets; not an as-built feeder
SYN-0160,1431014564,Novi Sad 6 - Miseluk,2756719741,2.2052669999999996,0.0340676808810483,capacity-balanced inferred shortest-path assignment on OSM streets; not an as-built feeder
SYN-0169,1431014564,Novi Sad 6 - Miseluk,12394342523,2.9330559999999997,0.057996731837817915,capacity-balanced inferred shortest-path assignment on OSM streets; not an as-built feeder
SYN-0207,1431014564,Novi Sad 6 - Miseluk,13087945218,2.9452460000000005,0.047204820211477365,capacity-balanced inferred shortest-path assignment on OSM streets; not an as-built feeder
SYN-0208,1431014564,Novi Sad 6 - Miseluk,3832332688,3.6704370000000006,0.04463983370700092,capacity-balanced inferred shortest-path assignment on OSM streets; not an as-built feeder
SYN-0209,1431014564,Novi Sad 6 - Miseluk,3832295896,3.7942760000000004,0.04598573197214307,capacity-balanced inferred shortest-path assignment on OSM streets; not an as-built feeder
SYN-0244,1431014564,Novi Sad 6 - Miseluk,3175714135,3.6271388514365785,0.07956963735604525,capacity-balanced inferred shortest-path assignment on OSM streets; not an as-built feeder
SYN-0245,1431014564,Novi Sad 6 - Miseluk,3175714135,3.6271388514365785,0.07956963735604525,capacity-balanced inferred shortest-path assignment on OSM streets; not an as-built feeder
SYN-0246,1431014564,Novi Sad 6 - Miseluk,3175714135,3.6271388514365785,0.07956963735604525,capacity-balanced inferred shortest-path assignment on OSM streets; not an as-built feeder
SYN-0247,1431014564,Novi Sad 6 - Miseluk,3175714135,3.6271388514365785,0.07956963735604525,capacity-balanced inferred shortest-path assignment on OSM streets; not an as-built feeder
SYN-0248,1431014564,Novi Sad 6 - Miseluk,1578002560,3.2899538514365783,0.08910097715333921,capacity-balanced inferred shortest-path assignment on OSM streets; not an as-built feeder
SYN-0249,1431014564,Novi Sad 6 - Miseluk,1578002560,3.2899538514365783,0.08910097715333921,capacity-balanced inferred shortest-path assignment on OSM streets; not an as-built feeder
SYN-0250,1431014564,Novi Sad 6 - Miseluk,1573819049,3.3860878514365784,0.08910097715333921,capacity-balanced inferred shortest-path assignment on OSM streets; not an as-built feeder
SYN-0251,1431014564,Novi Sad 6 - Miseluk,1573819032,3.3210008514365787,0.0748973735354794,capacity-balanced inferred shortest-path assignment on OSM streets; not an as-built feeder
SYN-0252,1431014564,Novi Sad 6 - Miseluk,11830432106,3.5958808514365788,0.0748973735354794,capacity-balanced inferred shortest-path assignment on OSM streets; not an as-built feeder
SYN-0260,1431014564,Novi Sad 6 - Miseluk,11943259758,3.1708258514365784,0.0880683881108606,capacity-balanced inferred shortest-path assignment on OSM streets; not an as-built feeder
SYN-0261,1431014564,Novi Sad 6 - Miseluk,1573819211,3.402167851436579,0.0880683881108606,capacity-balanced inferred shortest-path assignment on OSM streets; not an as-built feeder
SYN-0262,1431014564,Novi Sad 6 - Miseluk,1573819017,3.2785708514365783,0.0880683881108606,capacity-balanced inferred shortest-path assignment on OSM streets; not an as-built feeder
SYN-0263,1431014564,Novi Sad 6 - Miseluk,1230711399,3.3305538514365787,0.0880683881108606,capacity-balanced inferred shortest-path assignment on OSM streets; not an as-built feeder
SYN-0264,1431014564,Novi Sad 6 - Miseluk,1573819241,3.430611851436579,0.0880683881108606,capacity-balanced inferred shortest-path assignment on OSM streets; not an as-built feeder
SYN-0265,1431014564,Novi Sad 6 - Miseluk,1573819177,3.390990851436579,0.0880683881108606,capacity-balanced inferred shortest-path assignment on OSM streets; not an as-built feeder
SYN-0266,1431014564,Novi Sad 6 - Miseluk,1573819245,3.5356998514365787,0.0880683881108606,capacity-balanced inferred shortest-path assignment on OSM streets; not an as-built feeder
SYN-0267,1431014564,Novi Sad 6 - Miseluk,10718888916,3.4313588514365794,0.0880683881108606,capacity-balanced inferred shortest-path assignment on OSM streets; not an as-built feeder
SYN-0268,1431014564,Novi Sad 6 - Miseluk,1578002836,3.822454851436578,0.08876588049991732,capacity-balanced inferred shortest-path assignment on OSM streets; not an as-built feeder
SYN-0269,1431014564,Novi Sad 6 - Miseluk,1578002836,3.822454851436578,0.08876588049991732,capacity-balanced inferred shortest-path assignment on OSM streets; not an as-built feeder
SYN-0270,1431014564,Novi Sad 6 - Miseluk,1578002966,3.9400468514365783,0.08876588049991732,capacity-balanced inferred shortest-path assignment on OSM streets; not an as-built feeder
SYN-0273,1431014564,Novi Sad 6 - Miseluk,1578003037,4.054642851436578,0.08876588049991732,capacity-balanced inferred shortest-path assignment on OSM streets; not an as-built feeder
SYN-0824,1431014564,Novi Sad 6 - Miseluk,10871144476,2.5192059999999996,0.11562571386452301,capacity-balanced inferred shortest-path assignment on OSM streets; not an as-built feeder
SYN-0828,1431014564,Novi Sad 6 - Miseluk,5863252151,3.2494368514365775,0.0836975701487259,capacity-balanced inferred shortest-path assignment on OSM streets; not an as-built feeder
SYN-0987,1431014564,Novi Sad 6 - Miseluk,3864018822,1.668599,0.08275081835934446,capacity-balanced inferred shortest-path assignment on OSM streets; not an as-built feeder
SYN-0988,1431014564,Novi Sad 6 - Miseluk,1609515970,1.3476349999999997,0.08275081835934446,capacity-balanced inferred shortest-path assignment on OSM streets; not an as-built feeder
SYN-0989,1431014564,Novi Sad 6 - Miseluk,11900396348,1.6337479999999995,0.08275081835934446,capacity-balanced inferred shortest-path assignment on OSM streets; not an as-built feeder
SYN-0990,1431014564,Novi Sad 6 - Miseluk,1596123210,1.5233069999999997,0.03241725702243441,capacity-balanced inferred shortest-path assignment on OSM streets; not an as-built feeder
SYN-0991,1431014564,Novi Sad 6 - Miseluk,1596123231,1.498475,0.03241725702243441,capacity-balanced inferred shortest-path assignment on OSM streets; not an as-built feeder
SYN-1088,1431014564,Novi Sad 6 - Miseluk,11940710129,2.739539999999999,0.10964148263243213,capacity-balanced inferred shortest-path assignment on OSM streets; not an as-built feeder
SYN-1224,1431014564,Novi Sad 6 - Miseluk,3874456899,2.095986,0.08220199593446417,capacity-balanced inferred shortest-path assignment on OSM streets; not an as-built feeder
SYN-1230,1431014564,Novi Sad 6 - Miseluk,1596130083,1.8466160000000003,0.08220199593446417,capacity-balanced inferred shortest-path assignment on OSM streets; not an as-built feeder
SYN-1231,1431014564,Novi Sad 6 - Miseluk,3637195532,2.4266419999999997,0.08220199593446417,capacity-balanced inferred shortest-path assignment on OSM streets; not an as-built feeder
SYN-1232,1431014564,Novi Sad 6 - Miseluk,14120624325,2.436048,0.08220199593446417,capacity-balanced inferred shortest-path assignment on OSM streets; not an as-built feeder
SYN-1235,1431014564,Novi Sad 6 - Miseluk,14072391485,2.289215,0.08220199593446417,capacity-balanced inferred shortest-path assignment on OSM streets; not an as-built feeder
SYN-1238,1431014564,Novi Sad 6 - Miseluk,2983831600,2.3686880000000006,0.08220199593446417,capacity-balanced inferred shortest-path assignment on OSM streets; not an as-built feeder
SYN-1243,1431014564,Novi Sad 6 - Miseluk,2309539803,1.9152630000000004,0.08220199593446417,capacity-balanced inferred shortest-path assignment on OSM streets; not an as-built feeder
SYN-1302,1431014564,Novi Sad 6 - Miseluk,1377885410000,3.238510017010993,0.08289884156787268,capacity-balanced inferred shortest-path assignment on OSM streets; not an as-built feeder
SYN-1304,1431014564,Novi Sad 6 - Miseluk,3093974819,3.4586539999999997,0.08289884156787268,capacity-balanced inferred shortest-path assignment on OSM streets; not an as-built feeder
SYN-1306,1431014564,Novi Sad 6 - Miseluk,3093974808,3.3081659999999995,0.08289884156787268,capacity-balanced inferred shortest-path assignment on OSM streets; not an as-built feeder
SYN-1308,1431014564,Novi Sad 6 - Miseluk,3093974808,3.3081659999999995,0.08289884156787268,capacity-balanced inferred shortest-path assignment on OSM streets; not an as-built feeder
SYN-1309,1431014564,Novi Sad 6 - Miseluk,3093974820,3.3663109999999987,0.08289884156787268,capacity-balanced inferred shortest-path assignment on OSM streets; not an as-built feeder
SYN-1310,1431014564,Novi Sad 6 - Miseluk,11931467421,3.4331640000000005,0.08289884156787268,capacity-balanced inferred shortest-path assignment on OSM streets; not an as-built feeder
SYN-1312,1431014564,Novi Sad 6 - Miseluk,10915416277,3.213697,0.08289884156787268,capacity-balanced inferred shortest-path assignment on OSM streets; not an as-built feeder
SYN-1313,1431014564,Novi Sad 6 - Miseluk,1585163342,3.2430249999999994,0.08289884156787268,capacity-balanced inferred shortest-path assignment on OSM streets; not an as-built feeder
SYN-1315,1431014564,Novi Sad 6 - Miseluk,6542914042,3.4348909999999995,0.08289884156787268,capacity-balanced inferred shortest-path assignment on OSM streets; not an as-built feeder
SYN-1316,1431014564,Novi Sad 6 - Miseluk,3616170975,3.155021,0.08254392043616059,capacity-balanced inferred shortest-path assignment on OSM streets; not an as-built feeder
SYN-1317,1431014564,Novi Sad 6 - Miseluk,1453841584,3.272681,0.08254392043616059,capacity-balanced inferred shortest-path assignment on OSM streets; not an as-built feeder
SYN-1319,1431014564,Novi Sad 6 - Miseluk,13275789429,3.409339,0.08254392043616059,capacity-balanced inferred shortest-path assignment on OSM streets; not an as-built feeder
SYN-1320,1431014564,Novi Sad 6 - Miseluk,3856092278,2.7834760000000003,0.08254392043616059,capacity-balanced inferred shortest-path assignment on OSM streets; not an as-built feeder
SYN-1321,1431014564,Novi Sad 6 - Miseluk,1574842473,3.482033,0.08254392043616059,capacity-balanced inferred shortest-path assignment on OSM streets; not an as-built feeder
SYN-1322,1431014564,Novi Sad 6 - Miseluk,3838966528,3.5810020000000007,0.08254392043616059,capacity-balanced inferred shortest-path assignment on OSM streets; not an as-built feeder
SYN-1323,1431014564,Novi Sad 6 - Miseluk,1215613366,3.6850739999999997,0.08254392043616059,capacity-balanced inferred shortest-path assignment on OSM streets; not an as-built feeder
SYN-1324,1431014564,Novi Sad 6 - Miseluk,13025690822,2.9324380000000003,0.08254392043616059,capacity-balanced inferred shortest-path assignment on OSM streets; not an as-built feeder
SYN-1326,1431014564,Novi Sad 6 - Miseluk,13850704344,3.1736750000000002,0.08254392043616059,capacity-balanced inferred shortest-path assignment on OSM streets; not an as-built feeder
SYN-1328,1431014564,Novi Sad 6 - Miseluk,3856092280,2.875296,0.08254392043616059,capacity-balanced inferred shortest-path assignment on OSM streets; not an as-built feeder
SYN-1329,1431014564,Novi Sad 6 - Miseluk,3856092278,2.7834760000000003,0.08254392043616059,capacity-balanced inferred shortest-path assignment on OSM streets; not an as-built feeder
SYN-1330,1431014564,Novi Sad 6 - Miseluk,11931467441,3.1653520000000004,0.08254392043616059,capacity-balanced inferred shortest-path assignment on OSM streets; not an as-built feeder
SYN-1331,1431014564,Novi Sad 6 - Miseluk,13127661087,3.143139,0.08254392043616059,capacity-balanced inferred shortest-path assignment on OSM streets; not an as-built feeder
SYN-1332,1431014564,Novi Sad 6 - Miseluk,11891415108,3.559009,0.08254392043616059,capacity-balanced inferred shortest-path assignment on OSM streets; not an as-built feeder
SYN-1333,1431014564,Novi Sad 6 - Miseluk,3616170950,2.7508059999999994,0.08254392043616059,capacity-balanced inferred shortest-path assignment on OSM streets; not an as-built feeder
SYN-1334,1431014564,Novi Sad 6 - Miseluk,13088019761,3.1905310000000005,0.08254392043616059,capacity-balanced inferred shortest-path assignment on OSM streets; not an as-built feeder
SYN-1335,1431014564,Novi Sad 6 - Miseluk,11391437066,3.3540520000000007,0.08254392043616059,capacity-balanced inferred shortest-path assignment on OSM streets; not an as-built feeder
SYN-1336,1431014564,Novi Sad 6 - Miseluk,3008608128,3.6363600000000003,0.08254392043616059,capacity-balanced inferred shortest-path assignment on OSM streets; not an as-built feeder
SYN-1337,1431014564,Novi Sad 6 - Miseluk,11891415107,3.5404040000000006,0.08254392043616059,capacity-balanced inferred shortest-path assignment on OSM streets; not an as-built feeder
SYN-1338,1431014564,Novi Sad 6 - Miseluk,13147933976,3.566328000000001,0.08254392043616059,capacity-balanced inferred shortest-path assignment on OSM streets; not an as-built feeder
SYN-1342,1431014564,Novi Sad 6 - Miseluk,3833898001,3.717671000000001,0.08801340546635802,capacity-balanced inferred shortest-path assignment on OSM streets; not an as-built feeder
SYN-1348,1431014564,Novi Sad 6 - Miseluk,13260387317,3.070598999999999,0.08263500812547525,capacity-balanced inferred shortest-path assignment on OSM streets; not an as-built feeder
SYN-1349,1431014564,Novi Sad 6 - Miseluk,7563894234,3.208517,0.08263500812547525,capacity-balanced inferred shortest-path assignment on OSM streets; not an as-built feeder
SYN-1350,1431014564,Novi Sad 6 - Miseluk,12395670212,3.201396999999999,0.08263500812547525,capacity-balanced inferred shortest-path assignment on OSM streets; not an as-built feeder
SYN-1351,1431014564,Novi Sad 6 - Miseluk,12395763065,3.0994159999999997,0.08263500812547525,capacity-balanced inferred shortest-path assignment on OSM streets; not an as-built feeder
SYN-1352,1431014564,Novi Sad 6 - Miseluk,3834021161,3.6077620000000006,0.08263500812547525,capacity-balanced inferred shortest-path assignment on OSM streets; not an as-built feeder
SYN-1353,1431014564,Novi Sad 6 - Miseluk,1140885214,3.0473939999999984,0.08263500812547525,capacity-balanced inferred shortest-path assignment on OSM streets; not an as-built feeder
SYN-1354,1431014564,Novi Sad 6 - Miseluk,12395763094,3.167229,0.08263500812547525,capacity-balanced inferred shortest-path assignment on OSM streets; not an as-built feeder
SYN-1355,1431014564,Novi Sad 6 - Miseluk,3832438689,3.424474,0.08263500812547525,capacity-balanced inferred shortest-path assignment on OSM streets; not an as-built feeder
SYN-1356,1431014564,Novi Sad 6 - Miseluk,13260494456,3.447583163720512,0.08263500812547525,capacity-balanced inferred shortest-path assignment on OSM streets; not an as-built feeder
SYN-1357,1431014564,Novi Sad 6 - Miseluk,566481632,2.795289999999999,0.08263500812547525,capacity-balanced inferred shortest-path assignment on OSM streets; not an as-built feeder
SYN-1358,1431014564,Novi Sad 6 - Miseluk,2031431037,2.851636999999999,0.08263500812547525,capacity-balanced inferred shortest-path assignment on OSM streets; not an as-built feeder
SYN-1359,1431014564,Novi Sad 6 - Miseluk,13260388784,2.743165999999999,0.08263500812547525,capacity-balanced inferred shortest-path assignment on OSM streets; not an as-built feeder
SYN-1360,1431014564,Novi Sad 6 - Miseluk,3016351044,3.4759190000000006,0.08263500812547525,capacity-balanced inferred shortest-path assignment on OSM streets; not an as-built feeder
SYN-1361,1431014564,Novi Sad 6 - Miseluk,13260366845,3.0022219999999984,0.08263500812547525,capacity-balanced inferred shortest-path assignment on OSM streets; not an as-built feeder
SYN-1362,1431014564,Novi Sad 6 - Miseluk,13244595031,3.2740950000000004,0.08263500812547525,capacity-balanced inferred shortest-path assignment on OSM streets; not an as-built feeder
SYN-1363,1431014564,Novi Sad 6 - Miseluk,3834021161,3.6077620000000006,0.08263500812547525,capacity-balanced inferred shortest-path assignment on OSM streets; not an as-built feeder
SYN-1364,1431014564,Novi Sad 6 - Miseluk,1140885214,3.0473939999999984,0.08263500812547525,capacity-balanced inferred shortest-path assignment on OSM streets; not an as-built feeder
SYN-1365,1431014564,Novi Sad 6 - Miseluk,11322986916,3.079423,0.08263500812547525,capacity-balanced inferred shortest-path assignment on OSM streets; not an as-built feeder
SYN-1366,1431014564,Novi Sad 6 - Miseluk,12067207282,3.4057610000000005,0.08263500812547525,capacity-balanced inferred shortest-path assignment on OSM streets; not an as-built feeder
SYN-1367,1431014564,Novi Sad 6 - Miseluk,11348102457,3.196626,0.08263500812547525,capacity-balanced inferred shortest-path assignment on OSM streets; not an as-built feeder
SYN-1368,1431014564,Novi Sad 6 - Miseluk,13260344602,3.200695163720512,0.08263500812547525,capacity-balanced inferred shortest-path assignment on OSM streets; not an as-built feeder
SYN-1369,1431014564,Novi Sad 6 - Miseluk,1140885294,2.961576999999999,0.08263500812547525,capacity-balanced inferred shortest-path assignment on OSM streets; not an as-built feeder
SYN-1370,1431014564,Novi Sad 6 - Miseluk,1140885325,2.939656,0.08263500812547525,capacity-balanced inferred shortest-path assignment on OSM streets; not an as-built feeder
SYN-1371,1431014564,Novi Sad 6 - Miseluk,3016321086,3.4538080000000004,0.08263500812547525,capacity-balanced inferred shortest-path assignment on OSM streets; not an as-built feeder
SYN-1372,1431014564,Novi Sad 6 - Miseluk,3010504448,3.3153140000000008,0.08263500812547525,capacity-balanced inferred shortest-path assignment on OSM streets; not an as-built feeder
SYN-1373,1431014564,Novi Sad 6 - Miseluk,1140885327,3.172594163720512,0.08263500812547525,capacity-balanced inferred shortest-path assignment on OSM streets; not an as-built feeder
SYN-1374,1431014564,Novi Sad 6 - Miseluk,1140885164,3.381364000000001,0.08263500812547525,capacity-balanced inferred shortest-path assignment on OSM streets; not an as-built feeder
SYN-1375,1431014564,Novi Sad 6 - Miseluk,3834072849,3.2818780000000007,0.08263500812547525,capacity-balanced inferred shortest-path assignment on OSM streets; not an as-built feeder
SYN-1376,1431014564,Novi Sad 6 - Miseluk,13265062850,3.5557930000000004,0.08263500812547525,capacity-balanced inferred shortest-path assignment on OSM streets; not an as-built feeder
SYN-1377,1431014564,Novi Sad 6 - Miseluk,10871343118,3.6738840000000006,0.08263500812547525,capacity-balanced inferred shortest-path assignment on OSM streets; not an as-built feeder
SYN-1378,1431014564,Novi Sad 6 - Miseluk,13885838179,2.8069259999999994,0.08263500812547525,capacity-balanced inferred shortest-path assignment on OSM streets; not an as-built feeder
SYN-1379,1431014564,Novi Sad 6 - Miseluk,3016584225,3.187786000000001,0.08263500812547525,capacity-balanced inferred shortest-path assignment on OSM streets; not an as-built feeder
SYN-1380,1431014564,Novi Sad 6 - Miseluk,13260344606,3.2631281637205123,0.08263500812547525,capacity-balanced inferred shortest-path assignment on OSM streets; not an as-built feeder
SYN-1381,1431014564,Novi Sad 6 - Miseluk,1140885266,2.986314163720513,0.08263500812547525,capacity-balanced inferred shortest-path assignment on OSM streets; not an as-built feeder
SYN-1382,1431014564,Novi Sad 6 - Miseluk,1453875469,2.7076829999999994,0.08263500812547525,capacity-balanced inferred shortest-path assignment on OSM streets; not an as-built feeder
SYN-1383,1431014564,Novi Sad 6 - Miseluk,10871343115,3.6591460000000007,0.08263500812547525,capacity-balanced inferred shortest-path assignment on OSM streets; not an as-built feeder
SYN-1384,1431014564,Novi Sad 6 - Miseluk,10557415612,3.0364449999999996,0.03459332080147912,capacity-balanced inferred shortest-path assignment on OSM streets; not an as-built feeder
SYN-1385,1431014564,Novi Sad 6 - Miseluk,12393802711,2.4621699999999995,0.08430394237714357,capacity-balanced inferred shortest-path assignment on OSM streets; not an as-built feeder
SYN-1386,1431014564,Novi Sad 6 - Miseluk,2050669648,2.6489889999999994,0.08430394237714357,capacity-balanced inferred shortest-path assignment on OSM streets; not an as-built feeder
SYN-1387,1431014564,Novi Sad 6 - Miseluk,6874294969,2.544426,0.08430394237714357,capacity-balanced inferred shortest-path assignment on OSM streets; not an as-built feeder
SYN-1388,1431014564,Novi Sad 6 - Miseluk,3731570605,2.241939,0.08430394237714357,capacity-balanced inferred shortest-path assignment on OSM streets; not an as-built feeder
SYN-1389,1431014564,Novi Sad 6 - Miseluk,13189365652,2.806423999999999,0.08430394237714357,capacity-balanced inferred shortest-path assignment on OSM streets; not an as-built feeder
SYN-1390,1431014564,Novi Sad 6 - Miseluk,13197114576,2.5834219999999997,0.08430394237714357,capacity-balanced inferred shortest-path assignment on OSM streets; not an as-built feeder
SYN-1391,1431014564,Novi Sad 6 - Miseluk,7599665837,2.4130279999999997,0.08430394237714357,capacity-balanced inferred shortest-path assignment on OSM streets; not an as-built feeder
SYN-1392,1431014564,Novi Sad 6 - Miseluk,11931430331,2.6732709999999997,0.08430394237714357,capacity-balanced inferred shortest-path assignment on OSM streets; not an as-built feeder
SYN-1393,1431014564,Novi Sad 6 - Miseluk,2050669640,2.6415529999999996,0.08430394237714357,capacity-balanced inferred shortest-path assignment on OSM streets; not an as-built feeder
SYN-1394,1431014564,Novi Sad 6 - Miseluk,3828268951,2.355669,0.08430394237714357,capacity-balanced inferred shortest-path assignment on OSM streets; not an as-built feeder
SYN-1395,1431014564,Novi Sad 6 - Miseluk,12394342541,2.710079,0.08430394237714357,capacity-balanced inferred shortest-path assignment on OSM streets; not an as-built feeder
SYN-1396,1431014564,Novi Sad 6 - Miseluk,3830464108,2.4086860000000003,0.08430394237714357,capacity-balanced inferred shortest-path assignment on OSM streets; not an as-built feeder
SYN-1397,1431014564,Novi Sad 6 - Miseluk,12393623577,2.777857,0.08430394237714357,capacity-balanced inferred shortest-path assignment on OSM streets; not an as-built feeder
SYN-1398,1431014564,Novi Sad 6 - Miseluk,13058867773,3.1814730000000004,0.03673249924298008,capacity-balanced inferred shortest-path assignment on OSM streets; not an as-built feeder
SYN-1543,1431014564,Novi Sad 6 - Miseluk,13971341215,2.7856360000000002,0.08117171784003871,capacity-balanced inferred shortest-path assignment on OSM streets; not an as-built feeder
SYN-1544,1431014564,Novi Sad 6 - Miseluk,13758940097,2.4338190000000006,0.08117171784003871,capacity-balanced inferred shortest-path assignment on OSM streets; not an as-built feeder
SYN-1545,1431014564,Novi Sad 6 - Miseluk,333531982,2.7825399999999996,0.08117171784003871,capacity-balanced inferred shortest-path assignment on OSM streets; not an as-built feeder
SYN-1546,1431014564,Novi Sad 6 - Miseluk,2320153789,2.9379619999999997,0.08117171784003871,capacity-balanced inferred shortest-path assignment on OSM streets; not an as-built feeder
SYN-1547,1431014564,Novi Sad 6 - Miseluk,3891561340,2.752874999999998,0.08117171784003871,capacity-balanced inferred shortest-path assignment on OSM streets; not an as-built feeder
SYN-1548,1431014564,Novi Sad 6 - Miseluk,13324143576,2.537374999999999,0.08117171784003871,capacity-balanced inferred shortest-path assignment on OSM streets; not an as-built feeder
SYN-1549,1431014564,Novi Sad 6 - Miseluk,2320153785,2.496655,0.08117171784003871,capacity-balanced inferred shortest-path assignment on OSM streets; not an as-built feeder
SYN-1550,1431014564,Novi Sad 6 - Miseluk,3886446803,2.7552089999999985,0.08117171784003871,capacity-balanced inferred shortest-path assignment on OSM streets; not an as-built feeder
SYN-1551,1431014564,Novi Sad 6 - Miseluk,1319623577,2.8014449999999984,0.08117171784003871,capacity-balanced inferred shortest-path assignment on OSM streets; not an as-built feeder
SYN-1552,1431014564,Novi Sad 6 - Miseluk,533988247,2.9464759999999988,0.08117171784003871,capacity-balanced inferred shortest-path assignment on OSM streets; not an as-built feeder
SYN-1553,1431014564,Novi Sad 6 - Miseluk,13971341214,2.764015,0.08117171784003871,capacity-balanced inferred shortest-path assignment on OSM streets; not an as-built feeder
SYN-1554,1431014564,Novi Sad 6 - Miseluk,533992564,2.388591999999999,0.08117171784003871,capacity-balanced inferred shortest-path assignment on OSM streets; not an as-built feeder
SYN-1555,1431014564,Novi Sad 6 - Miseluk,553504501,2.76071,0.08117171784003871,capacity-balanced inferred shortest-path assignment on OSM streets; not an as-built feeder
SYN-1556,1431014564,Novi Sad 6 - Miseluk,3886507250,2.367443999999999,0.08117171784003871,capacity-balanced inferred shortest-path assignment on OSM streets; not an as-built feeder
SYN-1557,1431014564,Novi Sad 6 - Miseluk,11347924931,2.8877859999999993,0.08117171784003871,capacity-balanced inferred shortest-path assignment on OSM streets; not an as-built feeder
SYN-1558,1431014564,Novi Sad 6 - Miseluk,11347924931,2.8877859999999993,0.08117171784003871,capacity-balanced inferred shortest-path assignment on OSM streets; not an as-built feeder
SYN-1559,1431014564,Novi Sad 6 - Miseluk,13971341210,2.9080529999999998,0.08117171784003871,capacity-balanced inferred shortest-path assignment on OSM streets; not an as-built feeder
SYN-1560,1431014564,Novi Sad 6 - Miseluk,1319623584,2.6727159999999985,0.08117171784003871,capacity-balanced inferred shortest-path assignment on OSM streets; not an as-built feeder
SYN-1561,1431014564,Novi Sad 6 - Miseluk,14005336078,2.693498,0.08117171784003871,capacity-balanced inferred shortest-path assignment on OSM streets; not an as-built feeder
SYN-1562,1431014564,Novi Sad 6 - Miseluk,1974428513,2.7282309999999987,0.08117171784003871,capacity-balanced inferred shortest-path assignment on OSM streets; not an as-built feeder
SYN-1563,1431014564,Novi Sad 6 - Miseluk,1974428530,2.6431949999999986,0.08117171784003871,capacity-balanced inferred shortest-path assignment on OSM streets; not an as-built feeder
SYN-1565,1431014564,Novi Sad 6 - Miseluk,3895152430,3.0273440000000003,0.08031580629017086,capacity-balanced inferred shortest-path assignment on OSM streets; not an as-built feeder
SYN-1566,1431014564,Novi Sad 6 - Miseluk,61974838,3.191324,0.08031580629017086,capacity-balanced inferred shortest-path assignment on OSM streets; not an as-built feeder
SYN-1567,1431014564,Novi Sad 6 - Miseluk,2013620766,2.755192,0.08031580629017086,capacity-balanced inferred shortest-path assignment on OSM streets; not an as-built feeder
SYN-1568,1431014564,Novi Sad 6 - Miseluk,3891557380,2.806058,0.08031580629017086,capacity-balanced inferred shortest-path assignment on OSM streets; not an as-built feeder
SYN-1571,1431014564,Novi Sad 6 - Miseluk,1454495254,2.4096210000000005,0.08361381375063508,capacity-balanced inferred shortest-path assignment on OSM streets; not an as-built feeder
SYN-1572,1431014564,Novi Sad 6 - Miseluk,11849729884,2.1917010000000006,0.08361381375063508,capacity-balanced inferred shortest-path assignment on OSM streets; not an as-built feeder
SYN-1573,1431014564,Novi Sad 6 - Miseluk,11849735024,2.3221480000000008,0.08361381375063508,capacity-balanced inferred shortest-path assignment on OSM streets; not an as-built feeder
SYN-1574,1431014564,Novi Sad 6 - Miseluk,12246234713,2.330601,0.08361381375063508,capacity-balanced inferred shortest-path assignment on OSM streets; not an as-built feeder
SYN-1575,1431014564,Novi Sad 6 - Miseluk,6408175981,2.314007,0.08361381375063508,capacity-balanced inferred shortest-path assignment on OSM streets; not an as-built feeder
SYN-1576,1431014564,Novi Sad 6 - Miseluk,250073789,2.4154500000000008,0.08066174939108092,capacity-balanced inferred shortest-path assignment on OSM streets; not an as-built feeder
SYN-1577,1431014564,Novi Sad 6 - Miseluk,3652964171,2.907682,0.08066174939108092,capacity-balanced inferred shortest-path assignment on OSM streets; not an as-built feeder
SYN-1578,1431014564,Novi Sad 6 - Miseluk,3653134329,2.731589000000001,0.08066174939108092,capacity-balanced inferred shortest-path assignment on OSM streets; not an as-built feeder
SYN-1579,1431014564,Novi Sad 6 - Miseluk,12140130648,2.420473,0.08066174939108092,capacity-balanced inferred shortest-path assignment on OSM streets; not an as-built feeder
SYN-1580,1431014564,Novi Sad 6 - Miseluk,3653134326,2.8633000000000006,0.08066174939108092,capacity-balanced inferred shortest-path assignment on OSM streets; not an as-built feeder
SYN-1581,1431014564,Novi Sad 6 - Miseluk,3652964177,2.9168629999999998,0.08066174939108092,capacity-balanced inferred shortest-path assignment on OSM streets; not an as-built feeder
SYN-1582,1431014564,Novi Sad 6 - Miseluk,3652969922,3.0075230000000004,0.08066174939108092,capacity-balanced inferred shortest-path assignment on OSM streets; not an as-built feeder
SYN-1583,1431014564,Novi Sad 6 - Miseluk,3653134329,2.731589000000001,0.08066174939108092,capacity-balanced inferred shortest-path assignment on OSM streets; not an as-built feeder
SYN-1584,1431014564,Novi Sad 6 - Miseluk,12140130649,2.2894680000000007,0.08066174939108092,capacity-balanced inferred shortest-path assignment on OSM streets; not an as-built feeder
SYN-1585,1431014564,Novi Sad 6 - Miseluk,1454495268,2.754599000000001,0.08066174939108092,capacity-balanced inferred shortest-path assignment on OSM streets; not an as-built feeder
SYN-1586,1431014564,Novi Sad 6 - Miseluk,13534178332,2.5350040000000007,0.08066174939108092,capacity-balanced inferred shortest-path assignment on OSM streets; not an as-built feeder
SYN-1587,1431014564,Novi Sad 6 - Miseluk,13731226492,2.2744740000000006,0.08066174939108092,capacity-balanced inferred shortest-path assignment on OSM streets; not an as-built feeder
SYN-1589,1431014564,Novi Sad 6 - Miseluk,1974435505,2.921678000000001,0.08066174939108092,capacity-balanced inferred shortest-path assignment on OSM streets; not an as-built feeder
SYN-1590,1431014564,Novi Sad 6 - Miseluk,3653129801,2.565473000000001,0.08066174939108092,capacity-balanced inferred shortest-path assignment on OSM streets; not an as-built feeder
SYN-1591,1431014564,Novi Sad 6 - Miseluk,3737658579,2.5874540000000006,0.08066174939108092,capacity-balanced inferred shortest-path assignment on OSM streets; not an as-built feeder
SYN-1592,1431014564,Novi Sad 6 - Miseluk,1591668217,2.771159,0.08066174939108092,capacity-balanced inferred shortest-path assignment on OSM streets; not an as-built feeder
SYN-1593,1431014564,Novi Sad 6 - Miseluk,1451091031,1.4609279999999998,0.08272913113356588,capacity-balanced inferred shortest-path assignment on OSM streets; not an as-built feeder
SYN-1594,1431014564,Novi Sad 6 - Miseluk,2307096327,1.9519539999999995,0.08272913113356588,capacity-balanced inferred shortest-path assignment on OSM streets; not an as-built feeder
SYN-1595,1431014564,Novi Sad 6 - Miseluk,2989549202,1.7874379999999996,0.08272913113356588,capacity-balanced inferred shortest-path assignment on OSM streets; not an as-built feeder
SYN-1596,1431014564,Novi Sad 6 - Miseluk,2307692639,1.4577820000000001,0.08272913113356588,capacity-balanced inferred shortest-path assignment on OSM streets; not an as-built feeder
SYN-1597,1431014564,Novi Sad 6 - Miseluk,1609500668,1.839242,0.08272913113356588,capacity-balanced inferred shortest-path assignment on OSM streets; not an as-built feeder
SYN-1598,1431014564,Novi Sad 6 - Miseluk,8279150892,1.317226,0.08272913113356588,capacity-balanced inferred shortest-path assignment on OSM streets; not an as-built feeder
SYN-1599,1431014564,Novi Sad 6 - Miseluk,2315345364,1.8892069999999999,0.08272913113356588,capacity-balanced inferred shortest-path assignment on OSM streets; not an as-built feeder
SYN-1600,1431014564,Novi Sad 6 - Miseluk,2989549201,1.8810349999999998,0.08272913113356588,capacity-balanced inferred shortest-path assignment on OSM streets; not an as-built feeder
SYN-1601,1431014564,Novi Sad 6 - Miseluk,1609500668,1.839242,0.08272913113356588,capacity-balanced inferred shortest-path assignment on OSM streets; not an as-built feeder
SYN-1602,1431014564,Novi Sad 6 - Miseluk,2316793331,2.2729589999999997,0.08272913113356588,capacity-balanced inferred shortest-path assignment on OSM streets; not an as-built feeder
SYN-1603,1431014564,Novi Sad 6 - Miseluk,11271502584,2.0413059999999996,0.08272913113356588,capacity-balanced inferred shortest-path assignment on OSM streets; not an as-built feeder
SYN-1604,1431014564,Novi Sad 6 - Miseluk,532483582,1.3839149999999996,0.08272913113356588,capacity-balanced inferred shortest-path assignment on OSM streets; not an as-built feeder
SYN-1605,1431014564,Novi Sad 6 - Miseluk,3554815153,1.71786,0.08272913113356588,capacity-balanced inferred shortest-path assignment on OSM streets; not an as-built feeder
SYN-1606,1431014564,Novi Sad 6 - Miseluk,11590313685,1.7350989999999997,0.08272913113356588,capacity-balanced inferred shortest-path assignment on OSM streets; not an as-built feeder
SYN-1607,1431014564,Novi Sad 6 - Miseluk,2315643307,2.178908,0.08272913113356588,capacity-balanced inferred shortest-path assignment on OSM streets; not an as-built feeder
SYN-1608,1431014564,Novi Sad 6 - Miseluk,2989549203,1.7338639999999996,0.08272913113356588,capacity-balanced inferred shortest-path assignment on OSM streets; not an as-built feeder
SYN-1609,1431014564,Novi Sad 6 - Miseluk,3766179721,1.6839770000000003,0.08272913113356588,capacity-balanced inferred shortest-path assignment on OSM streets; not an as-built feeder
SYN-1610,1431014564,Novi Sad 6 - Miseluk,2297673686,1.350332,0.08272913113356588,capacity-balanced inferred shortest-path assignment on OSM streets; not an as-built feeder
SYN-1611,1431014564,Novi Sad 6 - Miseluk,3770727571,2.004524,0.08272913113356588,capacity-balanced inferred shortest-path assignment on OSM streets; not an as-built feeder
SYN-1612,1431014564,Novi Sad 6 - Miseluk,3817169089,1.6842019999999995,0.08272913113356588,capacity-balanced inferred shortest-path assignment on OSM streets; not an as-built feeder
SYN-1613,1431014564,Novi Sad 6 - Miseluk,2307692786,1.548234,0.08272913113356588,capacity-balanced inferred shortest-path assignment on OSM streets; not an as-built feeder
SYN-1614,1431014564,Novi Sad 6 - Miseluk,2316793362,2.239134,0.08272913113356588,capacity-balanced inferred shortest-path assignment on OSM streets; not an as-built feeder
SYN-1615,1431014564,Novi Sad 6 - Miseluk,13173847257,1.1716959999999998,0.09595316783753291,capacity-balanced inferred shortest-path assignment on OSM streets; not an as-built feeder
SYN-1616,1431014564,Novi Sad 6 - Miseluk,13009966777,1.0205389084955254,0.09595316783753291,capacity-balanced inferred shortest-path assignment on OSM streets; not an as-built feeder
SYN-1617,1431014564,Novi Sad 6 - Miseluk,12986244956,1.019064,0.09595316783753291,capacity-balanced inferred shortest-path assignment on OSM streets; not an as-built feeder
SYN-1618,1431014564,Novi Sad 6 - Miseluk,12405021913,1.032105,0.08772689662886796,capacity-balanced inferred shortest-path assignment on OSM streets; not an as-built feeder
SYN-1619,1431014564,Novi Sad 6 - Miseluk,2989973814,1.202323,0.08772689662886796,capacity-balanced inferred shortest-path assignment on OSM streets; not an as-built feeder
SYN-1620,1431014564,Novi Sad 6 - Miseluk,13792178933,1.582162,0.08772689662886796,capacity-balanced inferred shortest-path assignment on OSM streets; not an as-built feeder
SYN-1621,1431014564,Novi Sad 6 - Miseluk,12405021916,1.0681209999999999,0.08772689662886796,capacity-balanced inferred shortest-path assignment on OSM streets; not an as-built feeder
SYN-1622,1431014564,Novi Sad 6 - Miseluk,12307253248,1.3934459999999997,0.08772689662886796,capacity-balanced inferred shortest-path assignment on OSM streets; not an as-built feeder
SYN-1623,1431014564,Novi Sad 6 - Miseluk,13130066535,1.4106709999999996,0.08772689662886796,capacity-balanced inferred shortest-path assignment on OSM streets; not an as-built feeder
SYN-1624,1431014564,Novi Sad 6 - Miseluk,12307253249,1.4503939999999995,0.08772689662886796,capacity-balanced inferred shortest-path assignment on OSM streets; not an as-built feeder
SYN-1625,1431014564,Novi Sad 6 - Miseluk,1618766369,1.555334,0.08240404737335648,capacity-balanced inferred shortest-path assignment on OSM streets; not an as-built feeder
SYN-1626,1431014564,Novi Sad 6 - Miseluk,249699013,1.6069920000000004,0.08240404737335648,capacity-balanced inferred shortest-path assignment on OSM streets; not an as-built feeder
SYN-1627,1431014564,Novi Sad 6 - Miseluk,2997509290,1.4661870000000001,0.08240404737335648,capacity-balanced inferred shortest-path assignment on OSM streets; not an as-built feeder
SYN-1628,1431014564,Novi Sad 6 - Miseluk,12394342661,1.653428,0.08240404737335648,capacity-balanced inferred shortest-path assignment on OSM streets; not an as-built feeder
SYN-1629,1431014564,Novi Sad 6 - Miseluk,12396688676,1.675885,0.08240404737335648,capacity-balanced inferred shortest-path assignment on OSM streets; not an as-built feeder
SYN-1630,1431014564,Novi Sad 6 - Miseluk,12187432045,1.680848,0.08240404737335648,capacity-balanced inferred shortest-path assignment on OSM streets; not an as-built feeder
SYN-1631,1431014564,Novi Sad 6 - Miseluk,12187432044,1.6872949999999998,0.08240404737335648,capacity-balanced inferred shortest-path assignment on OSM streets; not an as-built feeder
SYN-1632,1431014564,Novi Sad 6 - Miseluk,11964365141,1.7751869999999996,0.08240404737335648,capacity-balanced inferred shortest-path assignment on OSM streets; not an as-built feeder
SYN-1633,1431014564,Novi Sad 6 - Miseluk,249699023,1.492533,0.08240404737335648,capacity-balanced inferred shortest-path assignment on OSM streets; not an as-built feeder
SYN-1634,1431014564,Novi Sad 6 - Miseluk,12396417740,2.071002,0.13571741769414697,capacity-balanced inferred shortest-path assignment on OSM streets; not an as-built feeder
SYN-1907,1431014564,Novi Sad 6 - Miseluk,1685801385,0.7340289999999998,0.08051093796375626,capacity-balanced inferred shortest-path assignment on OSM streets; not an as-built feeder
SYN-1908,1431014564,Novi Sad 6 - Miseluk,560174719,0.895458,0.08051093796375626,capacity-balanced inferred shortest-path assignment on OSM streets; not an as-built feeder
SYN-1909,1431014564,Novi Sad 6 - Miseluk,1392239855,0.9308053208433111,0.08051093796375626,capacity-balanced inferred shortest-path assignment on OSM streets; not an as-built feeder
SYN-1910,1431014564,Novi Sad 6 - Miseluk,1605817018,0.953758,0.08051093796375626,capacity-balanced inferred shortest-path assignment on OSM streets; not an as-built feeder
SYN-1911,1431014564,Novi Sad 6 - Miseluk,554219263,0.881397,0.08051093796375626,capacity-balanced inferred shortest-path assignment on OSM streets; not an as-built feeder
SYN-1912,1431014564,Novi Sad 6 - Miseluk,1591666805,0.931135,0.08051093796375626,capacity-balanced inferred shortest-path assignment on OSM streets; not an as-built feeder
SYN-1913,1431014564,Novi Sad 6 - Miseluk,1445922731,1.017454,0.08051093796375626,capacity-balanced inferred shortest-path assignment on OSM streets; not an as-built feeder
SYN-1914,1431014564,Novi Sad 6 - Miseluk,2318946372,0.8604610000000001,0.08051093796375626,capacity-balanced inferred shortest-path assignment on OSM streets; not an as-built feeder
SYN-1915,1431014564,Novi Sad 6 - Miseluk,1594764946,1.003648,0.08051093796375626,capacity-balanced inferred shortest-path assignment on OSM streets; not an as-built feeder
SYN-1916,1431014564,Novi Sad 6 - Miseluk,1605856506,0.7438179999999998,0.08051093796375626,capacity-balanced inferred shortest-path assignment on OSM streets; not an as-built feeder
SYN-1917,1431014564,Novi Sad 6 - Miseluk,1606231290,0.8692960000000001,0.08051093796375626,capacity-balanced inferred shortest-path assignment on OSM streets; not an as-built feeder
SYN-1918,1431014564,Novi Sad 6 - Miseluk,13319563441,1.10352,0.08051093796375626,capacity-balanced inferred shortest-path assignment on OSM streets; not an as-built feeder
SYN-1919,1431014564,Novi Sad 6 - Miseluk,848633669,0.7167969999999999,0.08051093796375626,capacity-balanced inferred shortest-path assignment on OSM streets; not an as-built feeder
SYN-1920,1431014564,Novi Sad 6 - Miseluk,1606231366,0.7065849999999999,0.08051093796375626,capacity-balanced inferred shortest-path assignment on OSM streets; not an as-built feeder
SYN-1921,1431014564,Novi Sad 6 - Miseluk,3653296160,0.9676269999999999,0.08051093796375626,capacity-balanced inferred shortest-path assignment on OSM streets; not an as-built feeder
SYN-1922,1431014564,Novi Sad 6 - Miseluk,1594773652,0.8590239999999999,0.08051093796375626,capacity-balanced inferred shortest-path assignment on OSM streets; not an as-built feeder
SYN-1923,1431014564,Novi Sad 6 - Miseluk,1594765222,0.881485,0.08051093796375626,capacity-balanced inferred shortest-path assignment on OSM streets; not an as-built feeder
SYN-1924,1431014564,Novi Sad 6 - Miseluk,11282816265,0.45024499999999995,0.08249925277114939,capacity-balanced inferred shortest-path assignment on OSM streets; not an as-built feeder
SYN-1925,1431014564,Novi Sad 6 - Miseluk,560184267,0.19579400000000002,0.08249925277114939,capacity-balanced inferred shortest-path assignment on OSM streets; not an as-built feeder
SYN-1926,1431014564,Novi Sad 6 - Miseluk,560184296,0.17350300000000002,0.08249925277114939,capacity-balanced inferred shortest-path assignment on OSM streets; not an as-built feeder
SYN-1927,1431014564,Novi Sad 6 - Miseluk,1635854835,0.5348529999999999,0.08249925277114939,capacity-balanced inferred shortest-path assignment on OSM streets; not an as-built feeder
SYN-1928,1431014564,Novi Sad 6 - Miseluk,1615394401,0.6998940000000001,0.08249925277114939,capacity-balanced inferred shortest-path assignment on OSM streets; not an as-built feeder
SYN-1929,1431014564,Novi Sad 6 - Miseluk,1612322389,0.831819,0.08249925277114939,capacity-balanced inferred shortest-path assignment on OSM streets; not an as-built feeder
SYN-1930,1431014564,Novi Sad 6 - Miseluk,1615429940,0.6365600000000002,0.08249925277114939,capacity-balanced inferred shortest-path assignment on OSM streets; not an as-built feeder
SYN-1931,1431014564,Novi Sad 6 - Miseluk,1606996614,0.76876,0.08249925277114939,capacity-balanced inferred shortest-path assignment on OSM streets; not an as-built feeder
SYN-1932,1431014564,Novi Sad 6 - Miseluk,1607018140,0.41200699999999996,0.08249925277114939,capacity-balanced inferred shortest-path assignment on OSM streets; not an as-built feeder
SYN-1933,1431014564,Novi Sad 6 - Miseluk,2285509281,2.2091720000000006,0.055894275369862044,capacity-balanced inferred shortest-path assignment on OSM streets; not an as-built feeder
SYN-1934,1431014564,Novi Sad 6 - Miseluk,13834308146,2.2204059999999997,0.08199419236939445,capacity-balanced inferred shortest-path assignment on OSM streets; not an as-built feeder
SYN-1935,1431014564,Novi Sad 6 - Miseluk,2285512350,2.2583970000000004,0.08199419236939445,capacity-balanced inferred shortest-path assignment on OSM streets; not an as-built feeder
SYN-1936,1431014564,Novi Sad 6 - Miseluk,558836882,1.76579,0.08199419236939445,capacity-balanced inferred shortest-path assignment on OSM streets; not an as-built feeder
SYN-1937,1431014564,Novi Sad 6 - Miseluk,2285509247,2.104143,0.08199419236939445,capacity-balanced inferred shortest-path assignment on OSM streets; not an as-built feeder
SYN-1938,1431014564,Novi Sad 6 - Miseluk,3864126136,1.680464,0.08199419236939445,capacity-balanced inferred shortest-path assignment on OSM streets; not an as-built feeder
SYN-1939,1431014564,Novi Sad 6 - Miseluk,10293895244,2.342366999999999,0.08199419236939445,capacity-balanced inferred shortest-path assignment on OSM streets; not an as-built feeder
SYN-1940,1431014564,Novi Sad 6 - Miseluk,7244718239,2.4151219999999998,0.08199419236939445,capacity-balanced inferred shortest-path assignment on OSM streets; not an as-built feeder
SYN-1941,1431014564,Novi Sad 6 - Miseluk,2285480861,1.5830819999999999,0.08199419236939445,capacity-balanced inferred shortest-path assignment on OSM streets; not an as-built feeder
SYN-1942,1431014564,Novi Sad 6 - Miseluk,13149575683,1.7180799999999998,0.08199419236939445,capacity-balanced inferred shortest-path assignment on OSM streets; not an as-built feeder
SYN-1943,1431014564,Novi Sad 6 - Miseluk,10293864875,2.365272999999999,0.08199419236939445,capacity-balanced inferred shortest-path assignment on OSM streets; not an as-built feeder
SYN-1944,1431014564,Novi Sad 6 - Miseluk,3864021542,1.690807,0.08199419236939445,capacity-balanced inferred shortest-path assignment on OSM streets; not an as-built feeder
SYN-1945,1431014564,Novi Sad 6 - Miseluk,13834491026,2.2674509999999994,0.08199419236939445,capacity-balanced inferred shortest-path assignment on OSM streets; not an as-built feeder
SYN-1946,1431014564,Novi Sad 6 - Miseluk,13834491010,2.2570059999999996,0.08199419236939445,capacity-balanced inferred shortest-path assignment on OSM streets; not an as-built feeder
SYN-1947,1431014564,Novi Sad 6 - Miseluk,1446736292,1.7154119999999997,0.08199419236939445,capacity-balanced inferred shortest-path assignment on OSM streets; not an as-built feeder
SYN-1948,1431014564,Novi Sad 6 - Miseluk,532559499,1.690998,0.08199419236939445,capacity-balanced inferred shortest-path assignment on OSM streets; not an as-built feeder
SYN-1949,1431014564,Novi Sad 6 - Miseluk,3872511688,2.3244489999999995,0.08199419236939445,capacity-balanced inferred shortest-path assignment on OSM streets; not an as-built feeder
SYN-1950,1431014564,Novi Sad 6 - Miseluk,7714375996,1.9661069999999996,0.08199419236939445,capacity-balanced inferred shortest-path assignment on OSM streets; not an as-built feeder
SYN-1951,1431014564,Novi Sad 6 - Miseluk,13149575683,1.7180799999999998,0.08199419236939445,capacity-balanced inferred shortest-path assignment on OSM streets; not an as-built feeder
SYN-1952,1431014564,Novi Sad 6 - Miseluk,8090632480,1.9868279999999998,0.08199419236939445,capacity-balanced inferred shortest-path assignment on OSM streets; not an as-built feeder
SYN-1953,1431014564,Novi Sad 6 - Miseluk,13149575682,1.692319,0.08199419236939445,capacity-balanced inferred shortest-path assignment on OSM streets; not an as-built feeder
SYN-1954,1431014564,Novi Sad 6 - Miseluk,11894043906,2.110788999999999,0.08199419236939445,capacity-balanced inferred shortest-path assignment on OSM streets; not an as-built feeder
SYN-1955,1431014564,Novi Sad 6 - Miseluk,2320631769,2.2138159999999996,0.08199419236939445,capacity-balanced inferred shortest-path assignment on OSM streets; not an as-built feeder
SYN-1956,1431014564,Novi Sad 6 - Miseluk,4443377805,1.8724989999999997,0.12487388555012553,capacity-balanced inferred shortest-path assignment on OSM streets; not an as-built feeder
SYN-1957,1431014564,Novi Sad 6 - Miseluk,2285516164,2.093586,0.1368020963234821,capacity-balanced inferred shortest-path assignment on OSM streets; not an as-built feeder
SYN-1958,1431014564,Novi Sad 6 - Miseluk,3808213301,1.6893379999999998,0.1432283498614541,capacity-balanced inferred shortest-path assignment on OSM streets; not an as-built feeder
SYN-1959,1431014564,Novi Sad 6 - Miseluk,3014644023,2.9682090000000008,0.08411319576913935,capacity-balanced inferred shortest-path assignment on OSM streets; not an as-built feeder
SYN-1960,1431014564,Novi Sad 6 - Miseluk,13382292684,3.0638979999999996,0.08411319576913935,capacity-balanced inferred shortest-path assignment on OSM streets; not an as-built feeder
SYN-1961,1431014564,Novi Sad 6 - Miseluk,568165744,2.590773,0.08411319576913935,capacity-balanced inferred shortest-path assignment on OSM streets; not an as-built feeder
SYN-1962,1431014564,Novi Sad 6 - Miseluk,568165744,2.590773,0.08411319576913935,capacity-balanced inferred shortest-path assignment on OSM streets; not an as-built feeder
SYN-1963,1431014564,Novi Sad 6 - Miseluk,1454495275,2.903686,0.08411319576913935,capacity-balanced inferred shortest-path assignment on OSM streets; not an as-built feeder
SYN-1964,1431014564,Novi Sad 6 - Miseluk,13081578327,2.6893789999999997,0.08411319576913935,capacity-balanced inferred shortest-path assignment on OSM streets; not an as-built feeder
SYN-1965,1431014564,Novi Sad 6 - Miseluk,14104253529,3.0243940000000005,0.08411319576913935,capacity-balanced inferred shortest-path assignment on OSM streets; not an as-built feeder
SYN-1966,1431014564,Novi Sad 6 - Miseluk,3014644023,2.9682090000000008,0.08411319576913935,capacity-balanced inferred shortest-path assignment on OSM streets; not an as-built feeder
SYN-1967,1431014564,Novi Sad 6 - Miseluk,12124905370,2.768504,0.08411319576913935,capacity-balanced inferred shortest-path assignment on OSM streets; not an as-built feeder
SYN-1968,1431014564,Novi Sad 6 - Miseluk,3014453733,2.9574380000000002,0.08411319576913935,capacity-balanced inferred shortest-path assignment on OSM streets; not an as-built feeder
SYN-1969,1431014564,Novi Sad 6 - Miseluk,4444606681,2.584486,0.08411319576913935,capacity-balanced inferred shortest-path assignment on OSM streets; not an as-built feeder
SYN-1970,1431014564,Novi Sad 6 - Miseluk,11519202921,2.7942069999999997,0.08411319576913935,capacity-balanced inferred shortest-path assignment on OSM streets; not an as-built feeder
SYN-1971,1431014564,Novi Sad 6 - Miseluk,1974433613,2.9994879999999995,0.08411319576913935,capacity-balanced inferred shortest-path assignment on OSM streets; not an as-built feeder
SYN-2167,1431014564,Novi Sad 6 - Miseluk,1599321832,1.6722600000000007,0.09876573510804905,capacity-balanced inferred shortest-path assignment on OSM streets; not an as-built feeder
SYN-2168,1431014564,Novi Sad 6 - Miseluk,13847149969,1.6295100000000005,0.09876573510804905,capacity-balanced inferred shortest-path assignment on OSM streets; not an as-built feeder
SYN-2199,1431014564,Novi Sad 6 - Miseluk,12165464785,1.4802809999999995,0.087491100196664,capacity-balanced inferred shortest-path assignment on OSM streets; not an as-built feeder
SYN-2200,1431014564,Novi Sad 6 - Miseluk,2303045258,1.5087579999999996,0.087491100196664,capacity-balanced inferred shortest-path assignment on OSM streets; not an as-built feeder
SYN-2201,1431014564,Novi Sad 6 - Miseluk,1281667268,1.5897629999999994,0.087491100196664,capacity-balanced inferred shortest-path assignment on OSM streets; not an as-built feeder
SYN-2202,1431014564,Novi Sad 6 - Miseluk,1517117531,1.4750709999999994,0.087491100196664,capacity-balanced inferred shortest-path assignment on OSM streets; not an as-built feeder
SYN-2203,1431014564,Novi Sad 6 - Miseluk,434714876,1.6854779999999996,0.087491100196664,capacity-balanced inferred shortest-path assignment on OSM streets; not an as-built feeder
SYN-2204,1431014564,Novi Sad 6 - Miseluk,2303045258,1.5087579999999996,0.087491100196664,capacity-balanced inferred shortest-path assignment on OSM streets; not an as-built feeder
SYN-2205,1431014564,Novi Sad 6 - Miseluk,6802471301,1.6336659999999992,0.087491100196664,capacity-balanced inferred shortest-path assignment on OSM streets; not an as-built feeder
SYN-2207,1431014564,Novi Sad 6 - Miseluk,3804666478,1.930252,0.08089829962734875,capacity-balanced inferred shortest-path assignment on OSM streets; not an as-built feeder
SYN-2210,1431014564,Novi Sad 6 - Miseluk,1533955994,1.9693759999999998,0.08089829962734875,capacity-balanced inferred shortest-path assignment on OSM streets; not an as-built feeder
SYN-2213,1431014564,Novi Sad 6 - Miseluk,1541599379,1.6887659999999998,0.08089829962734875,capacity-balanced inferred shortest-path assignment on OSM streets; not an as-built feeder
SYN-2214,1431014564,Novi Sad 6 - Miseluk,13037344060,1.9106839999999998,0.08089829962734875,capacity-balanced inferred shortest-path assignment on OSM streets; not an as-built feeder
SYN-2218,1431014564,Novi Sad 6 - Miseluk,1592930803,1.2719859999999998,0.08089829962734875,capacity-balanced inferred shortest-path assignment on OSM streets; not an as-built feeder
SYN-2219,1431014564,Novi Sad 6 - Miseluk,1598676282,1.6424129999999997,0.08089829962734875,capacity-balanced inferred shortest-path assignment on OSM streets; not an as-built feeder
SYN-2220,1431014564,Novi Sad 6 - Miseluk,1533391355,1.883639,0.08089829962734875,capacity-balanced inferred shortest-path assignment on OSM streets; not an as-built feeder
SYN-2221,1431014564,Novi Sad 6 - Miseluk,11946144464,1.8845429999999999,0.08089829962734875,capacity-balanced inferred shortest-path assignment on OSM streets; not an as-built feeder
SYN-2222,1431014564,Novi Sad 6 - Miseluk,1605778727,1.775747000000001,0.08089829962734875,capacity-balanced inferred shortest-path assignment on OSM streets; not an as-built feeder
SYN-2223,1431014564,Novi Sad 6 - Miseluk,1598676314,1.6068579999999997,0.08089829962734875,capacity-balanced inferred shortest-path assignment on OSM streets; not an as-built feeder
SYN-2225,1431014564,Novi Sad 6 - Miseluk,1533955150,1.9632629999999998,0.08089829962734875,capacity-balanced inferred shortest-path assignment on OSM streets; not an as-built feeder
SYN-2226,1431014564,Novi Sad 6 - Miseluk,1603486555,1.645541,0.08089829962734875,capacity-balanced inferred shortest-path assignment on OSM streets; not an as-built feeder
SYN-2229,1431014564,Novi Sad 6 - Miseluk,1598675637,1.7446909999999995,0.08089829962734875,capacity-balanced inferred shortest-path assignment on OSM streets; not an as-built feeder
SYN-2230,1431014564,Novi Sad 6 - Miseluk,1603486555,1.645541,0.08089829962734875,capacity-balanced inferred shortest-path assignment on OSM streets; not an as-built feeder
SYN-2231,1431014564,Novi Sad 6 - Miseluk,4973448916,1.9938429999999998,0.08089829962734875,capacity-balanced inferred shortest-path assignment on OSM streets; not an as-built feeder
SYN-2232,1431014564,Novi Sad 6 - Miseluk,1603481985,1.6936699999999998,0.08089829962734875,capacity-balanced inferred shortest-path assignment on OSM streets; not an as-built feeder
SYN-2233,1431014564,Novi Sad 6 - Miseluk,3804637436,1.942968,0.08089829962734875,capacity-balanced inferred shortest-path assignment on OSM streets; not an as-built feeder
SYN-2235,1431014564,Novi Sad 6 - Miseluk,1541598876,1.828469,0.08089829962734875,capacity-balanced inferred shortest-path assignment on OSM streets; not an as-built feeder
SYN-2237,1431014564,Novi Sad 6 - Miseluk,1445152861,1.4507560000000002,0.08089829962734875,capacity-balanced inferred shortest-path assignment on OSM streets; not an as-built feeder
SYN-2238,1431014564,Novi Sad 6 - Miseluk,4973448922,1.6673249999999995,0.08089829962734875,capacity-balanced inferred shortest-path assignment on OSM streets; not an as-built feeder
SYN-2239,1431014564,Novi Sad 6 - Miseluk,1597510185,2.12557,0.08089829962734875,capacity-balanced inferred shortest-path assignment on OSM streets; not an as-built feeder
SYN-2240,1431014564,Novi Sad 6 - Miseluk,1603490072,1.6175599999999999,0.08089829962734875,capacity-balanced inferred shortest-path assignment on OSM streets; not an as-built feeder
SYN-2244,1431014564,Novi Sad 6 - Miseluk,13997973426,1.7119424000472945,0.08089829962734875,capacity-balanced inferred shortest-path assignment on OSM streets; not an as-built feeder
SYN-2245,1431014564,Novi Sad 6 - Miseluk,6736620097,1.456885,0.08089829962734875,capacity-balanced inferred shortest-path assignment on OSM streets; not an as-built feeder
SYN-2247,1431014564,Novi Sad 6 - Miseluk,547401171,1.523881,0.08089829962734875,capacity-balanced inferred shortest-path assignment on OSM streets; not an as-built feeder
SYN-2248,1431014564,Novi Sad 6 - Miseluk,1602885352,1.7752324000472945,0.08089829962734875,capacity-balanced inferred shortest-path assignment on OSM streets; not an as-built feeder
SYN-2250,1431014564,Novi Sad 6 - Miseluk,3653300101,1.621162,0.08089829962734875,capacity-balanced inferred shortest-path assignment on OSM streets; not an as-built feeder
SYN-2252,1431014564,Novi Sad 6 - Miseluk,13207437886,1.13593,0.08167275747378373,capacity-balanced inferred shortest-path assignment on OSM streets; not an as-built feeder
SYN-2253,1431014564,Novi Sad 6 - Miseluk,2307120588,1.2949570000000001,0.08167275747378373,capacity-balanced inferred shortest-path assignment on OSM streets; not an as-built feeder
SYN-2254,1431014564,Novi Sad 6 - Miseluk,2312110828,1.14751,0.08167275747378373,capacity-balanced inferred shortest-path assignment on OSM streets; not an as-built feeder
SYN-2255,1431014564,Novi Sad 6 - Miseluk,11888583314,1.087559,0.08167275747378373,capacity-balanced inferred shortest-path assignment on OSM streets; not an as-built feeder
SYN-2256,1431014564,Novi Sad 6 - Miseluk,3551097103,1.2138890000000002,0.08167275747378373,capacity-balanced inferred shortest-path assignment on OSM streets; not an as-built feeder
SYN-2257,1431014564,Novi Sad 6 - Miseluk,13465345216,1.686013,0.08167275747378373,capacity-balanced inferred shortest-path assignment on OSM streets; not an as-built feeder
SYN-2258,1431014564,Novi Sad 6 - Miseluk,522036051,1.6395829999999996,0.08167275747378373,capacity-balanced inferred shortest-path assignment on OSM streets; not an as-built feeder
SYN-2259,1431014564,Novi Sad 6 - Miseluk,566185775,1.7531189999999999,0.08167275747378373,capacity-balanced inferred shortest-path assignment on OSM streets; not an as-built feeder
SYN-2260,1431014564,Novi Sad 6 - Miseluk,13059046948,1.7575849999999997,0.08167275747378373,capacity-balanced inferred shortest-path assignment on OSM streets; not an as-built feeder
SYN-2261,1431014564,Novi Sad 6 - Miseluk,13124094844,1.1773270000000002,0.08167275747378373,capacity-balanced inferred shortest-path assignment on OSM streets; not an as-built feeder
SYN-2262,1431014564,Novi Sad 6 - Miseluk,13124094849,1.129789,0.08167275747378373,capacity-balanced inferred shortest-path assignment on OSM streets; not an as-built feeder
SYN-2263,1431014564,Novi Sad 6 - Miseluk,12308471532,1.0738699999999999,0.08167275747378373,capacity-balanced inferred shortest-path assignment on OSM streets; not an as-built feeder
SYN-2264,1431014564,Novi Sad 6 - Miseluk,566180180,1.1194619999999997,0.08167275747378373,capacity-balanced inferred shortest-path assignment on OSM streets; not an as-built feeder
SYN-2265,1431014564,Novi Sad 6 - Miseluk,566186302,1.5049159999999995,0.08167275747378373,capacity-balanced inferred shortest-path assignment on OSM streets; not an as-built feeder
SYN-2266,1431014564,Novi Sad 6 - Miseluk,2307120588,1.2949570000000001,0.08167275747378373,capacity-balanced inferred shortest-path assignment on OSM streets; not an as-built feeder
SYN-2267,1431014564,Novi Sad 6 - Miseluk,1609500627,1.2745350000000004,0.08167275747378373,capacity-balanced inferred shortest-path assignment on OSM streets; not an as-built feeder
SYN-2268,1431014564,Novi Sad 6 - Miseluk,12234020976,1.166803,0.08167275747378373,capacity-balanced inferred shortest-path assignment on OSM streets; not an as-built feeder
SYN-2269,1431014564,Novi Sad 6 - Miseluk,12992961209,1.259874,0.08167275747378373,capacity-balanced inferred shortest-path assignment on OSM streets; not an as-built feeder
SYN-2270,1431014564,Novi Sad 6 - Miseluk,522036051,1.6395829999999996,0.08167275747378373,capacity-balanced inferred shortest-path assignment on OSM streets; not an as-built feeder
SYN-2271,1431014564,Novi Sad 6 - Miseluk,11942846861,1.6332439999999995,0.08167275747378373,capacity-balanced inferred shortest-path assignment on OSM streets; not an as-built feeder
SYN-2272,1431014564,Novi Sad 6 - Miseluk,566179850,1.4389919999999998,0.08167275747378373,capacity-balanced inferred shortest-path assignment on OSM streets; not an as-built feeder
SYN-2273,1431014564,Novi Sad 6 - Miseluk,2312125578,1.6885219999999999,0.08167275747378373,capacity-balanced inferred shortest-path assignment on OSM streets; not an as-built feeder
SYN-2274,1431014564,Novi Sad 6 - Miseluk,6063585747,1.104512,0.08167275747378373,capacity-balanced inferred shortest-path assignment on OSM streets; not an as-built feeder
SYN-2275,1431014564,Novi Sad 6 - Miseluk,1452373456,1.6661199999999998,0.08167275747378373,capacity-balanced inferred shortest-path assignment on OSM streets; not an as-built feeder
SYN-2276,1431014564,Novi Sad 6 - Miseluk,13207437886,1.13593,0.08167275747378373,capacity-balanced inferred shortest-path assignment on OSM streets; not an as-built feeder
SYN-2277,1431014564,Novi Sad 6 - Miseluk,11942846865,1.5468899999999994,0.08167275747378373,capacity-balanced inferred shortest-path assignment on OSM streets; not an as-built feeder
SYN-2278,1431014564,Novi Sad 6 - Miseluk,14104080599,1.2268929999999998,0.08167275747378373,capacity-balanced inferred shortest-path assignment on OSM streets; not an as-built feeder
SYN-2279,1431014564,Novi Sad 6 - Miseluk,13465345216,1.686013,0.08167275747378373,capacity-balanced inferred shortest-path assignment on OSM streets; not an as-built feeder
SYN-2280,1431014564,Novi Sad 6 - Miseluk,2307005380,1.5914160000000002,0.08167275747378373,capacity-balanced inferred shortest-path assignment on OSM streets; not an as-built feeder
SYN-2281,1431014564,Novi Sad 6 - Miseluk,567914387,1.09925,0.08167275747378373,capacity-balanced inferred shortest-path assignment on OSM streets; not an as-built feeder
SYN-2282,1431014564,Novi Sad 6 - Miseluk,6054342593,1.399806,0.08167275747378373,capacity-balanced inferred shortest-path assignment on OSM streets; not an as-built feeder
SYN-2283,1431014564,Novi Sad 6 - Miseluk,566179850,1.4389919999999998,0.08167275747378373,capacity-balanced inferred shortest-path assignment on OSM streets; not an as-built feeder
SYN-2284,1431014564,Novi Sad 6 - Miseluk,13465345216,1.686013,0.08167275747378373,capacity-balanced inferred shortest-path assignment on OSM streets; not an as-built feeder
SYN-2285,1431014564,Novi Sad 6 - Miseluk,13358222086,1.4092199999999995,0.08167275747378373,capacity-balanced inferred shortest-path assignment on OSM streets; not an as-built feeder
SYN-2286,1431014564,Novi Sad 6 - Miseluk,11942846863,1.5886039999999995,0.08167275747378373,capacity-balanced inferred shortest-path assignment on OSM streets; not an as-built feeder
SYN-2287,1431014564,Novi Sad 6 - Miseluk,11942846865,1.5468899999999994,0.08167275747378373,capacity-balanced inferred shortest-path assignment on OSM streets; not an as-built feeder
SYN-2288,1431014564,Novi Sad 6 - Miseluk,1500986150,1.3529490000000002,0.08420619784139344,capacity-balanced inferred shortest-path assignment on OSM streets; not an as-built feeder
SYN-2289,1431014564,Novi Sad 6 - Miseluk,3551097097,1.2263539999999997,0.08420619784139344,capacity-balanced inferred shortest-path assignment on OSM streets; not an as-built feeder
SYN-2290,1431014564,Novi Sad 6 - Miseluk,7714350247,1.2040799999999998,0.08420619784139344,capacity-balanced inferred shortest-path assignment on OSM streets; not an as-built feeder
SYN-2291,1431014564,Novi Sad 6 - Miseluk,11591583463,1.159162,0.08420619784139344,capacity-balanced inferred shortest-path assignment on OSM streets; not an as-built feeder
SYN-2292,1431014564,Novi Sad 6 - Miseluk,13320041451,1.2608490000000003,0.08420619784139344,capacity-balanced inferred shortest-path assignment on OSM streets; not an as-built feeder
SYN-2293,1431014564,Novi Sad 6 - Miseluk,13320041451,1.2608490000000003,0.08420619784139344,capacity-balanced inferred shortest-path assignment on OSM streets; not an as-built feeder
SYN-2294,1431014564,Novi Sad 6 - Miseluk,1599718249,1.357691,0.08420619784139344,capacity-balanced inferred shortest-path assignment on OSM streets; not an as-built feeder
SYN-2295,1431014564,Novi Sad 6 - Miseluk,12908475886,1.3682130000000001,0.08420619784139344,capacity-balanced inferred shortest-path assignment on OSM streets; not an as-built feeder
SYN-2296,1431014564,Novi Sad 6 - Miseluk,11591583463,1.159162,0.08420619784139344,capacity-balanced inferred shortest-path assignment on OSM streets; not an as-built feeder
SYN-2297,1431014564,Novi Sad 6 - Miseluk,9447528501,1.4349519999999998,0.04994462925159619,capacity-balanced inferred shortest-path assignment on OSM streets; not an as-built feeder
SYN-0001,220232167,Novi Sad 7 - Juzni Telep,1535960090,1.5430324064671626,0.08273244088917749,capacity-balanced inferred shortest-path assignment on OSM streets; not an as-built feeder
SYN-0002,220232167,Novi Sad 7 - Juzni Telep,12663104946,1.5897924064671627,0.08273244088917749,capacity-balanced inferred shortest-path assignment on OSM streets; not an as-built feeder
SYN-0003,220232167,Novi Sad 7 - Juzni Telep,12663104946,1.5897924064671627,0.08273244088917749,capacity-balanced inferred shortest-path assignment on OSM streets; not an as-built feeder
SYN-0004,220232167,Novi Sad 7 - Juzni Telep,1535959011,1.6297594064671626,0.08273244088917749,capacity-balanced inferred shortest-path assignment on OSM streets; not an as-built feeder
SYN-0014,220232167,Novi Sad 7 - Juzni Telep,12394342679,1.2913654064671627,0.03620947270970823,capacity-balanced inferred shortest-path assignment on OSM streets; not an as-built feeder
SYN-0019,220232167,Novi Sad 7 - Juzni Telep,2975823835,2.718474000000001,0.08130101849576775,capacity-balanced inferred shortest-path assignment on OSM streets; not an as-built feeder
SYN-0046,220232167,Novi Sad 7 - Juzni Telep,903304639,2.534387000000001,0.08130101849576775,capacity-balanced inferred shortest-path assignment on OSM streets; not an as-built feeder
SYN-0099,220232167,Novi Sad 7 - Juzni Telep,7180745957,2.777470000000001,0.08619388076476363,capacity-balanced inferred shortest-path assignment on OSM streets; not an as-built feeder
SYN-0102,220232167,Novi Sad 7 - Juzni Telep,8992791830,2.9732690000000015,0.08619388076476363,capacity-balanced inferred shortest-path assignment on OSM streets; not an as-built feeder
SYN-0103,220232167,Novi Sad 7 - Juzni Telep,8992791838,2.892895000000002,0.08619388076476363,capacity-balanced inferred shortest-path assignment on OSM streets; not an as-built feeder
SYN-0104,220232167,Novi Sad 7 - Juzni Telep,8992791838,2.892895000000002,0.08619388076476363,capacity-balanced inferred shortest-path assignment on OSM streets; not an as-built feeder
SYN-0105,220232167,Novi Sad 7 - Juzni Telep,8992791829,2.9944750000000018,0.08619388076476363,capacity-balanced inferred shortest-path assignment on OSM streets; not an as-built feeder
SYN-0107,220232167,Novi Sad 7 - Juzni Telep,3758339769,2.798936000000001,0.08619388076476363,capacity-balanced inferred shortest-path assignment on OSM streets; not an as-built feeder
SYN-0157,220232167,Novi Sad 7 - Juzni Telep,3695645874,0.0,0.038169441614990154,capacity-balanced inferred shortest-path assignment on OSM streets; not an as-built feeder
SYN-0158,220232167,Novi Sad 7 - Juzni Telep,3695645872,7.03637583680873e-05,0.038169441614990154,capacity-balanced inferred shortest-path assignment on OSM streets; not an as-built feeder
SYN-0210,220232167,Novi Sad 7 - Juzni Telep,988900183,2.213458,0.07814273121365742,capacity-balanced inferred shortest-path assignment on OSM streets; not an as-built feeder
SYN-0211,220232167,Novi Sad 7 - Juzni Telep,988900169,2.122212,0.07814273121365742,capacity-balanced inferred shortest-path assignment on OSM streets; not an as-built feeder
SYN-0212,220232167,Novi Sad 7 - Juzni Telep,988900183,2.213458,0.07814273121365742,capacity-balanced inferred shortest-path assignment on OSM streets; not an as-built feeder
SYN-0236,220232167,Novi Sad 7 - Juzni Telep,9917033724,3.3070759999999986,0.049790841162495665,capacity-balanced inferred shortest-path assignment on OSM streets; not an as-built feeder
SYN-0284,220232167,Novi Sad 7 - Juzni Telep,3401985398,4.451216,0.09335181442936047,capacity-balanced inferred shortest-path assignment on OSM streets; not an as-built feeder
SYN-0285,220232167,Novi Sad 7 - Juzni Telep,3401985397,4.373677,0.09335181442936047,capacity-balanced inferred shortest-path assignment on OSM streets; not an as-built feeder
SYN-0286,220232167,Novi Sad 7 - Juzni Telep,3401985225,4.625920999999998,0.09335181442936047,capacity-balanced inferred shortest-path assignment on OSM streets; not an as-built feeder
SYN-0287,220232167,Novi Sad 7 - Juzni Telep,12585143014,4.080629999999999,0.018149314973460083,capacity-balanced inferred shortest-path assignment on OSM streets; not an as-built feeder
SYN-0288,220232167,Novi Sad 7 - Juzni Telep,3079766644,1.810196,0.023724428492254587,capacity-balanced inferred shortest-path assignment on OSM streets; not an as-built feeder
SYN-0376,220232167,Novi Sad 7 - Juzni Telep,380632349,1.7125749999999997,0.08109958028753993,capacity-balanced inferred shortest-path assignment on OSM streets; not an as-built feeder
SYN-0377,220232167,Novi Sad 7 - Juzni Telep,11390291369,2.373004,0.08109958028753993,capacity-balanced inferred shortest-path assignment on OSM streets; not an as-built feeder
SYN-0378,220232167,Novi Sad 7 - Juzni Telep,11348804801,1.9509320000000006,0.08109958028753993,capacity-balanced inferred shortest-path assignment on OSM streets; not an as-built feeder
SYN-0379,220232167,Novi Sad 7 - Juzni Telep,61829642,2.0959470000000002,0.08109958028753993,capacity-balanced inferred shortest-path assignment on OSM streets; not an as-built feeder
SYN-0380,220232167,Novi Sad 7 - Juzni Telep,1083543140,1.573228,0.08109958028753993,capacity-balanced inferred shortest-path assignment on OSM streets; not an as-built feeder
SYN-0381,220232167,Novi Sad 7 - Juzni Telep,13342660844,2.1764360000000003,0.08109958028753993,capacity-balanced inferred shortest-path assignment on OSM streets; not an as-built feeder
SYN-0382,220232167,Novi Sad 7 - Juzni Telep,11390262036,1.9615550000000002,0.08109958028753993,capacity-balanced inferred shortest-path assignment on OSM streets; not an as-built feeder
SYN-0383,220232167,Novi Sad 7 - Juzni Telep,2189624081,1.8618409999999999,0.08109958028753993,capacity-balanced inferred shortest-path assignment on OSM streets; not an as-built feeder
SYN-0384,220232167,Novi Sad 7 - Juzni Telep,3975341264,2.2858320000000005,0.08109958028753993,capacity-balanced inferred shortest-path assignment on OSM streets; not an as-built feeder
SYN-0385,220232167,Novi Sad 7 - Juzni Telep,6772562392,2.20531,0.08109958028753993,capacity-balanced inferred shortest-path assignment on OSM streets; not an as-built feeder
SYN-0386,220232167,Novi Sad 7 - Juzni Telep,3975545996,1.4982500000000003,0.08109958028753993,capacity-balanced inferred shortest-path assignment on OSM streets; not an as-built feeder
SYN-0387,220232167,Novi Sad 7 - Juzni Telep,553495024,1.5990559999999998,0.08109958028753993,capacity-balanced inferred shortest-path assignment on OSM streets; not an as-built feeder
SYN-0388,220232167,Novi Sad 7 - Juzni Telep,380632350,1.6358049999999997,0.08109958028753993,capacity-balanced inferred shortest-path assignment on OSM streets; not an as-built feeder
SYN-0389,220232167,Novi Sad 7 - Juzni Telep,3972275927,1.3642330000000005,0.08109958028753993,capacity-balanced inferred shortest-path assignment on OSM streets; not an as-built feeder
SYN-0390,220232167,Novi Sad 7 - Juzni Telep,1083543542,2.165279000000001,0.08109958028753993,capacity-balanced inferred shortest-path assignment on OSM streets; not an as-built feeder
SYN-0391,220232167,Novi Sad 7 - Juzni Telep,9644418046,2.3839069999999998,0.08109958028753993,capacity-balanced inferred shortest-path assignment on OSM streets; not an as-built feeder
SYN-0392,220232167,Novi Sad 7 - Juzni Telep,1083543127,1.7097669999999996,0.08109958028753993,capacity-balanced inferred shortest-path assignment on OSM streets; not an as-built feeder
SYN-0393,220232167,Novi Sad 7 - Juzni Telep,61949941,1.9911490000000007,0.08109958028753993,capacity-balanced inferred shortest-path assignment on OSM streets; not an as-built feeder
SYN-0394,220232167,Novi Sad 7 - Juzni Telep,1083543219,2.047454000000001,0.08109958028753993,capacity-balanced inferred shortest-path assignment on OSM streets; not an as-built feeder
SYN-0395,220232167,Novi Sad 7 - Juzni Telep,5895889091,1.6851700000000005,0.08109958028753993,capacity-balanced inferred shortest-path assignment on OSM streets; not an as-built feeder
SYN-0396,220232167,Novi Sad 7 - Juzni Telep,1230711735,2.5909929999999997,0.08109958028753993,capacity-balanced inferred shortest-path assignment on OSM streets; not an as-built feeder
SYN-0397,220232167,Novi Sad 7 - Juzni Telep,363560123,1.4001110000000003,0.08109958028753993,capacity-balanced inferred shortest-path assignment on OSM streets; not an as-built feeder
SYN-0398,220232167,Novi Sad 7 - Juzni Telep,11390262024,2.1987330000000003,0.08109958028753993,capacity-balanced inferred shortest-path assignment on OSM streets; not an as-built feeder
SYN-0399,220232167,Novi Sad 7 - Juzni Telep,1083543040,1.7946380000000006,0.08109958028753993,capacity-balanced inferred shortest-path assignment on OSM streets; not an as-built feeder
SYN-0400,220232167,Novi Sad 7 - Juzni Telep,1230711427,1.7110120000000006,0.08109958028753993,capacity-balanced inferred shortest-path assignment on OSM streets; not an as-built feeder
SYN-0401,220232167,Novi Sad 7 - Juzni Telep,11390262040,1.6135229999999998,0.08109958028753993,capacity-balanced inferred shortest-path assignment on OSM streets; not an as-built feeder
SYN-0402,220232167,Novi Sad 7 - Juzni Telep,11843053287,1.2782709999999997,0.08109958028753993,capacity-balanced inferred shortest-path assignment on OSM streets; not an as-built feeder
SYN-0403,220232167,Novi Sad 7 - Juzni Telep,11390262024,2.1987330000000003,0.08109958028753993,capacity-balanced inferred shortest-path assignment on OSM streets; not an as-built feeder
SYN-0404,220232167,Novi Sad 7 - Juzni Telep,6908815292,1.422465,0.08109958028753993,capacity-balanced inferred shortest-path assignment on OSM streets; not an as-built feeder
SYN-0405,220232167,Novi Sad 7 - Juzni Telep,6801756035,1.6008689999999997,0.08109958028753993,capacity-balanced inferred shortest-path assignment on OSM streets; not an as-built feeder
SYN-0406,220232167,Novi Sad 7 - Juzni Telep,11940561685,1.8273280000000005,0.08109958028753993,capacity-balanced inferred shortest-path assignment on OSM streets; not an as-built feeder
SYN-0407,220232167,Novi Sad 7 - Juzni Telep,10559755870,2.2789210000000004,0.08109958028753993,capacity-balanced inferred shortest-path assignment on OSM streets; not an as-built feeder
SYN-0408,220232167,Novi Sad 7 - Juzni Telep,13127891912,2.0137620000000007,0.08109958028753993,capacity-balanced inferred shortest-path assignment on OSM streets; not an as-built feeder
SYN-0409,220232167,Novi Sad 7 - Juzni Telep,3026990106,1.616939,0.08109958028753993,capacity-balanced inferred shortest-path assignment on OSM streets; not an as-built feeder
SYN-0410,220232167,Novi Sad 7 - Juzni Telep,2189620607,1.4688230000000002,0.08109958028753993,capacity-balanced inferred shortest-path assignment on OSM streets; not an as-built feeder
SYN-0411,220232167,Novi Sad 7 - Juzni Telep,3608093001,2.3575720000000007,0.08109958028753993,capacity-balanced inferred shortest-path assignment on OSM streets; not an as-built feeder
SYN-0412,220232167,Novi Sad 7 - Juzni Telep,13971341257,1.584953,0.08109958028753993,capacity-balanced inferred shortest-path assignment on OSM streets; not an as-built feeder
SYN-0413,220232167,Novi Sad 7 - Juzni Telep,12566009713,1.2652889999999999,0.08109958028753993,capacity-balanced inferred shortest-path assignment on OSM streets; not an as-built feeder
SYN-0414,220232167,Novi Sad 7 - Juzni Telep,11346037267,1.6714760000000006,0.08109958028753993,capacity-balanced inferred shortest-path assignment on OSM streets; not an as-built feeder
SYN-0415,220232167,Novi Sad 7 - Juzni Telep,2051079969,1.1576560000000002,0.08109958028753993,capacity-balanced inferred shortest-path assignment on OSM streets; not an as-built feeder
SYN-0416,220232167,Novi Sad 7 - Juzni Telep,2320638501,1.5246079999999997,0.08109958028753993,capacity-balanced inferred shortest-path assignment on OSM streets; not an as-built feeder
SYN-0417,220232167,Novi Sad 7 - Juzni Telep,6772562392,2.20531,0.08109958028753993,capacity-balanced inferred shortest-path assignment on OSM streets; not an as-built feeder
SYN-0418,220232167,Novi Sad 7 - Juzni Telep,10978677271,2.0167740000000003,0.08109958028753993,capacity-balanced inferred shortest-path assignment on OSM streets; not an as-built feeder
SYN-0419,220232167,Novi Sad 7 - Juzni Telep,3972302165,1.967526,0.08109958028753993,capacity-balanced inferred shortest-path assignment on OSM streets; not an as-built feeder
SYN-0420,220232167,Novi Sad 7 - Juzni Telep,4073078978,1.3793510000000004,0.08109958028753993,capacity-balanced inferred shortest-path assignment on OSM streets; not an as-built feeder
SYN-0421,220232167,Novi Sad 7 - Juzni Telep,7011779735,2.3911000000000002,0.08109958028753993,capacity-balanced inferred shortest-path assignment on OSM streets; not an as-built feeder
SYN-0422,220232167,Novi Sad 7 - Juzni Telep,61949581,1.4360030000000004,0.08109958028753993,capacity-balanced inferred shortest-path assignment on OSM streets; not an as-built feeder
SYN-0423,220232167,Novi Sad 7 - Juzni Telep,1083543165,1.7064389999999996,0.08109958028753993,capacity-balanced inferred shortest-path assignment on OSM streets; not an as-built feeder
SYN-0424,220232167,Novi Sad 7 - Juzni Telep,13663222867,2.4156590000000007,0.08109958028753993,capacity-balanced inferred shortest-path assignment on OSM streets; not an as-built feeder
SYN-0425,220232167,Novi Sad 7 - Juzni Telep,11841446711,1.5237320000000008,0.08109958028753993,capacity-balanced inferred shortest-path assignment on OSM streets; not an as-built feeder
SYN-0426,220232167,Novi Sad 7 - Juzni Telep,3953424196,1.623333,0.08109958028753993,capacity-balanced inferred shortest-path assignment on OSM streets; not an as-built feeder
SYN-0427,220232167,Novi Sad 7 - Juzni Telep,11940499915,2.220692000000001,0.08109958028753993,capacity-balanced inferred shortest-path assignment on OSM streets; not an as-built feeder
SYN-0428,220232167,Novi Sad 7 - Juzni Telep,3797783872,2.445674999999999,0.08109958028753993,capacity-balanced inferred shortest-path assignment on OSM streets; not an as-built feeder
SYN-0429,220232167,Novi Sad 7 - Juzni Telep,3190673061,1.946707,0.08109958028753993,capacity-balanced inferred shortest-path assignment on OSM streets; not an as-built feeder
SYN-0430,220232167,Novi Sad 7 - Juzni Telep,1229511616,1.1338810000000004,0.08109958028753993,capacity-balanced inferred shortest-path assignment on OSM streets; not an as-built feeder
SYN-0431,220232167,Novi Sad 7 - Juzni Telep,11843053285,1.5451220000000003,0.08109958028753993,capacity-balanced inferred shortest-path assignment on OSM streets; not an as-built feeder
SYN-0432,220232167,Novi Sad 7 - Juzni Telep,2023183161,1.692404,0.08109958028753993,capacity-balanced inferred shortest-path assignment on OSM streets; not an as-built feeder
SYN-0433,220232167,Novi Sad 7 - Juzni Telep,10915842957,1.000571,0.08109958028753993,capacity-balanced inferred shortest-path assignment on OSM streets; not an as-built feeder
SYN-0434,220232167,Novi Sad 7 - Juzni Telep,3797783870,2.4284659999999993,0.08109958028753993,capacity-balanced inferred shortest-path assignment on OSM streets; not an as-built feeder
SYN-0435,220232167,Novi Sad 7 - Juzni Telep,9643379548,1.3949320000000003,0.08109958028753993,capacity-balanced inferred shortest-path assignment on OSM streets; not an as-built feeder
SYN-0436,220232167,Novi Sad 7 - Juzni Telep,11888442651,1.7793359999999998,0.08109958028753993,capacity-balanced inferred shortest-path assignment on OSM streets; not an as-built feeder
SYN-0437,220232167,Novi Sad 7 - Juzni Telep,3972302161,1.9081970000000001,0.08109958028753993,capacity-balanced inferred shortest-path assignment on OSM streets; not an as-built feeder
SYN-0438,220232167,Novi Sad 7 - Juzni Telep,6991837975,2.059054,0.08109958028753993,capacity-balanced inferred shortest-path assignment on OSM streets; not an as-built feeder
SYN-0439,220232167,Novi Sad 7 - Juzni Telep,11940499915,2.220692000000001,0.08109958028753993,capacity-balanced inferred shortest-path assignment on OSM streets; not an as-built feeder
SYN-0440,220232167,Novi Sad 7 - Juzni Telep,1083543595,1.6448539999999998,0.08109958028753993,capacity-balanced inferred shortest-path assignment on OSM streets; not an as-built feeder
SYN-0441,220232167,Novi Sad 7 - Juzni Telep,1229511644,1.2365220000000003,0.08109958028753993,capacity-balanced inferred shortest-path assignment on OSM streets; not an as-built feeder
SYN-0442,220232167,Novi Sad 7 - Juzni Telep,3190672910,1.7904019999999998,0.08109958028753993,capacity-balanced inferred shortest-path assignment on OSM streets; not an as-built feeder
SYN-0443,220232167,Novi Sad 7 - Juzni Telep,3027682817,1.861464,0.08109958028753993,capacity-balanced inferred shortest-path assignment on OSM streets; not an as-built feeder
SYN-0444,220232167,Novi Sad 7 - Juzni Telep,13971341269,1.8592379999999997,0.08109958028753993,capacity-balanced inferred shortest-path assignment on OSM streets; not an as-built feeder
SYN-0445,220232167,Novi Sad 7 - Juzni Telep,1083543556,1.6756460000000006,0.08109958028753993,capacity-balanced inferred shortest-path assignment on OSM streets; not an as-built feeder
SYN-0446,220232167,Novi Sad 7 - Juzni Telep,3972275926,1.3313370000000004,0.08109958028753993,capacity-balanced inferred shortest-path assignment on OSM streets; not an as-built feeder
SYN-0447,220232167,Novi Sad 7 - Juzni Telep,13342603148,1.6020450000000008,0.08109958028753993,capacity-balanced inferred shortest-path assignment on OSM streets; not an as-built feeder
SYN-0448,220232167,Novi Sad 7 - Juzni Telep,3608092997,2.226098000000001,0.08109958028753993,capacity-balanced inferred shortest-path assignment on OSM streets; not an as-built feeder
SYN-0449,220232167,Novi Sad 7 - Juzni Telep,60885024,1.98556,0.08109958028753993,capacity-balanced inferred shortest-path assignment on OSM streets; not an as-built feeder
SYN-0450,220232167,Novi Sad 7 - Juzni Telep,11841446709,1.4956360000000006,0.08109958028753993,capacity-balanced inferred shortest-path assignment on OSM streets; not an as-built feeder
SYN-0451,220232167,Novi Sad 7 - Juzni Telep,3792366291,1.2953860000000001,0.08109958028753993,capacity-balanced inferred shortest-path assignment on OSM streets; not an as-built feeder
SYN-0452,220232167,Novi Sad 7 - Juzni Telep,11843053285,1.5451220000000003,0.08109958028753993,capacity-balanced inferred shortest-path assignment on OSM streets; not an as-built feeder
SYN-0453,220232167,Novi Sad 7 - Juzni Telep,1230711574,1.6191780000000002,0.08109958028753993,capacity-balanced inferred shortest-path assignment on OSM streets; not an as-built feeder
SYN-0454,220232167,Novi Sad 7 - Juzni Telep,12585143115,1.4058400000000004,0.08109958028753993,capacity-balanced inferred shortest-path assignment on OSM streets; not an as-built feeder
SYN-0455,220232167,Novi Sad 7 - Juzni Telep,1230711622,1.693192,0.08109958028753993,capacity-balanced inferred shortest-path assignment on OSM streets; not an as-built feeder
SYN-0456,220232167,Novi Sad 7 - Juzni Telep,11841305992,1.0813109999999997,0.08109958028753993,capacity-balanced inferred shortest-path assignment on OSM streets; not an as-built feeder
SYN-0457,220232167,Novi Sad 7 - Juzni Telep,1083543174,1.9427290000000008,0.08109958028753993,capacity-balanced inferred shortest-path assignment on OSM streets; not an as-built feeder
SYN-0458,220232167,Novi Sad 7 - Juzni Telep,1083543374,1.7340510000000002,0.08109958028753993,capacity-balanced inferred shortest-path assignment on OSM streets; not an as-built feeder
SYN-0459,220232167,Novi Sad 7 - Juzni Telep,11346037267,1.6714760000000006,0.08109958028753993,capacity-balanced inferred shortest-path assignment on OSM streets; not an as-built feeder
SYN-0460,220232167,Novi Sad 7 - Juzni Telep,13663222867,2.4156590000000007,0.08109958028753993,capacity-balanced inferred shortest-path assignment on OSM streets; not an as-built feeder
SYN-0461,220232167,Novi Sad 7 - Juzni Telep,13135324181,1.7066060000000005,0.08109958028753993,capacity-balanced inferred shortest-path assignment on OSM streets; not an as-built feeder
SYN-0462,220232167,Novi Sad 7 - Juzni Telep,11888442647,1.844297,0.08109958028753993,capacity-balanced inferred shortest-path assignment on OSM streets; not an as-built feeder
SYN-0463,220232167,Novi Sad 7 - Juzni Telep,8037905342,2.0196140000000002,0.08109958028753993,capacity-balanced inferred shortest-path assignment on OSM streets; not an as-built feeder
SYN-0464,220232167,Novi Sad 7 - Juzni Telep,901518898,1.5481080000000007,0.08109958028753993,capacity-balanced inferred shortest-path assignment on OSM streets; not an as-built feeder
SYN-0465,220232167,Novi Sad 7 - Juzni Telep,988900177,2.3203300000000002,0.08109958028753993,capacity-balanced inferred shortest-path assignment on OSM streets; not an as-built feeder
SYN-0466,220232167,Novi Sad 7 - Juzni Telep,6908815285,1.4340229999999994,0.08109958028753993,capacity-balanced inferred shortest-path assignment on OSM streets; not an as-built feeder
SYN-0467,220232167,Novi Sad 7 - Juzni Telep,13971341264,1.3419800000000004,0.08109958028753993,capacity-balanced inferred shortest-path assignment on OSM streets; not an as-built feeder
SYN-0468,220232167,Novi Sad 7 - Juzni Telep,13135324181,1.7066060000000005,0.08109958028753993,capacity-balanced inferred shortest-path assignment on OSM streets; not an as-built feeder
SYN-0469,220232167,Novi Sad 7 - Juzni Telep,3190672935,1.907494,0.08109958028753993,capacity-balanced inferred shortest-path assignment on OSM streets; not an as-built feeder
SYN-0470,220232167,Novi Sad 7 - Juzni Telep,2320638510,1.6944030000000005,0.08109958028753993,capacity-balanced inferred shortest-path assignment on OSM streets; not an as-built feeder
SYN-0471,220232167,Novi Sad 7 - Juzni Telep,1231084443,1.8062989999999997,0.08109958028753993,capacity-balanced inferred shortest-path assignment on OSM streets; not an as-built feeder
SYN-0472,220232167,Novi Sad 7 - Juzni Telep,8222135571,1.3686519999999998,0.08109958028753993,capacity-balanced inferred shortest-path assignment on OSM streets; not an as-built feeder
SYN-0473,220232167,Novi Sad 7 - Juzni Telep,61969053,2.053875000000001,0.08109958028753993,capacity-balanced inferred shortest-path assignment on OSM streets; not an as-built feeder
SYN-0474,220232167,Novi Sad 7 - Juzni Telep,7410289617,1.4240000000000004,0.08109958028753993,capacity-balanced inferred shortest-path assignment on OSM streets; not an as-built feeder
SYN-0475,220232167,Novi Sad 7 - Juzni Telep,11346037267,1.6714760000000006,0.08109958028753993,capacity-balanced inferred shortest-path assignment on OSM streets; not an as-built feeder
SYN-0476,220232167,Novi Sad 7 - Juzni Telep,13663198342,1.9778450000000007,0.08109958028753993,capacity-balanced inferred shortest-path assignment on OSM streets; not an as-built feeder
SYN-0477,220232167,Novi Sad 7 - Juzni Telep,12585143121,1.3787570000000005,0.08109958028753993,capacity-balanced inferred shortest-path assignment on OSM streets; not an as-built feeder
SYN-0478,220232167,Novi Sad 7 - Juzni Telep,8578971212,2.0834309999999996,0.08109958028753993,capacity-balanced inferred shortest-path assignment on OSM streets; not an as-built feeder
SYN-0479,220232167,Novi Sad 7 - Juzni Telep,3026990106,1.616939,0.08109958028753993,capacity-balanced inferred shortest-path assignment on OSM streets; not an as-built feeder
SYN-0480,220232167,Novi Sad 7 - Juzni Telep,3793891286,1.6736300000000004,0.08109958028753993,capacity-balanced inferred shortest-path assignment on OSM streets; not an as-built feeder
SYN-0481,220232167,Novi Sad 7 - Juzni Telep,1083543542,2.165279000000001,0.08109958028753993,capacity-balanced inferred shortest-path assignment on OSM streets; not an as-built feeder
SYN-0482,220232167,Novi Sad 7 - Juzni Telep,61949941,1.9911490000000007,0.08109958028753993,capacity-balanced inferred shortest-path assignment on OSM streets; not an as-built feeder
SYN-0483,220232167,Novi Sad 7 - Juzni Telep,3972275926,1.3313370000000004,0.08109958028753993,capacity-balanced inferred shortest-path assignment on OSM streets; not an as-built feeder
SYN-0484,220232167,Novi Sad 7 - Juzni Telep,1231084361,2.2269830000000006,0.08109958028753993,capacity-balanced inferred shortest-path assignment on OSM streets; not an as-built feeder
SYN-0485,220232167,Novi Sad 7 - Juzni Telep,11888399210,1.982585000000001,0.08109958028753993,capacity-balanced inferred shortest-path assignment on OSM streets; not an as-built feeder
SYN-0486,220232167,Novi Sad 7 - Juzni Telep,3972275938,1.5110380000000005,0.08109958028753993,capacity-balanced inferred shortest-path assignment on OSM streets; not an as-built feeder
SYN-0487,220232167,Novi Sad 7 - Juzni Telep,3972275944,1.6610729999999996,0.08109958028753993,capacity-balanced inferred shortest-path assignment on OSM streets; not an as-built feeder
SYN-0488,220232167,Novi Sad 7 - Juzni Telep,3953460602,1.2113290000000003,0.08109958028753993,capacity-balanced inferred shortest-path assignment on OSM streets; not an as-built feeder
SYN-0489,220232167,Novi Sad 7 - Juzni Telep,13201690514,1.3503060000000005,0.08109958028753993,capacity-balanced inferred shortest-path assignment on OSM streets; not an as-built feeder
SYN-0490,220232167,Novi Sad 7 - Juzni Telep,11346105312,1.1851980000000004,0.08109958028753993,capacity-balanced inferred shortest-path assignment on OSM streets; not an as-built feeder
SYN-0491,220232167,Novi Sad 7 - Juzni Telep,13663222867,2.4156590000000007,0.08109958028753993,capacity-balanced inferred shortest-path assignment on OSM streets; not an as-built feeder
SYN-0492,220232167,Novi Sad 7 - Juzni Telep,11817261398,2.1261780000000003,0.08109958028753993,capacity-balanced inferred shortest-path assignment on OSM streets; not an as-built feeder
SYN-0493,220232167,Novi Sad 7 - Juzni Telep,6770731844,1.3971040000000003,0.08109958028753993,capacity-balanced inferred shortest-path assignment on OSM streets; not an as-built feeder
SYN-0494,220232167,Novi Sad 7 - Juzni Telep,1083543228,1.7400699999999998,0.08109958028753993,capacity-balanced inferred shortest-path assignment on OSM streets; not an as-built feeder
SYN-0495,220232167,Novi Sad 7 - Juzni Telep,11390262035,2.0233859999999995,0.08109958028753993,capacity-balanced inferred shortest-path assignment on OSM streets; not an as-built feeder
SYN-0496,220232167,Novi Sad 7 - Juzni Telep,3972275937,1.4192219999999998,0.08109958028753993,capacity-balanced inferred shortest-path assignment on OSM streets; not an as-built feeder
SYN-0497,220232167,Novi Sad 7 - Juzni Telep,3022327582,2.3453790000000003,0.08109958028753993,capacity-balanced inferred shortest-path assignment on OSM streets; not an as-built feeder
SYN-0498,220232167,Novi Sad 7 - Juzni Telep,3026990106,1.616939,0.08109958028753993,capacity-balanced inferred shortest-path assignment on OSM streets; not an as-built feeder
SYN-0499,220232167,Novi Sad 7 - Juzni Telep,11940499921,2.173486050060519,0.08109958028753993,capacity-balanced inferred shortest-path assignment on OSM streets; not an as-built feeder
SYN-0500,220232167,Novi Sad 7 - Juzni Telep,1083543174,1.9427290000000008,0.08109958028753993,capacity-balanced inferred shortest-path assignment on OSM streets; not an as-built feeder
SYN-0501,220232167,Novi Sad 7 - Juzni Telep,3608092998,2.2825100000000007,0.08109958028753993,capacity-balanced inferred shortest-path assignment on OSM streets; not an as-built feeder
SYN-0502,220232167,Novi Sad 7 - Juzni Telep,2320638505,1.6577260000000003,0.08109958028753993,capacity-balanced inferred shortest-path assignment on OSM streets; not an as-built feeder
SYN-0503,220232167,Novi Sad 7 - Juzni Telep,60889685,1.7267870000000007,0.08109958028753993,capacity-balanced inferred shortest-path assignment on OSM streets; not an as-built feeder
SYN-0504,220232167,Novi Sad 7 - Juzni Telep,3792513491,1.7407190000000003,0.08109958028753993,capacity-balanced inferred shortest-path assignment on OSM streets; not an as-built feeder
SYN-0586,220232167,Novi Sad 7 - Juzni Telep,1204288604,2.6805640000000004,0.03227124494779247,capacity-balanced inferred shortest-path assignment on OSM streets; not an as-built feeder
SYN-0822,220232167,Novi Sad 7 - Juzni Telep,2953239448,2.7318689999999997,0.040788238943352026,capacity-balanced inferred shortest-path assignment on OSM streets; not an as-built feeder
SYN-0825,220232167,Novi Sad 7 - Juzni Telep,1533345626,1.1709390000000004,0.07809655377830817,capacity-balanced inferred shortest-path assignment on OSM streets; not an as-built feeder
SYN-0826,220232167,Novi Sad 7 - Juzni Telep,1561045481,1.25026,0.07809655377830817,capacity-balanced inferred shortest-path assignment on OSM streets; not an as-built feeder
SYN-1005,220232167,Novi Sad 7 - Juzni Telep,2189620570,1.533443000000001,0.03893826428527627,capacity-balanced inferred shortest-path assignment on OSM streets; not an as-built feeder
SYN-1006,220232167,Novi Sad 7 - Juzni Telep,2189620641,1.5786780000000007,0.03893826428527627,capacity-balanced inferred shortest-path assignment on OSM streets; not an as-built feeder
SYN-1038,220232167,Novi Sad 7 - Juzni Telep,1229532471,2.4117100000000007,0.09279650991979363,capacity-balanced inferred shortest-path assignment on OSM streets; not an as-built feeder
SYN-1039,220232167,Novi Sad 7 - Juzni Telep,319532838,2.467657050060519,0.07985936406469017,capacity-balanced inferred shortest-path assignment on OSM streets; not an as-built feeder
SYN-1040,220232167,Novi Sad 7 - Juzni Telep,1230566165,2.30643,0.07985936406469017,capacity-balanced inferred shortest-path assignment on OSM streets; not an as-built feeder
SYN-1041,220232167,Novi Sad 7 - Juzni Telep,2077437394,2.5273269999999997,0.07985936406469017,capacity-balanced inferred shortest-path assignment on OSM streets; not an as-built feeder
SYN-1042,220232167,Novi Sad 7 - Juzni Telep,319532838,2.467657050060519,0.07985936406469017,capacity-balanced inferred shortest-path assignment on OSM streets; not an as-built feeder
SYN-1043,220232167,Novi Sad 7 - Juzni Telep,7011779723,2.42416,0.07985936406469017,capacity-balanced inferred shortest-path assignment on OSM streets; not an as-built feeder
SYN-1044,220232167,Novi Sad 7 - Juzni Telep,7011779738,2.498834425786849,0.07985936406469017,capacity-balanced inferred shortest-path assignment on OSM streets; not an as-built feeder
SYN-1045,220232167,Novi Sad 7 - Juzni Telep,14133058336,2.597617000000001,0.0893736540558831,capacity-balanced inferred shortest-path assignment on OSM streets; not an as-built feeder
SYN-1046,220232167,Novi Sad 7 - Juzni Telep,7013707643,2.430640000000001,0.0893736540558831,capacity-balanced inferred shortest-path assignment on OSM streets; not an as-built feeder
SYN-1047,220232167,Novi Sad 7 - Juzni Telep,3040957093,2.498325,0.005593002919754803,capacity-balanced inferred shortest-path assignment on OSM streets; not an as-built feeder
SYN-1094,220232167,Novi Sad 7 - Juzni Telep,6360046056,2.4612959999999995,0.11314664046547679,capacity-balanced inferred shortest-path assignment on OSM streets; not an as-built feeder
SYN-1095,220232167,Novi Sad 7 - Juzni Telep,6360046079,2.6117419999999996,0.039905807918418607,capacity-balanced inferred shortest-path assignment on OSM streets; not an as-built feeder
SYN-1097,220232167,Novi Sad 7 - Juzni Telep,2975823835,2.718474000000001,0.09376068984254761,capacity-balanced inferred shortest-path assignment on OSM streets; not an as-built feeder
SYN-1098,220232167,Novi Sad 7 - Juzni Telep,2975823700,2.625287000000001,0.09376068984254761,capacity-balanced inferred shortest-path assignment on OSM streets; not an as-built feeder
SYN-1099,220232167,Novi Sad 7 - Juzni Telep,2975823700,2.625287000000001,0.09376068984254761,capacity-balanced inferred shortest-path assignment on OSM streets; not an as-built feeder
SYN-1100,220232167,Novi Sad 7 - Juzni Telep,903304542,2.6056420000000013,0.09376068984254761,capacity-balanced inferred shortest-path assignment on OSM streets; not an as-built feeder
SYN-1188,220232167,Novi Sad 7 - Juzni Telep,897250834,1.7984790000000008,0.08165032184301015,capacity-balanced inferred shortest-path assignment on OSM streets; not an as-built feeder
SYN-1189,220232167,Novi Sad 7 - Juzni Telep,11127154626,2.045499,0.08165032184301015,capacity-balanced inferred shortest-path assignment on OSM streets; not an as-built feeder
SYN-1190,220232167,Novi Sad 7 - Juzni Telep,520409585,2.0681430000000005,0.08165032184301015,capacity-balanced inferred shortest-path assignment on OSM streets; not an as-built feeder
SYN-1191,220232167,Novi Sad 7 - Juzni Telep,13260420199,2.3541299999999996,0.08165032184301015,capacity-balanced inferred shortest-path assignment on OSM streets; not an as-built feeder
SYN-1192,220232167,Novi Sad 7 - Juzni Telep,13831273768,2.1996090000000006,0.08165032184301015,capacity-balanced inferred shortest-path assignment on OSM streets; not an as-built feeder
SYN-1193,220232167,Novi Sad 7 - Juzni Telep,9643402240,2.4421070000000005,0.08165032184301015,capacity-balanced inferred shortest-path assignment on OSM streets; not an as-built feeder
SYN-1194,220232167,Novi Sad 7 - Juzni Telep,9819397834,2.22151,0.08165032184301015,capacity-balanced inferred shortest-path assignment on OSM streets; not an as-built feeder
SYN-1195,220232167,Novi Sad 7 - Juzni Telep,6793126665,1.7615739999999998,0.08165032184301015,capacity-balanced inferred shortest-path assignment on OSM streets; not an as-built feeder
SYN-1196,220232167,Novi Sad 7 - Juzni Telep,897250826,1.8982490000000003,0.08165032184301015,capacity-balanced inferred shortest-path assignment on OSM streets; not an as-built feeder
SYN-1197,220232167,Novi Sad 7 - Juzni Telep,520409581,2.029617,0.08165032184301015,capacity-balanced inferred shortest-path assignment on OSM streets; not an as-built feeder
SYN-1198,220232167,Novi Sad 7 - Juzni Telep,12874381582,2.1940450000000005,0.08165032184301015,capacity-balanced inferred shortest-path assignment on OSM streets; not an as-built feeder
SYN-1199,220232167,Novi Sad 7 - Juzni Telep,3637128357,1.8391410000000004,0.08165032184301015,capacity-balanced inferred shortest-path assignment on OSM streets; not an as-built feeder
SYN-1200,220232167,Novi Sad 7 - Juzni Telep,11336485732,2.296738,0.08165032184301015,capacity-balanced inferred shortest-path assignment on OSM streets; not an as-built feeder
SYN-1201,220232167,Novi Sad 7 - Juzni Telep,13971341230,1.922625,0.08165032184301015,capacity-balanced inferred shortest-path assignment on OSM streets; not an as-built feeder
SYN-1202,220232167,Novi Sad 7 - Juzni Telep,3945584879,2.241578,0.08165032184301015,capacity-balanced inferred shortest-path assignment on OSM streets; not an as-built feeder
SYN-1203,220232167,Novi Sad 7 - Juzni Telep,520409538,2.3773000000000013,0.08165032184301015,capacity-balanced inferred shortest-path assignment on OSM streets; not an as-built feeder
SYN-1204,220232167,Novi Sad 7 - Juzni Telep,520409562,2.2542459999999997,0.08165032184301015,capacity-balanced inferred shortest-path assignment on OSM streets; not an as-built feeder
SYN-1205,220232167,Novi Sad 7 - Juzni Telep,13599809988,2.2613449999999995,0.08165032184301015,capacity-balanced inferred shortest-path assignment on OSM streets; not an as-built feeder
SYN-1206,220232167,Novi Sad 7 - Juzni Telep,827323663,2.3020940000000003,0.08165032184301015,capacity-balanced inferred shortest-path assignment on OSM streets; not an as-built feeder
SYN-1207,220232167,Novi Sad 7 - Juzni Telep,13971341230,1.922625,0.08165032184301015,capacity-balanced inferred shortest-path assignment on OSM streets; not an as-built feeder
SYN-1208,220232167,Novi Sad 7 - Juzni Telep,13831273768,2.1996090000000006,0.08165032184301015,capacity-balanced inferred shortest-path assignment on OSM streets; not an as-built feeder
SYN-1209,220232167,Novi Sad 7 - Juzni Telep,904119349,1.6510710000000006,0.08165032184301015,capacity-balanced inferred shortest-path assignment on OSM streets; not an as-built feeder
SYN-1210,220232167,Novi Sad 7 - Juzni Telep,13831273770,2.1763040000000005,0.08165032184301015,capacity-balanced inferred shortest-path assignment on OSM streets; not an as-built feeder
SYN-1211,220232167,Novi Sad 7 - Juzni Telep,14066982328,1.5425830000000005,0.08165032184301015,capacity-balanced inferred shortest-path assignment on OSM streets; not an as-built feeder
SYN-1212,220232167,Novi Sad 7 - Juzni Telep,3945933010,1.9809689999999998,0.08165032184301015,capacity-balanced inferred shortest-path assignment on OSM streets; not an as-built feeder
SYN-1213,220232167,Novi Sad 7 - Juzni Telep,13260420199,2.3541299999999996,0.08165032184301015,capacity-balanced inferred shortest-path assignment on OSM streets; not an as-built feeder
SYN-1214,220232167,Novi Sad 7 - Juzni Telep,8086347303,2.5384840000000004,0.08165032184301015,capacity-balanced inferred shortest-path assignment on OSM streets; not an as-built feeder
SYN-1215,220232167,Novi Sad 7 - Juzni Telep,1229588776,2.286916,0.08165032184301015,capacity-balanced inferred shortest-path assignment on OSM streets; not an as-built feeder
SYN-1216,220232167,Novi Sad 7 - Juzni Telep,61963554,2.5526120000000003,0.08165032184301015,capacity-balanced inferred shortest-path assignment on OSM streets; not an as-built feeder
SYN-1217,220232167,Novi Sad 7 - Juzni Telep,6770731825,1.7323300000000006,0.08165032184301015,capacity-balanced inferred shortest-path assignment on OSM streets; not an as-built feeder
SYN-1218,220232167,Novi Sad 7 - Juzni Telep,2189620691,2.069064,0.08165032184301015,capacity-balanced inferred shortest-path assignment on OSM streets; not an as-built feeder
SYN-1219,220232167,Novi Sad 7 - Juzni Telep,13971341250,2.3761640000000006,0.08909707364822698,capacity-balanced inferred shortest-path assignment on OSM streets; not an as-built feeder
SYN-1220,220232167,Novi Sad 7 - Juzni Telep,1229569711,2.5722580000000006,0.08909707364822698,capacity-balanced inferred shortest-path assignment on OSM streets; not an as-built feeder
SYN-1221,220232167,Novi Sad 7 - Juzni Telep,13971341252,2.2789390000000007,0.08909707364822698,capacity-balanced inferred shortest-path assignment on OSM streets; not an as-built feeder
SYN-1222,220232167,Novi Sad 7 - Juzni Telep,522035718,2.0889770000000003,0.08909707364822698,capacity-balanced inferred shortest-path assignment on OSM streets; not an as-built feeder
SYN-1223,220232167,Novi Sad 7 - Juzni Telep,522035718,2.0889770000000003,0.08909707364822698,capacity-balanced inferred shortest-path assignment on OSM streets; not an as-built feeder
SYN-1225,220232167,Novi Sad 7 - Juzni Telep,2351100798,2.0000020000000003,0.08220199593446417,capacity-balanced inferred shortest-path assignment on OSM streets; not an as-built feeder
SYN-1226,220232167,Novi Sad 7 - Juzni Telep,14112119866,1.8713600000000006,0.08220199593446417,capacity-balanced inferred shortest-path assignment on OSM streets; not an as-built feeder
SYN-1227,220232167,Novi Sad 7 - Juzni Telep,8146394091,1.7724680000000008,0.08220199593446417,capacity-balanced inferred shortest-path assignment on OSM streets; not an as-built feeder
SYN-1228,220232167,Novi Sad 7 - Juzni Telep,2984256162,1.7562450000000005,0.08220199593446417,capacity-balanced inferred shortest-path assignment on OSM streets; not an as-built feeder
SYN-1229,220232167,Novi Sad 7 - Juzni Telep,3874456884,2.0084530000000003,0.08220199593446417,capacity-balanced inferred shortest-path assignment on OSM streets; not an as-built feeder
SYN-1233,220232167,Novi Sad 7 - Juzni Telep,563365003,1.5692090000000005,0.08220199593446417,capacity-balanced inferred shortest-path assignment on OSM streets; not an as-built feeder
SYN-1234,220232167,Novi Sad 7 - Juzni Telep,13071765808,1.5507760000000006,0.08220199593446417,capacity-balanced inferred shortest-path assignment on OSM streets; not an as-built feeder
SYN-1236,220232167,Novi Sad 7 - Juzni Telep,2351100778,1.6998130000000007,0.08220199593446417,capacity-balanced inferred shortest-path assignment on OSM streets; not an as-built feeder
SYN-1237,220232167,Novi Sad 7 - Juzni Telep,3874456844,1.9072610000000005,0.08220199593446417,capacity-balanced inferred shortest-path assignment on OSM streets; not an as-built feeder
SYN-1239,220232167,Novi Sad 7 - Juzni Telep,2351098408,1.9656290000000003,0.08220199593446417,capacity-balanced inferred shortest-path assignment on OSM streets; not an as-built feeder
SYN-1240,220232167,Novi Sad 7 - Juzni Telep,2351100778,1.6998130000000007,0.08220199593446417,capacity-balanced inferred shortest-path assignment on OSM streets; not an as-built feeder
SYN-1241,220232167,Novi Sad 7 - Juzni Telep,13321597734,2.076320000000001,0.08220199593446417,capacity-balanced inferred shortest-path assignment on OSM streets; not an as-built feeder
SYN-1242,220232167,Novi Sad 7 - Juzni Telep,3874456836,1.9109850000000006,0.08220199593446417,capacity-balanced inferred shortest-path assignment on OSM streets; not an as-built feeder
SYN-1244,220232167,Novi Sad 7 - Juzni Telep,60704591,1.5762520000000007,0.08220199593446417,capacity-balanced inferred shortest-path assignment on OSM streets; not an as-built feeder
SYN-1273,220232167,Novi Sad 7 - Juzni Telep,11931087436,2.699653,0.05028076945182173,capacity-balanced inferred shortest-path assignment on OSM streets; not an as-built feeder
SYN-1274,220232167,Novi Sad 7 - Juzni Telep,11931087437,2.691217,0.011712958013438255,capacity-balanced inferred shortest-path assignment on OSM streets; not an as-built feeder
SYN-1275,220232167,Novi Sad 7 - Juzni Telep,1231084389,2.3190060000000003,0.04809024393287133,capacity-balanced inferred shortest-path assignment on OSM streets; not an as-built feeder
SYN-1793,220232167,Novi Sad 7 - Juzni Telep,7035901628,2.317752000000001,0.016779959133836234,capacity-balanced inferred shortest-path assignment on OSM streets; not an as-built feeder
SYN-1978,220232167,Novi Sad 7 - Juzni Telep,6777999545,3.577998,0.08142540794124,capacity-balanced inferred shortest-path assignment on OSM streets; not an as-built feeder
SYN-1979,220232167,Novi Sad 7 - Juzni Telep,3188356150,2.856552,0.08142540794124,capacity-balanced inferred shortest-path assignment on OSM streets; not an as-built feeder
SYN-1980,220232167,Novi Sad 7 - Juzni Telep,3179293105,2.471288,0.08142540794124,capacity-balanced inferred shortest-path assignment on OSM streets; not an as-built feeder
SYN-1981,220232167,Novi Sad 7 - Juzni Telep,3179293105,2.471288,0.08142540794124,capacity-balanced inferred shortest-path assignment on OSM streets; not an as-built feeder
SYN-1982,220232167,Novi Sad 7 - Juzni Telep,3179293095,2.9192739999999997,0.08142540794124,capacity-balanced inferred shortest-path assignment on OSM streets; not an as-built feeder
SYN-1983,220232167,Novi Sad 7 - Juzni Telep,3188396492,2.68731,0.08142540794124,capacity-balanced inferred shortest-path assignment on OSM streets; not an as-built feeder
SYN-1984,220232167,Novi Sad 7 - Juzni Telep,2945715015,2.6554689999999996,0.08142540794124,capacity-balanced inferred shortest-path assignment on OSM streets; not an as-built feeder
SYN-1985,220232167,Novi Sad 7 - Juzni Telep,6777999546,3.825374,0.08142540794124,capacity-balanced inferred shortest-path assignment on OSM streets; not an as-built feeder
SYN-1986,220232167,Novi Sad 7 - Juzni Telep,3181852247,3.011398,0.08142540794124,capacity-balanced inferred shortest-path assignment on OSM streets; not an as-built feeder
SYN-1987,220232167,Novi Sad 7 - Juzni Telep,3188396492,2.68731,0.08142540794124,capacity-balanced inferred shortest-path assignment on OSM streets; not an as-built feeder
SYN-1989,220232167,Novi Sad 7 - Juzni Telep,3179293045,2.259153,0.08214364961638476,capacity-balanced inferred shortest-path assignment on OSM streets; not an as-built feeder
SYN-1993,220232167,Novi Sad 7 - Juzni Telep,11379952143,2.2777730000000003,0.08214364961638476,capacity-balanced inferred shortest-path assignment on OSM streets; not an as-built feeder
SYN-1997,220232167,Novi Sad 7 - Juzni Telep,3179293051,2.194842,0.08214364961638476,capacity-balanced inferred shortest-path assignment on OSM streets; not an as-built feeder
SYN-1999,220232167,Novi Sad 7 - Juzni Telep,3179292991,2.3696889999999997,0.08214364961638476,capacity-balanced inferred shortest-path assignment on OSM streets; not an as-built feeder
SYN-2010,220232167,Novi Sad 7 - Juzni Telep,3696097818,1.260193,0.10329029706510526,capacity-balanced inferred shortest-path assignment on OSM streets; not an as-built feeder
SYN-2016,220232167,Novi Sad 7 - Juzni Telep,8510431006,2.9214700000000007,0.08547288766676192,capacity-balanced inferred shortest-path assignment on OSM streets; not an as-built feeder
SYN-2017,220232167,Novi Sad 7 - Juzni Telep,8510430987,2.956964000000001,0.08547288766676192,capacity-balanced inferred shortest-path assignment on OSM streets; not an as-built feeder
SYN-2021,220232167,Novi Sad 7 - Juzni Telep,11942921549,0.7685329999999999,0.11311343159428675,capacity-balanced inferred shortest-path assignment on OSM streets; not an as-built feeder
SYN-2022,220232167,Novi Sad 7 - Juzni Telep,986912884,0.8469220000000001,0.11311343159428675,capacity-balanced inferred shortest-path assignment on OSM streets; not an as-built feeder
SYN-2040,220232167,Novi Sad 7 - Juzni Telep,13174661512,0.705182,0.08333899777151182,capacity-balanced inferred shortest-path assignment on OSM streets; not an as-built feeder
SYN-2041,220232167,Novi Sad 7 - Juzni Telep,11945506747,0.661166,0.08333899777151182,capacity-balanced inferred shortest-path assignment on OSM streets; not an as-built feeder
SYN-2042,220232167,Novi Sad 7 - Juzni Telep,8130213350,0.363218,0.08333899777151182,capacity-balanced inferred shortest-path assignment on OSM streets; not an as-built feeder
SYN-2043,220232167,Novi Sad 7 - Juzni Telep,8130213350,0.363218,0.08333899777151182,capacity-balanced inferred shortest-path assignment on OSM streets; not an as-built feeder
SYN-2044,220232167,Novi Sad 7 - Juzni Telep,1602839675,0.9594854064671625,0.08333899777151182,capacity-balanced inferred shortest-path assignment on OSM streets; not an as-built feeder
SYN-2045,220232167,Novi Sad 7 - Juzni Telep,2953240860,0.9870880000000001,0.08333899777151182,capacity-balanced inferred shortest-path assignment on OSM streets; not an as-built feeder
SYN-2046,220232167,Novi Sad 7 - Juzni Telep,8130213356,0.3826899999999999,0.08333899777151182,capacity-balanced inferred shortest-path assignment on OSM streets; not an as-built feeder
SYN-2047,220232167,Novi Sad 7 - Juzni Telep,8612313712,0.9083630000000001,0.08333899777151182,capacity-balanced inferred shortest-path assignment on OSM streets; not an as-built feeder
SYN-2048,220232167,Novi Sad 7 - Juzni Telep,13157049913,0.9454530000000001,0.08333899777151182,capacity-balanced inferred shortest-path assignment on OSM streets; not an as-built feeder
SYN-2049,220232167,Novi Sad 7 - Juzni Telep,11948700539,1.1696864064671624,0.08333899777151182,capacity-balanced inferred shortest-path assignment on OSM streets; not an as-built feeder
SYN-2050,220232167,Novi Sad 7 - Juzni Telep,2293614535,0.718578,0.08333899777151182,capacity-balanced inferred shortest-path assignment on OSM streets; not an as-built feeder
SYN-2051,220232167,Novi Sad 7 - Juzni Telep,2320706125,1.219227,0.08333899777151182,capacity-balanced inferred shortest-path assignment on OSM streets; not an as-built feeder
SYN-2052,220232167,Novi Sad 7 - Juzni Telep,11945959226,0.9605320000000002,0.08333899777151182,capacity-balanced inferred shortest-path assignment on OSM streets; not an as-built feeder
SYN-2053,220232167,Novi Sad 7 - Juzni Telep,11948700540,1.1911004064671624,0.08333899777151182,capacity-balanced inferred shortest-path assignment on OSM streets; not an as-built feeder
SYN-2054,220232167,Novi Sad 7 - Juzni Telep,11085507461,0.480346,0.08333899777151182,capacity-balanced inferred shortest-path assignment on OSM streets; not an as-built feeder
SYN-2055,220232167,Novi Sad 7 - Juzni Telep,11841321799,0.42534999999999995,0.08333899777151182,capacity-balanced inferred shortest-path assignment on OSM streets; not an as-built feeder
SYN-2056,220232167,Novi Sad 7 - Juzni Telep,899449325,1.0274914064671625,0.08333899777151182,capacity-balanced inferred shortest-path assignment on OSM streets; not an as-built feeder
SYN-2057,220232167,Novi Sad 7 - Juzni Telep,2320706117,1.3371120000000003,0.08333899777151182,capacity-balanced inferred shortest-path assignment on OSM streets; not an as-built feeder
SYN-2058,220232167,Novi Sad 7 - Juzni Telep,3092047589,1.012225,0.08333899777151182,capacity-balanced inferred shortest-path assignment on OSM streets; not an as-built feeder
SYN-2059,220232167,Novi Sad 7 - Juzni Telep,1602839685,1.1034434064671625,0.08333899777151182,capacity-balanced inferred shortest-path assignment on OSM streets; not an as-built feeder
SYN-2060,220232167,Novi Sad 7 - Juzni Telep,904119266,0.620566,0.08333899777151182,capacity-balanced inferred shortest-path assignment on OSM streets; not an as-built feeder
SYN-2061,220232167,Novi Sad 7 - Juzni Telep,11945506748,0.591041,0.08333899777151182,capacity-balanced inferred shortest-path assignment on OSM streets; not an as-built feeder
SYN-2062,220232167,Novi Sad 7 - Juzni Telep,13663747472,1.2198184064671627,0.08333899777151182,capacity-balanced inferred shortest-path assignment on OSM streets; not an as-built feeder
SYN-2063,220232167,Novi Sad 7 - Juzni Telep,11841258524,1.118371,0.08333899777151182,capacity-balanced inferred shortest-path assignment on OSM streets; not an as-built feeder
SYN-2064,220232167,Novi Sad 7 - Juzni Telep,11841258524,1.118371,0.08333899777151182,capacity-balanced inferred shortest-path assignment on OSM streets; not an as-built feeder
SYN-2065,220232167,Novi Sad 7 - Juzni Telep,11841321797,0.5455549999999999,0.08333899777151182,capacity-balanced inferred shortest-path assignment on OSM streets; not an as-built feeder
SYN-2066,220232167,Novi Sad 7 - Juzni Telep,60885068,0.36575599999999997,0.08333899777151182,capacity-balanced inferred shortest-path assignment on OSM streets; not an as-built feeder
SYN-2067,220232167,Novi Sad 7 - Juzni Telep,11945959227,1.0356,0.08333899777151182,capacity-balanced inferred shortest-path assignment on OSM streets; not an as-built feeder
SYN-2068,220232167,Novi Sad 7 - Juzni Telep,12657386986,0.9983150000000001,0.07950704213402733,capacity-balanced inferred shortest-path assignment on OSM streets; not an as-built feeder
SYN-2069,220232167,Novi Sad 7 - Juzni Telep,986912895,0.9626500000000001,0.07950704213402733,capacity-balanced inferred shortest-path assignment on OSM streets; not an as-built feeder
SYN-2070,220232167,Novi Sad 7 - Juzni Telep,986912959,0.4856929999999999,0.08174819663483025,capacity-balanced inferred shortest-path assignment on OSM streets; not an as-built feeder
SYN-2071,220232167,Novi Sad 7 - Juzni Telep,1575230924,0.9086660000000002,0.08174819663483025,capacity-balanced inferred shortest-path assignment on OSM streets; not an as-built feeder
SYN-2072,220232167,Novi Sad 7 - Juzni Telep,3783392864,0.512678,0.08174819663483025,capacity-balanced inferred shortest-path assignment on OSM streets; not an as-built feeder
SYN-2073,220232167,Novi Sad 7 - Juzni Telep,12126210688,0.960412,0.08174819663483025,capacity-balanced inferred shortest-path assignment on OSM streets; not an as-built feeder
SYN-2074,220232167,Novi Sad 7 - Juzni Telep,363661662,1.0024380000000002,0.08174819663483025,capacity-balanced inferred shortest-path assignment on OSM streets; not an as-built feeder
SYN-2075,220232167,Novi Sad 7 - Juzni Telep,11841044214,0.42588799999999993,0.08174819663483025,capacity-balanced inferred shortest-path assignment on OSM streets; not an as-built feeder
SYN-2076,220232167,Novi Sad 7 - Juzni Telep,2769744063,0.9977870000000002,0.08174819663483025,capacity-balanced inferred shortest-path assignment on OSM streets; not an as-built feeder
SYN-2077,220232167,Novi Sad 7 - Juzni Telep,2717804004,1.0633470000000003,0.08174819663483025,capacity-balanced inferred shortest-path assignment on OSM streets; not an as-built feeder
SYN-2078,220232167,Novi Sad 7 - Juzni Telep,986912874,0.5786629999999999,0.08174819663483025,capacity-balanced inferred shortest-path assignment on OSM streets; not an as-built feeder
SYN-2079,220232167,Novi Sad 7 - Juzni Telep,3047454591,0.836245,0.08174819663483025,capacity-balanced inferred shortest-path assignment on OSM streets; not an as-built feeder
SYN-2080,220232167,Novi Sad 7 - Juzni Telep,902585173,0.523168,0.08174819663483025,capacity-balanced inferred shortest-path assignment on OSM streets; not an as-built feeder
SYN-2081,220232167,Novi Sad 7 - Juzni Telep,6770731800,0.9314910000000001,0.08174819663483025,capacity-balanced inferred shortest-path assignment on OSM streets; not an as-built feeder
SYN-2082,220232167,Novi Sad 7 - Juzni Telep,363661662,1.0024380000000002,0.08174819663483025,capacity-balanced inferred shortest-path assignment on OSM streets; not an as-built feeder
SYN-2083,220232167,Novi Sad 7 - Juzni Telep,8578982120,0.9776729999999999,0.08174819663483025,capacity-balanced inferred shortest-path assignment on OSM streets; not an as-built feeder
SYN-2084,220232167,Novi Sad 7 - Juzni Telep,3190550625,0.581697,0.08174819663483025,capacity-balanced inferred shortest-path assignment on OSM streets; not an as-built feeder
SYN-2085,220232167,Novi Sad 7 - Juzni Telep,1083543371,1.2472310000000002,0.08174819663483025,capacity-balanced inferred shortest-path assignment on OSM streets; not an as-built feeder
SYN-2086,220232167,Novi Sad 7 - Juzni Telep,319533339,1.0327400000000002,0.08174819663483025,capacity-balanced inferred shortest-path assignment on OSM streets; not an as-built feeder
SYN-2087,220232167,Novi Sad 7 - Juzni Telep,11841305994,1.0821259999999997,0.08174819663483025,capacity-balanced inferred shortest-path assignment on OSM streets; not an as-built feeder
SYN-2088,220232167,Novi Sad 7 - Juzni Telep,11841305988,1.41575,0.08174819663483025,capacity-balanced inferred shortest-path assignment on OSM streets; not an as-built feeder
SYN-2089,220232167,Novi Sad 7 - Juzni Telep,986912889,0.402839,0.08174819663483025,capacity-balanced inferred shortest-path assignment on OSM streets; not an as-built feeder
SYN-2090,220232167,Novi Sad 7 - Juzni Telep,3783392526,0.440019,0.08174819663483025,capacity-balanced inferred shortest-path assignment on OSM streets; not an as-built feeder
SYN-2091,220232167,Novi Sad 7 - Juzni Telep,11346045125,0.6585779999999999,0.08174819663483025,capacity-balanced inferred shortest-path assignment on OSM streets; not an as-built feeder
SYN-2092,220232167,Novi Sad 7 - Juzni Telep,11346065507,0.7821950000000001,0.08174819663483025,capacity-balanced inferred shortest-path assignment on OSM streets; not an as-built feeder
SYN-2093,220232167,Novi Sad 7 - Juzni Telep,1230711510,0.579127,0.08174819663483025,capacity-balanced inferred shortest-path assignment on OSM streets; not an as-built feeder
SYN-2094,220232167,Novi Sad 7 - Juzni Telep,11841446714,1.309989,0.08174819663483025,capacity-balanced inferred shortest-path assignment on OSM streets; not an as-built feeder
SYN-2095,220232167,Novi Sad 7 - Juzni Telep,3787132030,0.32405999999999996,0.08174819663483025,capacity-balanced inferred shortest-path assignment on OSM streets; not an as-built feeder
SYN-2096,220232167,Novi Sad 7 - Juzni Telep,2885874398,1.0151839999999999,0.08174819663483025,capacity-balanced inferred shortest-path assignment on OSM streets; not an as-built feeder
SYN-2097,220232167,Novi Sad 7 - Juzni Telep,1231084478,0.95426,0.08174819663483025,capacity-balanced inferred shortest-path assignment on OSM streets; not an as-built feeder
SYN-2098,220232167,Novi Sad 7 - Juzni Telep,986912906,0.7478869999999996,0.08174819663483025,capacity-balanced inferred shortest-path assignment on OSM streets; not an as-built feeder
SYN-2099,220232167,Novi Sad 7 - Juzni Telep,902585173,0.523168,0.08174819663483025,capacity-balanced inferred shortest-path assignment on OSM streets; not an as-built feeder
SYN-2100,220232167,Novi Sad 7 - Juzni Telep,986912848,0.572956,0.08174819663483025,capacity-balanced inferred shortest-path assignment on OSM streets; not an as-built feeder
SYN-2101,220232167,Novi Sad 7 - Juzni Telep,1083543191,1.0990210000000002,0.08174819663483025,capacity-balanced inferred shortest-path assignment on OSM streets; not an as-built feeder
SYN-2102,220232167,Novi Sad 7 - Juzni Telep,3120904025,0.5411909999999999,0.08174819663483025,capacity-balanced inferred shortest-path assignment on OSM streets; not an as-built feeder
SYN-2103,220232167,Novi Sad 7 - Juzni Telep,3780889951,1.045274,0.08174819663483025,capacity-balanced inferred shortest-path assignment on OSM streets; not an as-built feeder
SYN-2104,220232167,Novi Sad 7 - Juzni Telep,11346045125,0.6585779999999999,0.08174819663483025,capacity-balanced inferred shortest-path assignment on OSM streets; not an as-built feeder
SYN-2105,220232167,Novi Sad 7 - Juzni Telep,11346045125,0.6585779999999999,0.08174819663483025,capacity-balanced inferred shortest-path assignment on OSM streets; not an as-built feeder
SYN-2106,220232167,Novi Sad 7 - Juzni Telep,3787820094,0.8199200000000001,0.08174819663483025,capacity-balanced inferred shortest-path assignment on OSM streets; not an as-built feeder
SYN-2107,220232167,Novi Sad 7 - Juzni Telep,904119284,0.482578,0.08174819663483025,capacity-balanced inferred shortest-path assignment on OSM streets; not an as-built feeder
SYN-2108,220232167,Novi Sad 7 - Juzni Telep,3190603768,1.039338,0.08174819663483025,capacity-balanced inferred shortest-path assignment on OSM streets; not an as-built feeder
SYN-2109,220232167,Novi Sad 7 - Juzni Telep,3783474054,0.22427499999999997,0.08174819663483025,capacity-balanced inferred shortest-path assignment on OSM streets; not an as-built feeder
SYN-2110,220232167,Novi Sad 7 - Juzni Telep,11346045125,0.6585779999999999,0.08174819663483025,capacity-balanced inferred shortest-path assignment on OSM streets; not an as-built feeder
SYN-2111,220232167,Novi Sad 7 - Juzni Telep,1083543222,1.044305,0.08174819663483025,capacity-balanced inferred shortest-path assignment on OSM streets; not an as-built feeder
SYN-2112,220232167,Novi Sad 7 - Juzni Telep,904119273,0.5772889999999999,0.08174819663483025,capacity-balanced inferred shortest-path assignment on OSM streets; not an as-built feeder
SYN-2113,220232167,Novi Sad 7 - Juzni Telep,319533339,1.0327400000000002,0.08174819663483025,capacity-balanced inferred shortest-path assignment on OSM streets; not an as-built feeder
SYN-2114,220232167,Novi Sad 7 - Juzni Telep,902585179,0.377839,0.08174819663483025,capacity-balanced inferred shortest-path assignment on OSM streets; not an as-built feeder
SYN-2115,220232167,Novi Sad 7 - Juzni Telep,6770731807,0.8261179999999999,0.08174819663483025,capacity-balanced inferred shortest-path assignment on OSM streets; not an as-built feeder
SYN-2116,220232167,Novi Sad 7 - Juzni Telep,11338247911,1.5481089999999997,0.08174819663483025,capacity-balanced inferred shortest-path assignment on OSM streets; not an as-built feeder
SYN-2117,220232167,Novi Sad 7 - Juzni Telep,1083543641,1.8683219999999996,0.08174819663483025,capacity-balanced inferred shortest-path assignment on OSM streets; not an as-built feeder
SYN-2118,220232167,Novi Sad 7 - Juzni Telep,1083543093,1.340696,0.08174819663483025,capacity-balanced inferred shortest-path assignment on OSM streets; not an as-built feeder
SYN-2119,220232167,Novi Sad 7 - Juzni Telep,986912822,0.6144039999999998,0.08174819663483025,capacity-balanced inferred shortest-path assignment on OSM streets; not an as-built feeder
SYN-2120,220232167,Novi Sad 7 - Juzni Telep,902585186,0.5847269999999999,0.08174819663483025,capacity-balanced inferred shortest-path assignment on OSM streets; not an as-built feeder
SYN-2121,220232167,Novi Sad 7 - Juzni Telep,11346045124,0.568483,0.08174819663483025,capacity-balanced inferred shortest-path assignment on OSM streets; not an as-built feeder
SYN-2122,220232167,Novi Sad 7 - Juzni Telep,904119273,0.5772889999999999,0.08174819663483025,capacity-balanced inferred shortest-path assignment on OSM streets; not an as-built feeder
SYN-2123,220232167,Novi Sad 7 - Juzni Telep,11841427778,1.2233300000000003,0.08174819663483025,capacity-balanced inferred shortest-path assignment on OSM streets; not an as-built feeder
SYN-2124,220232167,Novi Sad 7 - Juzni Telep,13136889508,0.9000290000000001,0.08174819663483025,capacity-balanced inferred shortest-path assignment on OSM streets; not an as-built feeder
SYN-2125,220232167,Novi Sad 7 - Juzni Telep,904119318,0.5893630000000001,0.08174819663483025,capacity-balanced inferred shortest-path assignment on OSM streets; not an as-built feeder
SYN-2126,220232167,Novi Sad 7 - Juzni Telep,904119318,0.5893630000000001,0.08174819663483025,capacity-balanced inferred shortest-path assignment on OSM streets; not an as-built feeder
SYN-2127,220232167,Novi Sad 7 - Juzni Telep,12126210687,0.880128,0.08174819663483025,capacity-balanced inferred shortest-path assignment on OSM streets; not an as-built feeder
SYN-2128,220232167,Novi Sad 7 - Juzni Telep,3030959715,0.8691550000000001,0.08174819663483025,capacity-balanced inferred shortest-path assignment on OSM streets; not an as-built feeder
SYN-2129,220232167,Novi Sad 7 - Juzni Telep,2500636077,1.16143,0.11691046330501428,capacity-balanced inferred shortest-path assignment on OSM streets; not an as-built feeder
SYN-2160,220232167,Novi Sad 7 - Juzni Telep,9880465238,4.499564999999999,0.0013391524118191213,capacity-balanced inferred shortest-path assignment on OSM streets; not an as-built feeder
SYN-2185,220232167,Novi Sad 7 - Juzni Telep,7013707647,2.4727120000000005,0.02444738773669992,capacity-balanced inferred shortest-path assignment on OSM streets; not an as-built feeder
SYN-2191,220232167,Novi Sad 7 - Juzni Telep,11841305990,1.1495969999999998,0.022864020277424756,capacity-balanced inferred shortest-path assignment on OSM streets; not an as-built feeder
SYN-2192,220232167,Novi Sad 7 - Juzni Telep,11841305987,1.1971649999999998,0.008374054275158782,capacity-balanced inferred shortest-path assignment on OSM streets; not an as-built feeder
SYN-2197,220232167,Novi Sad 7 - Juzni Telep,1535957452,1.7507894064671627,0.03682249633311974,capacity-balanced inferred shortest-path assignment on OSM streets; not an as-built feeder
SYN-2198,220232167,Novi Sad 7 - Juzni Telep,1535957438,1.8339394064671624,0.03682249633311974,capacity-balanced inferred shortest-path assignment on OSM streets; not an as-built feeder
SYN-2206,220232167,Novi Sad 7 - Juzni Telep,7728647513,1.9551174064671628,0.08089829962734875,capacity-balanced inferred shortest-path assignment on OSM streets; not an as-built feeder
SYN-2208,220232167,Novi Sad 7 - Juzni Telep,1602838453,1.4205224064671627,0.08089829962734875,capacity-balanced inferred shortest-path assignment on OSM streets; not an as-built feeder
SYN-2209,220232167,Novi Sad 7 - Juzni Telep,10979756035,1.3478164064671625,0.08089829962734875,capacity-balanced inferred shortest-path assignment on OSM streets; not an as-built feeder
SYN-2211,220232167,Novi Sad 7 - Juzni Telep,1541596680,2.0162244064671624,0.08089829962734875,capacity-balanced inferred shortest-path assignment on OSM streets; not an as-built feeder
SYN-2212,220232167,Novi Sad 7 - Juzni Telep,6430933346,1.7541660000000006,0.08089829962734875,capacity-balanced inferred shortest-path assignment on OSM streets; not an as-built feeder
SYN-2215,220232167,Novi Sad 7 - Juzni Telep,1599400793,1.7897010000000004,0.08089829962734875,capacity-balanced inferred shortest-path assignment on OSM streets; not an as-built feeder
SYN-2216,220232167,Novi Sad 7 - Juzni Telep,1533371821,1.4385500000000007,0.08089829962734875,capacity-balanced inferred shortest-path assignment on OSM streets; not an as-built feeder
SYN-2217,220232167,Novi Sad 7 - Juzni Telep,13071765832,1.9509770000000006,0.08089829962734875,capacity-balanced inferred shortest-path assignment on OSM streets; not an as-built feeder
SYN-2224,220232167,Novi Sad 7 - Juzni Telep,1600622364,1.6209650000000007,0.08089829962734875,capacity-balanced inferred shortest-path assignment on OSM streets; not an as-built feeder
SYN-2227,220232167,Novi Sad 7 - Juzni Telep,3799126528,1.6887534064671628,0.08089829962734875,capacity-balanced inferred shortest-path assignment on OSM streets; not an as-built feeder
SYN-2228,220232167,Novi Sad 7 - Juzni Telep,1600643993,1.643444406467163,0.08089829962734875,capacity-balanced inferred shortest-path assignment on OSM streets; not an as-built feeder
SYN-2234,220232167,Novi Sad 7 - Juzni Telep,1533949724,1.7269104064671628,0.08089829962734875,capacity-balanced inferred shortest-path assignment on OSM streets; not an as-built feeder
SYN-2236,220232167,Novi Sad 7 - Juzni Telep,3653356950,1.8124640000000005,0.08089829962734875,capacity-balanced inferred shortest-path assignment on OSM streets; not an as-built feeder
SYN-2241,220232167,Novi Sad 7 - Juzni Telep,6430933346,1.7541660000000006,0.08089829962734875,capacity-balanced inferred shortest-path assignment on OSM streets; not an as-built feeder
SYN-2242,220232167,Novi Sad 7 - Juzni Telep,1541597927,1.9727484064671625,0.08089829962734875,capacity-balanced inferred shortest-path assignment on OSM streets; not an as-built feeder
SYN-2243,220232167,Novi Sad 7 - Juzni Telep,3799076909,1.7962974064671628,0.08089829962734875,capacity-balanced inferred shortest-path assignment on OSM streets; not an as-built feeder
SYN-2246,220232167,Novi Sad 7 - Juzni Telep,1533371865,1.6701520000000003,0.08089829962734875,capacity-balanced inferred shortest-path assignment on OSM streets; not an as-built feeder
SYN-2249,220232167,Novi Sad 7 - Juzni Telep,13563533211,2.074134000000001,0.08089829962734875,capacity-balanced inferred shortest-path assignment on OSM streets; not an as-built feeder
SYN-2251,220232167,Novi Sad 7 - Juzni Telep,7714376136,2.0447260000000007,0.08089829962734875,capacity-balanced inferred shortest-path assignment on OSM streets; not an as-built feeder
SYN-2408,220232167,Novi Sad 7 - Juzni Telep,3090367491,4.096081999999998,0.08096365388221036,capacity-balanced inferred shortest-path assignment on OSM streets; not an as-built feeder
SYN-2409,220232167,Novi Sad 7 - Juzni Telep,1739519723,4.077496999999998,0.08096365388221036,capacity-balanced inferred shortest-path assignment on OSM streets; not an as-built feeder
SYN-2410,220232167,Novi Sad 7 - Juzni Telep,3401985478,4.056352999999999,0.08096365388221036,capacity-balanced inferred shortest-path assignment on OSM streets; not an as-built feeder
SYN-2414,220232167,Novi Sad 7 - Juzni Telep,3128133049,2.743003,0.08121892608068448,capacity-balanced inferred shortest-path assignment on OSM streets; not an as-built feeder
SYN-2415,220232167,Novi Sad 7 - Juzni Telep,1229948882,3.0720699999999996,0.08121892608068448,capacity-balanced inferred shortest-path assignment on OSM streets; not an as-built feeder
SYN-2416,220232167,Novi Sad 7 - Juzni Telep,3181939391,2.3147620000000004,0.08121892608068448,capacity-balanced inferred shortest-path assignment on OSM streets; not an as-built feeder
SYN-2417,220232167,Novi Sad 7 - Juzni Telep,3183019794,3.196544999999999,0.08121892608068448,capacity-balanced inferred shortest-path assignment on OSM streets; not an as-built feeder
SYN-2418,220232167,Novi Sad 7 - Juzni Telep,6250574671,1.50345,0.08121892608068448,capacity-balanced inferred shortest-path assignment on OSM streets; not an as-built feeder
SYN-2419,220232167,Novi Sad 7 - Juzni Telep,1213464318,3.728668999999999,0.08121892608068448,capacity-balanced inferred shortest-path assignment on OSM streets; not an as-built feeder
SYN-2420,220232167,Novi Sad 7 - Juzni Telep,3113626744,3.196604,0.08121892608068448,capacity-balanced inferred shortest-path assignment on OSM streets; not an as-built feeder
SYN-2421,220232167,Novi Sad 7 - Juzni Telep,11338223917,2.2347989999999998,0.08121892608068448,capacity-balanced inferred shortest-path assignment on OSM streets; not an as-built feeder
SYN-2422,220232167,Novi Sad 7 - Juzni Telep,3401896811,3.7454619999999994,0.08121892608068448,capacity-balanced inferred shortest-path assignment on OSM streets; not an as-built feeder
SYN-2423,220232167,Novi Sad 7 - Juzni Telep,6250683291,1.578684,0.08121892608068448,capacity-balanced inferred shortest-path assignment on OSM streets; not an as-built feeder
SYN-2424,220232167,Novi Sad 7 - Juzni Telep,1213463540,2.6049789999999997,0.08121892608068448,capacity-balanced inferred shortest-path assignment on OSM streets; not an as-built feeder
SYN-2425,220232167,Novi Sad 7 - Juzni Telep,1230711047,2.2430289999999995,0.08121892608068448,capacity-balanced inferred shortest-path assignment on OSM streets; not an as-built feeder
SYN-2426,220232167,Novi Sad 7 - Juzni Telep,2915816061,1.883584,0.08121892608068448,capacity-balanced inferred shortest-path assignment on OSM streets; not an as-built feeder
SYN-2427,220232167,Novi Sad 7 - Juzni Telep,11801802043,2.2928539999999997,0.08121892608068448,capacity-balanced inferred shortest-path assignment on OSM streets; not an as-built feeder
SYN-2428,220232167,Novi Sad 7 - Juzni Telep,10242888493,3.175126999999999,0.08121892608068448,capacity-balanced inferred shortest-path assignment on OSM streets; not an as-built feeder
SYN-2429,220232167,Novi Sad 7 - Juzni Telep,3079766665,1.9022949999999998,0.08121892608068448,capacity-balanced inferred shortest-path assignment on OSM streets; not an as-built feeder
SYN-2430,220232167,Novi Sad 7 - Juzni Telep,11843097937,2.503979,0.08121892608068448,capacity-balanced inferred shortest-path assignment on OSM streets; not an as-built feeder
SYN-2431,220232167,Novi Sad 7 - Juzni Telep,1229948824,4.010332999999999,0.08121892608068448,capacity-balanced inferred shortest-path assignment on OSM streets; not an as-built feeder
SYN-2432,220232167,Novi Sad 7 - Juzni Telep,1229948789,2.4321049999999995,0.08121892608068448,capacity-balanced inferred shortest-path assignment on OSM streets; not an as-built feeder
SYN-2433,220232167,Novi Sad 7 - Juzni Telep,1229948824,4.010332999999999,0.08121892608068448,capacity-balanced inferred shortest-path assignment on OSM streets; not an as-built feeder
SYN-2434,220232167,Novi Sad 7 - Juzni Telep,11013908792,4.047255999999999,0.08121892608068448,capacity-balanced inferred shortest-path assignment on OSM streets; not an as-built feeder
SYN-2435,220232167,Novi Sad 7 - Juzni Telep,3190434103,1.225947,0.08121892608068448,capacity-balanced inferred shortest-path assignment on OSM streets; not an as-built feeder
SYN-2436,220232167,Novi Sad 7 - Juzni Telep,6250524896,1.4780380000000002,0.08121892608068448,capacity-balanced inferred shortest-path assignment on OSM streets; not an as-built feeder
SYN-2437,220232167,Novi Sad 7 - Juzni Telep,8578982179,0.8414839999999998,0.08121892608068448,capacity-balanced inferred shortest-path assignment on OSM streets; not an as-built feeder
SYN-2438,220232167,Novi Sad 7 - Juzni Telep,9908092438,3.9003909999999995,0.08121892608068448,capacity-balanced inferred shortest-path assignment on OSM streets; not an as-built feeder
SYN-2439,220232167,Novi Sad 7 - Juzni Telep,3398392496,1.5715189999999999,0.08121892608068448,capacity-balanced inferred shortest-path assignment on OSM streets; not an as-built feeder
SYN-2440,220232167,Novi Sad 7 - Juzni Telep,11338223916,2.2410110000000003,0.08121892608068448,capacity-balanced inferred shortest-path assignment on OSM streets; not an as-built feeder
SYN-2441,220232167,Novi Sad 7 - Juzni Telep,11931087410,3.742315999999999,0.08121892608068448,capacity-balanced inferred shortest-path assignment on OSM streets; not an as-built feeder
SYN-2442,220232167,Novi Sad 7 - Juzni Telep,11338243112,2.5957919999999994,0.08121892608068448,capacity-balanced inferred shortest-path assignment on OSM streets; not an as-built feeder
SYN-2443,220232167,Novi Sad 7 - Juzni Telep,3128838041,2.673545,0.08121892608068448,capacity-balanced inferred shortest-path assignment on OSM streets; not an as-built feeder
SYN-2444,220232167,Novi Sad 7 - Juzni Telep,12585143095,1.7117019999999998,0.08121892608068448,capacity-balanced inferred shortest-path assignment on OSM streets; not an as-built feeder
SYN-2445,220232167,Novi Sad 7 - Juzni Telep,3071441340,4.526912999999998,0.08121892608068448,capacity-balanced inferred shortest-path assignment on OSM streets; not an as-built feeder
SYN-2446,220232167,Novi Sad 7 - Juzni Telep,1213464202,3.634771999999999,0.08121892608068448,capacity-balanced inferred shortest-path assignment on OSM streets; not an as-built feeder
SYN-2447,220232167,Novi Sad 7 - Juzni Telep,3079955214,3.130405,0.08121892608068448,capacity-balanced inferred shortest-path assignment on OSM streets; not an as-built feeder
SYN-2448,220232167,Novi Sad 7 - Juzni Telep,1213463840,3.186843,0.08121892608068448,capacity-balanced inferred shortest-path assignment on OSM streets; not an as-built feeder
SYN-2449,220232167,Novi Sad 7 - Juzni Telep,1229948806,3.6389609999999997,0.08121892608068448,capacity-balanced inferred shortest-path assignment on OSM streets; not an as-built feeder
SYN-2450,220232167,Novi Sad 7 - Juzni Telep,1229948856,3.545410999999999,0.08121892608068448,capacity-balanced inferred shortest-path assignment on OSM streets; not an as-built feeder
SYN-2451,220232167,Novi Sad 7 - Juzni Telep,11116182479,3.799651,0.08121892608068448,capacity-balanced inferred shortest-path assignment on OSM streets; not an as-built feeder
SYN-2452,220232167,Novi Sad 7 - Juzni Telep,1375666060,1.8852579999999997,0.08121892608068448,capacity-balanced inferred shortest-path assignment on OSM streets; not an as-built feeder
SYN-2453,220232167,Novi Sad 7 - Juzni Telep,3181939391,2.3147620000000004,0.08121892608068448,capacity-balanced inferred shortest-path assignment on OSM streets; not an as-built feeder
SYN-2454,220232167,Novi Sad 7 - Juzni Telep,3181939429,1.8782820000000002,0.08121892608068448,capacity-balanced inferred shortest-path assignment on OSM streets; not an as-built feeder
SYN-2455,220232167,Novi Sad 7 - Juzni Telep,6250683314,1.653089,0.08121892608068448,capacity-balanced inferred shortest-path assignment on OSM streets; not an as-built feeder
SYN-2456,220232167,Novi Sad 7 - Juzni Telep,3128133049,2.743003,0.08121892608068448,capacity-balanced inferred shortest-path assignment on OSM streets; not an as-built feeder
SYN-2457,220232167,Novi Sad 7 - Juzni Telep,12976733124,3.515506,0.08121892608068448,capacity-balanced inferred shortest-path assignment on OSM streets; not an as-built feeder
SYN-2458,220232167,Novi Sad 7 - Juzni Telep,9645761357,1.6282389999999998,0.08121892608068448,capacity-balanced inferred shortest-path assignment on OSM streets; not an as-built feeder
SYN-2459,220232167,Novi Sad 7 - Juzni Telep,12976733129,3.409379,0.08121892608068448,capacity-balanced inferred shortest-path assignment on OSM streets; not an as-built feeder
SYN-2460,220232167,Novi Sad 7 - Juzni Telep,11524252276,3.5325009999999994,0.08121892608068448,capacity-balanced inferred shortest-path assignment on OSM streets; not an as-built feeder
SYN-2461,220232167,Novi Sad 7 - Juzni Telep,3181939383,2.1078500000000004,0.08121892608068448,capacity-balanced inferred shortest-path assignment on OSM streets; not an as-built feeder
SYN-2462,220232167,Novi Sad 7 - Juzni Telep,10768597494,2.481698,0.08121892608068448,capacity-balanced inferred shortest-path assignment on OSM streets; not an as-built feeder
SYN-2463,220232167,Novi Sad 7 - Juzni Telep,3069965635,2.876169,0.08121892608068448,capacity-balanced inferred shortest-path assignment on OSM streets; not an as-built feeder
SYN-2464,220232167,Novi Sad 7 - Juzni Telep,11338223916,2.2410110000000003,0.08121892608068448,capacity-balanced inferred shortest-path assignment on OSM streets; not an as-built feeder
SYN-2465,220232167,Novi Sad 7 - Juzni Telep,1213463436,3.075092,0.08121892608068448,capacity-balanced inferred shortest-path assignment on OSM streets; not an as-built feeder
SYN-2466,220232167,Novi Sad 7 - Juzni Telep,6250683314,1.653089,0.08121892608068448,capacity-balanced inferred shortest-path assignment on OSM streets; not an as-built feeder
SYN-2467,220232167,Novi Sad 7 - Juzni Telep,3514950701,3.548797999999999,0.08121892608068448,capacity-balanced inferred shortest-path assignment on OSM streets; not an as-built feeder
SYN-2468,220232167,Novi Sad 7 - Juzni Telep,1230711803,2.19229,0.08121892608068448,capacity-balanced inferred shortest-path assignment on OSM streets; not an as-built feeder
SYN-2469,220232167,Novi Sad 7 - Juzni Telep,3758471929,1.488262,0.08121892608068448,capacity-balanced inferred shortest-path assignment on OSM streets; not an as-built feeder
SYN-2470,220232167,Novi Sad 7 - Juzni Telep,3392438268,2.1695819999999997,0.08121892608068448,capacity-balanced inferred shortest-path assignment on OSM streets; not an as-built feeder
SYN-2471,220232167,Novi Sad 7 - Juzni Telep,3399656605,3.204857999999999,0.08121892608068448,capacity-balanced inferred shortest-path assignment on OSM streets; not an as-built feeder
SYN-2472,220232167,Novi Sad 7 - Juzni Telep,3181939413,2.4363349999999997,0.08121892608068448,capacity-balanced inferred shortest-path assignment on OSM streets; not an as-built feeder
SYN-2473,220232167,Novi Sad 7 - Juzni Telep,12585143060,2.4774860000000003,0.08121892608068448,capacity-balanced inferred shortest-path assignment on OSM streets; not an as-built feeder
SYN-2474,220232167,Novi Sad 7 - Juzni Telep,3062199256,3.7989789999999983,0.08121892608068448,capacity-balanced inferred shortest-path assignment on OSM streets; not an as-built feeder
SYN-2475,220232167,Novi Sad 7 - Juzni Telep,9874302893,2.910523999999999,0.08121892608068448,capacity-balanced inferred shortest-path assignment on OSM streets; not an as-built feeder
SYN-2476,220232167,Novi Sad 7 - Juzni Telep,3758471934,1.9395919999999995,0.08121892608068448,capacity-balanced inferred shortest-path assignment on OSM streets; not an as-built feeder
SYN-2477,220232167,Novi Sad 7 - Juzni Telep,3190434103,1.225947,0.08121892608068448,capacity-balanced inferred shortest-path assignment on OSM streets; not an as-built feeder
SYN-2478,220232167,Novi Sad 7 - Juzni Telep,1213464202,3.634771999999999,0.08121892608068448,capacity-balanced inferred shortest-path assignment on OSM streets; not an as-built feeder
SYN-2479,220232167,Novi Sad 7 - Juzni Telep,319532995,1.772487,0.08121892608068448,capacity-balanced inferred shortest-path assignment on OSM streets; not an as-built feeder
SYN-2480,220232167,Novi Sad 7 - Juzni Telep,1213464065,2.5214679999999996,0.08121892608068448,capacity-balanced inferred shortest-path assignment on OSM streets; not an as-built feeder
SYN-2481,220232167,Novi Sad 7 - Juzni Telep,10293755239,1.519652,0.08121892608068448,capacity-balanced inferred shortest-path assignment on OSM streets; not an as-built feeder
SYN-2482,220232167,Novi Sad 7 - Juzni Telep,60884997,1.6559059999999999,0.08121892608068448,capacity-balanced inferred shortest-path assignment on OSM streets; not an as-built feeder
SYN-2483,220232167,Novi Sad 7 - Juzni Telep,3401896809,3.5129819999999996,0.08121892608068448,capacity-balanced inferred shortest-path assignment on OSM streets; not an as-built feeder
SYN-2484,220232167,Novi Sad 7 - Juzni Telep,3402060285,3.769790999999999,0.08121892608068448,capacity-balanced inferred shortest-path assignment on OSM streets; not an as-built feeder
SYN-2485,220232167,Novi Sad 7 - Juzni Telep,11843495215,2.665128,0.08121892608068448,capacity-balanced inferred shortest-path assignment on OSM streets; not an as-built feeder
SYN-2486,220232167,Novi Sad 7 - Juzni Telep,9917018367,3.7822039999999983,0.08121892608068448,capacity-balanced inferred shortest-path assignment on OSM streets; not an as-built feeder
SYN-2487,220232167,Novi Sad 7 - Juzni Telep,3068271221,1.9964869999999997,0.08121892608068448,capacity-balanced inferred shortest-path assignment on OSM streets; not an as-built feeder
SYN-2488,220232167,Novi Sad 7 - Juzni Telep,1375666030,1.734071,0.08121892608068448,capacity-balanced inferred shortest-path assignment on OSM streets; not an as-built feeder
SYN-2489,220232167,Novi Sad 7 - Juzni Telep,2915831101,3.0292869999999996,0.08121892608068448,capacity-balanced inferred shortest-path assignment on OSM streets; not an as-built feeder
SYN-2490,220232167,Novi Sad 7 - Juzni Telep,1213464166,3.4146929999999998,0.08121892608068448,capacity-balanced inferred shortest-path assignment on OSM streets; not an as-built feeder
SYN-2491,220232167,Novi Sad 7 - Juzni Telep,2915822390,2.7168270000000003,0.08121892608068448,capacity-balanced inferred shortest-path assignment on OSM streets; not an as-built feeder
SYN-2492,220232167,Novi Sad 7 - Juzni Telep,1229948787,2.998493,0.08121892608068448,capacity-balanced inferred shortest-path assignment on OSM streets; not an as-built feeder
SYN-2493,220232167,Novi Sad 7 - Juzni Telep,319532995,1.772487,0.08121892608068448,capacity-balanced inferred shortest-path assignment on OSM streets; not an as-built feeder
SYN-2494,220232167,Novi Sad 7 - Juzni Telep,3080143637,1.8832289999999998,0.08121892608068448,capacity-balanced inferred shortest-path assignment on OSM streets; not an as-built feeder
SYN-2495,220232167,Novi Sad 7 - Juzni Telep,2915816048,2.433307,0.08121892608068448,capacity-balanced inferred shortest-path assignment on OSM streets; not an as-built feeder
SYN-2496,220232167,Novi Sad 7 - Juzni Telep,3068217063,3.1880779999999995,0.08121892608068448,capacity-balanced inferred shortest-path assignment on OSM streets; not an as-built feeder
SYN-2497,220232167,Novi Sad 7 - Juzni Telep,3401896810,3.475246,0.08121892608068448,capacity-balanced inferred shortest-path assignment on OSM streets; not an as-built feeder
SYN-2498,220232167,Novi Sad 7 - Juzni Telep,3401896811,3.7454619999999994,0.08121892608068448,capacity-balanced inferred shortest-path assignment on OSM streets; not an as-built feeder
SYN-2499,220232167,Novi Sad 7 - Juzni Telep,11338223915,3.3668289999999987,0.08121892608068448,capacity-balanced inferred shortest-path assignment on OSM streets; not an as-built feeder
SYN-2500,220232167,Novi Sad 7 - Juzni Telep,1213463657,3.2218439999999995,0.08121892608068448,capacity-balanced inferred shortest-path assignment on OSM streets; not an as-built feeder
SYN-2501,220232167,Novi Sad 7 - Juzni Telep,2915822380,2.6141010000000002,0.08121892608068448,capacity-balanced inferred shortest-path assignment on OSM streets; not an as-built feeder
SYN-2502,220232167,Novi Sad 7 - Juzni Telep,1229948787,2.998493,0.08121892608068448,capacity-balanced inferred shortest-path assignment on OSM streets; not an as-built feeder
SYN-2503,220232167,Novi Sad 7 - Juzni Telep,3190154993,2.1778969999999997,0.08121892608068448,capacity-balanced inferred shortest-path assignment on OSM streets; not an as-built feeder
SYN-2504,220232167,Novi Sad 7 - Juzni Telep,3128838041,2.673545,0.08121892608068448,capacity-balanced inferred shortest-path assignment on OSM streets; not an as-built feeder
SYN-2505,220232167,Novi Sad 7 - Juzni Telep,11338223918,2.2510909999999993,0.08121892608068448,capacity-balanced inferred shortest-path assignment on OSM streets; not an as-built feeder
SYN-2506,220232167,Novi Sad 7 - Juzni Telep,3797783876,2.490148999999999,0.08121892608068448,capacity-balanced inferred shortest-path assignment on OSM streets; not an as-built feeder
SYN-2507,220232167,Novi Sad 7 - Juzni Telep,2915816056,2.03298,0.08121892608068448,capacity-balanced inferred shortest-path assignment on OSM streets; not an as-built feeder
SYN-2508,220232167,Novi Sad 7 - Juzni Telep,1213463733,3.644681999999999,0.08121892608068448,capacity-balanced inferred shortest-path assignment on OSM streets; not an as-built feeder
SYN-2509,220232167,Novi Sad 7 - Juzni Telep,3403699291,4.143227999999999,0.08121892608068448,capacity-balanced inferred shortest-path assignment on OSM streets; not an as-built feeder
SYN-2510,220232167,Novi Sad 7 - Juzni Telep,3071555945,3.410851999999999,0.08121892608068448,capacity-balanced inferred shortest-path assignment on OSM streets; not an as-built feeder
SYN-2511,220232167,Novi Sad 7 - Juzni Telep,3758339749,4.026763999999998,0.08121892608068448,capacity-balanced inferred shortest-path assignment on OSM streets; not an as-built feeder
SYN-2512,220232167,Novi Sad 7 - Juzni Telep,1213463949,2.4148479999999997,0.08121892608068448,capacity-balanced inferred shortest-path assignment on OSM streets; not an as-built feeder
SYN-2513,220232167,Novi Sad 7 - Juzni Telep,11338223918,2.2510909999999993,0.08121892608068448,capacity-balanced inferred shortest-path assignment on OSM streets; not an as-built feeder
SYN-2514,220232167,Novi Sad 7 - Juzni Telep,1230711685,2.226412,0.08121892608068448,capacity-balanced inferred shortest-path assignment on OSM streets; not an as-built feeder
SYN-2515,220232167,Novi Sad 7 - Juzni Telep,11843098212,1.8498549999999996,0.08121892608068448,capacity-balanced inferred shortest-path assignment on OSM streets; not an as-built feeder
SYN-2516,220232167,Novi Sad 7 - Juzni Telep,1213463527,3.193855999999999,0.08121892608068448,capacity-balanced inferred shortest-path assignment on OSM streets; not an as-built feeder
SYN-2517,220232167,Novi Sad 7 - Juzni Telep,3181797209,3.621501,0.08121892608068448,capacity-balanced inferred shortest-path assignment on OSM streets; not an as-built feeder
SYN-2518,220232167,Novi Sad 7 - Juzni Telep,2915816061,1.883584,0.08121892608068448,capacity-balanced inferred shortest-path assignment on OSM streets; not an as-built feeder
SYN-2519,220232167,Novi Sad 7 - Juzni Telep,3110267343,3.1668659999999993,0.08121892608068448,capacity-balanced inferred shortest-path assignment on OSM streets; not an as-built feeder
SYN-2520,220232167,Novi Sad 7 - Juzni Telep,3071806996,2.7825969999999995,0.08121892608068448,capacity-balanced inferred shortest-path assignment on OSM streets; not an as-built feeder
SYN-2521,220232167,Novi Sad 7 - Juzni Telep,1229948820,3.8860839999999994,0.08121892608068448,capacity-balanced inferred shortest-path assignment on OSM streets; not an as-built feeder
SYN-2522,220232167,Novi Sad 7 - Juzni Telep,12526727086,2.9578599999999993,0.08121892608068448,capacity-balanced inferred shortest-path assignment on OSM streets; not an as-built feeder
SYN-2523,220232167,Novi Sad 7 - Juzni Telep,6250524887,1.3564570000000002,0.08121892608068448,capacity-balanced inferred shortest-path assignment on OSM streets; not an as-built feeder
SYN-2524,220232167,Novi Sad 7 - Juzni Telep,3189354080,1.9892010000000002,0.08121892608068448,capacity-balanced inferred shortest-path assignment on OSM streets; not an as-built feeder
SYN-2525,220232167,Novi Sad 7 - Juzni Telep,3181852255,3.068324,0.08121892608068448,capacity-balanced inferred shortest-path assignment on OSM streets; not an as-built feeder
SYN-2526,220232167,Novi Sad 7 - Juzni Telep,11116155158,3.826588999999999,0.08121892608068448,capacity-balanced inferred shortest-path assignment on OSM streets; not an as-built feeder
SYN-2527,220232167,Novi Sad 7 - Juzni Telep,3760881553,3.2581829999999985,0.08121892608068448,capacity-balanced inferred shortest-path assignment on OSM streets; not an as-built feeder
SYN-2528,220232167,Novi Sad 7 - Juzni Telep,1229948787,2.998493,0.08121892608068448,capacity-balanced inferred shortest-path assignment on OSM streets; not an as-built feeder
SYN-2529,220232167,Novi Sad 7 - Juzni Telep,1213463643,2.7278070000000003,0.08121892608068448,capacity-balanced inferred shortest-path assignment on OSM streets; not an as-built feeder
SYN-2530,220232167,Novi Sad 7 - Juzni Telep,1229948882,3.0720699999999996,0.08121892608068448,capacity-balanced inferred shortest-path assignment on OSM streets; not an as-built feeder
SYN-2531,220232167,Novi Sad 7 - Juzni Telep,1213464079,4.249454,0.08121892608068448,capacity-balanced inferred shortest-path assignment on OSM streets; not an as-built feeder
SYN-2532,220232167,Novi Sad 7 - Juzni Telep,1213463880,2.0674939999999995,0.08121892608068448,capacity-balanced inferred shortest-path assignment on OSM streets; not an as-built feeder
SYN-2533,220232167,Novi Sad 7 - Juzni Telep,3129632176,2.353489,0.08121892608068448,capacity-balanced inferred shortest-path assignment on OSM streets; not an as-built feeder
SYN-2534,220232167,Novi Sad 7 - Juzni Telep,6250524896,1.4780380000000002,0.08121892608068448,capacity-balanced inferred shortest-path assignment on OSM streets; not an as-built feeder
SYN-2535,220232167,Novi Sad 7 - Juzni Telep,3398391552,1.6230470000000001,0.08121892608068448,capacity-balanced inferred shortest-path assignment on OSM streets; not an as-built feeder
SYN-2536,220232167,Novi Sad 7 - Juzni Telep,6250524896,1.4780380000000002,0.08121892608068448,capacity-balanced inferred shortest-path assignment on OSM streets; not an as-built feeder
SYN-2537,220232167,Novi Sad 7 - Juzni Telep,3398795435,1.8870230000000001,0.08121892608068448,capacity-balanced inferred shortest-path assignment on OSM streets; not an as-built feeder
SYN-2538,220232167,Novi Sad 7 - Juzni Telep,3068139009,3.949960999999999,0.08121892608068448,capacity-balanced inferred shortest-path assignment on OSM streets; not an as-built feeder
SYN-2539,220232167,Novi Sad 7 - Juzni Telep,10242984611,3.1485479999999995,0.08121892608068448,capacity-balanced inferred shortest-path assignment on OSM streets; not an as-built feeder
SYN-2540,220232167,Novi Sad 7 - Juzni Telep,3068264952,1.7166769999999998,0.08121892608068448,capacity-balanced inferred shortest-path assignment on OSM streets; not an as-built feeder
SYN-2541,220232167,Novi Sad 7 - Juzni Telep,10682963456,3.9788999999999994,0.08121892608068448,capacity-balanced inferred shortest-path assignment on OSM streets; not an as-built feeder
SYN-2542,220232167,Novi Sad 7 - Juzni Telep,3398971103,1.951131,0.08121892608068448,capacity-balanced inferred shortest-path assignment on OSM streets; not an as-built feeder
SYN-2543,220232167,Novi Sad 7 - Juzni Telep,11116155116,4.256945999999998,0.08121892608068448,capacity-balanced inferred shortest-path assignment on OSM streets; not an as-built feeder
SYN-2544,220232167,Novi Sad 7 - Juzni Telep,12976733124,3.515506,0.08121892608068448,capacity-balanced inferred shortest-path assignment on OSM streets; not an as-built feeder
SYN-2545,220232167,Novi Sad 7 - Juzni Telep,2915816048,2.433307,0.08121892608068448,capacity-balanced inferred shortest-path assignment on OSM streets; not an as-built feeder
SYN-2546,220232167,Novi Sad 7 - Juzni Telep,10242984614,3.0979969999999994,0.08121892608068448,capacity-balanced inferred shortest-path assignment on OSM streets; not an as-built feeder
SYN-2547,220232167,Novi Sad 7 - Juzni Telep,3183019799,3.378979999999999,0.08121892608068448,capacity-balanced inferred shortest-path assignment on OSM streets; not an as-built feeder
SYN-2548,220232167,Novi Sad 7 - Juzni Telep,9874302896,3.0678039999999993,0.08121892608068448,capacity-balanced inferred shortest-path assignment on OSM streets; not an as-built feeder
SYN-2549,220232167,Novi Sad 7 - Juzni Telep,1229948856,3.545410999999999,0.08121892608068448,capacity-balanced inferred shortest-path assignment on OSM streets; not an as-built feeder
SYN-2550,220232167,Novi Sad 7 - Juzni Telep,3525168193,3.9564949999999994,0.08121892608068448,capacity-balanced inferred shortest-path assignment on OSM streets; not an as-built feeder
SYN-2551,220232167,Novi Sad 7 - Juzni Telep,3061794257,1.772092,0.08121892608068448,capacity-balanced inferred shortest-path assignment on OSM streets; not an as-built feeder
SYN-2552,220232167,Novi Sad 7 - Juzni Telep,10789918848,2.808821,0.08121892608068448,capacity-balanced inferred shortest-path assignment on OSM streets; not an as-built feeder
SYN-2553,220232167,Novi Sad 7 - Juzni Telep,9880464917,3.533143999999999,0.08121892608068448,capacity-balanced inferred shortest-path assignment on OSM streets; not an as-built feeder
SYN-2554,220232167,Novi Sad 7 - Juzni Telep,3189156973,3.6925749999999993,0.08121892608068448,capacity-balanced inferred shortest-path assignment on OSM streets; not an as-built feeder
SYN-2555,220232167,Novi Sad 7 - Juzni Telep,1213463434,3.5979109999999994,0.08121892608068448,capacity-balanced inferred shortest-path assignment on OSM streets; not an as-built feeder
SYN-2556,220232167,Novi Sad 7 - Juzni Telep,3398529849,1.101911,0.08121892608068448,capacity-balanced inferred shortest-path assignment on OSM streets; not an as-built feeder
SYN-2557,220232167,Novi Sad 7 - Juzni Telep,3068264952,1.7166769999999998,0.08121892608068448,capacity-balanced inferred shortest-path assignment on OSM streets; not an as-built feeder
SYN-2558,220232167,Novi Sad 7 - Juzni Telep,1213463910,3.626308999999999,0.08121892608068448,capacity-balanced inferred shortest-path assignment on OSM streets; not an as-built feeder
SYN-2559,220232167,Novi Sad 7 - Juzni Telep,3181939391,2.3147620000000004,0.08121892608068448,capacity-balanced inferred shortest-path assignment on OSM streets; not an as-built feeder
SYN-2560,220232167,Novi Sad 7 - Juzni Telep,6258095193,1.4512000000000003,0.08121892608068448,capacity-balanced inferred shortest-path assignment on OSM streets; not an as-built feeder
SYN-2561,220232167,Novi Sad 7 - Juzni Telep,3189156454,3.369204,0.08121892608068448,capacity-balanced inferred shortest-path assignment on OSM streets; not an as-built feeder
SYN-2562,220232167,Novi Sad 7 - Juzni Telep,1213463815,3.121521,0.08121892608068448,capacity-balanced inferred shortest-path assignment on OSM streets; not an as-built feeder
SYN-2563,220232167,Novi Sad 7 - Juzni Telep,12610283228,3.5279489999999987,0.08121892608068448,capacity-balanced inferred shortest-path assignment on OSM streets; not an as-built feeder
SYN-2564,220232167,Novi Sad 7 - Juzni Telep,2915831106,3.37253,0.08121892608068448,capacity-balanced inferred shortest-path assignment on OSM streets; not an as-built feeder
SYN-2565,220232167,Novi Sad 7 - Juzni Telep,3071555945,3.410851999999999,0.08121892608068448,capacity-balanced inferred shortest-path assignment on OSM streets; not an as-built feeder
SYN-2566,220232167,Novi Sad 7 - Juzni Telep,3183019794,3.196544999999999,0.08121892608068448,capacity-balanced inferred shortest-path assignment on OSM streets; not an as-built feeder
SYN-2567,220232167,Novi Sad 7 - Juzni Telep,3181892666,2.6549300000000007,0.08121892608068448,capacity-balanced inferred shortest-path assignment on OSM streets; not an as-built feeder
SYN-2568,220232167,Novi Sad 7 - Juzni Telep,9916871375,3.7641049999999994,0.08121892608068448,capacity-balanced inferred shortest-path assignment on OSM streets; not an as-built feeder
SYN-2569,220232167,Novi Sad 7 - Juzni Telep,3079766665,1.9022949999999998,0.08121892608068448,capacity-balanced inferred shortest-path assignment on OSM streets; not an as-built feeder
SYN-2570,220232167,Novi Sad 7 - Juzni Telep,1213464074,3.6112249999999992,0.08121892608068448,capacity-balanced inferred shortest-path assignment on OSM streets; not an as-built feeder
SYN-2571,220232167,Novi Sad 7 - Juzni Telep,1229948860,2.5728790000000004,0.08121892608068448,capacity-balanced inferred shortest-path assignment on OSM streets; not an as-built feeder
SYN-2572,220232167,Novi Sad 7 - Juzni Telep,10293755239,1.519652,0.08121892608068448,capacity-balanced inferred shortest-path assignment on OSM streets; not an as-built feeder
SYN-2573,220232167,Novi Sad 7 - Juzni Telep,11116182479,3.799651,0.08121892608068448,capacity-balanced inferred shortest-path assignment on OSM streets; not an as-built feeder
SYN-2574,220232167,Novi Sad 7 - Juzni Telep,1213463643,2.7278070000000003,0.08121892608068448,capacity-balanced inferred shortest-path assignment on OSM streets; not an as-built feeder
SYN-2575,220232167,Novi Sad 7 - Juzni Telep,11390131934,3.532459999999998,0.08121892608068448,capacity-balanced inferred shortest-path assignment on OSM streets; not an as-built feeder
SYN-2576,220232167,Novi Sad 7 - Juzni Telep,2915831108,3.3223709999999995,0.08121892608068448,capacity-balanced inferred shortest-path assignment on OSM streets; not an as-built feeder
SYN-2577,220232167,Novi Sad 7 - Juzni Telep,1213463609,2.6777179999999996,0.08121892608068448,capacity-balanced inferred shortest-path assignment on OSM streets; not an as-built feeder
SYN-2578,220232167,Novi Sad 7 - Juzni Telep,10242984614,3.0979969999999994,0.08121892608068448,capacity-balanced inferred shortest-path assignment on OSM streets; not an as-built feeder
SYN-2579,220232167,Novi Sad 7 - Juzni Telep,3068217063,3.1880779999999995,0.08121892608068448,capacity-balanced inferred shortest-path assignment on OSM streets; not an as-built feeder
SYN-2580,220232167,Novi Sad 7 - Juzni Telep,11116155160,3.702953999999999,0.08121892608068448,capacity-balanced inferred shortest-path assignment on OSM streets; not an as-built feeder
SYN-2581,220232167,Novi Sad 7 - Juzni Telep,3399656605,3.204857999999999,0.08121892608068448,capacity-balanced inferred shortest-path assignment on OSM streets; not an as-built feeder
SYN-2582,220232167,Novi Sad 7 - Juzni Telep,3189354078,1.9396780000000002,0.08121892608068448,capacity-balanced inferred shortest-path assignment on OSM streets; not an as-built feeder
SYN-2583,220232167,Novi Sad 7 - Juzni Telep,1213463815,3.121521,0.08121892608068448,capacity-balanced inferred shortest-path assignment on OSM streets; not an as-built feeder
SYN-2584,220232167,Novi Sad 7 - Juzni Telep,12258212471,3.23026,0.08121892608068448,capacity-balanced inferred shortest-path assignment on OSM streets; not an as-built feeder
SYN-2585,220232167,Novi Sad 7 - Juzni Telep,3062199254,3.704427999999999,0.08121892608068448,capacity-balanced inferred shortest-path assignment on OSM streets; not an as-built feeder
SYN-2586,220232167,Novi Sad 7 - Juzni Telep,6777999548,3.6533479999999994,0.08121892608068448,capacity-balanced inferred shortest-path assignment on OSM streets; not an as-built feeder
SYN-2587,220232167,Novi Sad 7 - Juzni Telep,3190249905,2.3063479999999994,0.08121892608068448,capacity-balanced inferred shortest-path assignment on OSM streets; not an as-built feeder
SYN-2588,220232167,Novi Sad 7 - Juzni Telep,12585143086,1.8728869999999997,0.08121892608068448,capacity-balanced inferred shortest-path assignment on OSM streets; not an as-built feeder
SYN-2589,220232167,Novi Sad 7 - Juzni Telep,11013908792,4.047255999999999,0.08121892608068448,capacity-balanced inferred shortest-path assignment on OSM streets; not an as-built feeder
SYN-2590,220232167,Novi Sad 7 - Juzni Telep,3189354071,1.8216400000000004,0.08121892608068448,capacity-balanced inferred shortest-path assignment on OSM streets; not an as-built feeder
SYN-2591,220232167,Novi Sad 7 - Juzni Telep,8578982179,0.8414839999999998,0.08121892608068448,capacity-balanced inferred shortest-path assignment on OSM streets; not an as-built feeder
SYN-2592,220232167,Novi Sad 7 - Juzni Telep,3181892666,2.6549300000000007,0.08121892608068448,capacity-balanced inferred shortest-path assignment on OSM streets; not an as-built feeder
SYN-2593,220232167,Novi Sad 7 - Juzni Telep,3129685089,2.091435,0.08121892608068448,capacity-balanced inferred shortest-path assignment on OSM streets; not an as-built feeder
SYN-2594,220232167,Novi Sad 7 - Juzni Telep,3181939401,2.0553100000000004,0.08121892608068448,capacity-balanced inferred shortest-path assignment on OSM streets; not an as-built feeder
SYN-2595,220232167,Novi Sad 7 - Juzni Telep,1213464065,2.5214679999999996,0.08121892608068448,capacity-balanced inferred shortest-path assignment on OSM streets; not an as-built feeder
SYN-2596,220232167,Novi Sad 7 - Juzni Telep,12857213616,4.072372,0.08121892608068448,capacity-balanced inferred shortest-path assignment on OSM streets; not an as-built feeder
SYN-2597,220232167,Novi Sad 7 - Juzni Telep,6424941199,2.5948859999999994,0.08121892608068448,capacity-balanced inferred shortest-path assignment on OSM streets; not an as-built feeder
SYN-2598,220232167,Novi Sad 7 - Juzni Telep,3128838041,2.673545,0.08121892608068448,capacity-balanced inferred shortest-path assignment on OSM streets; not an as-built feeder
SYN-2599,220232167,Novi Sad 7 - Juzni Telep,3128838041,2.673545,0.08121892608068448,capacity-balanced inferred shortest-path assignment on OSM streets; not an as-built feeder
SYN-2600,220232167,Novi Sad 7 - Juzni Telep,12976733130,3.381407,0.08121892608068448,capacity-balanced inferred shortest-path assignment on OSM streets; not an as-built feeder
SYN-2601,220232167,Novi Sad 7 - Juzni Telep,1213464079,4.249454,0.08121892608068448,capacity-balanced inferred shortest-path assignment on OSM streets; not an as-built feeder
SYN-2602,220232167,Novi Sad 7 - Juzni Telep,3190430191,1.510796,0.08121892608068448,capacity-balanced inferred shortest-path assignment on OSM streets; not an as-built feeder
SYN-2603,220232167,Novi Sad 7 - Juzni Telep,1213463478,2.5723209999999996,0.08121892608068448,capacity-balanced inferred shortest-path assignment on OSM streets; not an as-built feeder
SYN-2604,220232167,Novi Sad 7 - Juzni Telep,3401985230,4.656414999999999,0.08121892608068448,capacity-balanced inferred shortest-path assignment on OSM streets; not an as-built feeder
SYN-2605,220232167,Novi Sad 7 - Juzni Telep,3129685089,2.091435,0.08121892608068448,capacity-balanced inferred shortest-path assignment on OSM streets; not an as-built feeder
SYN-2606,220232167,Novi Sad 7 - Juzni Telep,3068139009,3.949960999999999,0.08121892608068448,capacity-balanced inferred shortest-path assignment on OSM streets; not an as-built feeder
SYN-2607,220232167,Novi Sad 7 - Juzni Telep,1213463498,2.185377,0.08121892608068448,capacity-balanced inferred shortest-path assignment on OSM streets; not an as-built feeder
SYN-2608,220232167,Novi Sad 7 - Juzni Telep,3189156974,3.6873339999999994,0.08121892608068448,capacity-balanced inferred shortest-path assignment on OSM streets; not an as-built feeder
SYN-2609,220232167,Novi Sad 7 - Juzni Telep,3071806997,2.5744100000000003,0.08121892608068448,capacity-balanced inferred shortest-path assignment on OSM streets; not an as-built feeder
SYN-2610,220232167,Novi Sad 7 - Juzni Telep,3797783877,2.500698999999999,0.08121892608068448,capacity-balanced inferred shortest-path assignment on OSM streets; not an as-built feeder
SYN-2611,220232167,Novi Sad 7 - Juzni Telep,10789918852,2.7826079999999997,0.08121892608068448,capacity-balanced inferred shortest-path assignment on OSM streets; not an as-built feeder
SYN-2612,220232167,Novi Sad 7 - Juzni Telep,363661793,2.0074409999999996,0.08121892608068448,capacity-balanced inferred shortest-path assignment on OSM streets; not an as-built feeder
SYN-2613,220232167,Novi Sad 7 - Juzni Telep,3079766665,1.9022949999999998,0.08121892608068448,capacity-balanced inferred shortest-path assignment on OSM streets; not an as-built feeder
SYN-2614,220232167,Novi Sad 7 - Juzni Telep,3398529849,1.101911,0.08121892608068448,capacity-balanced inferred shortest-path assignment on OSM streets; not an as-built feeder
SYN-2615,220232167,Novi Sad 7 - Juzni Telep,11116155158,3.826588999999999,0.08121892608068448,capacity-balanced inferred shortest-path assignment on OSM streets; not an as-built feeder
SYN-2616,220232167,Novi Sad 7 - Juzni Telep,3398391545,1.547188,0.08121892608068448,capacity-balanced inferred shortest-path assignment on OSM streets; not an as-built feeder
SYN-2617,220232167,Novi Sad 7 - Juzni Telep,1375666091,1.4463710000000003,0.08121892608068448,capacity-balanced inferred shortest-path assignment on OSM streets; not an as-built feeder
SYN-2618,220232167,Novi Sad 7 - Juzni Telep,3401896811,3.7454619999999994,0.08121892608068448,capacity-balanced inferred shortest-path assignment on OSM streets; not an as-built feeder
SYN-2619,220232167,Novi Sad 7 - Juzni Telep,3190249905,2.3063479999999994,0.08121892608068448,capacity-balanced inferred shortest-path assignment on OSM streets; not an as-built feeder
SYN-2620,220232167,Novi Sad 7 - Juzni Telep,1213463890,3.8290909999999996,0.08121892608068448,capacity-balanced inferred shortest-path assignment on OSM streets; not an as-built feeder
SYN-2621,220232167,Novi Sad 7 - Juzni Telep,2915816050,2.286929,0.08121892608068448,capacity-balanced inferred shortest-path assignment on OSM streets; not an as-built feeder
SYN-2622,220232167,Novi Sad 7 - Juzni Telep,3062199254,3.704427999999999,0.08121892608068448,capacity-balanced inferred shortest-path assignment on OSM streets; not an as-built feeder
SYN-2623,220232167,Novi Sad 7 - Juzni Telep,3190249905,2.3063479999999994,0.08121892608068448,capacity-balanced inferred shortest-path assignment on OSM streets; not an as-built feeder
SYN-2624,220232167,Novi Sad 7 - Juzni Telep,1213463704,2.921191999999999,0.08121892608068448,capacity-balanced inferred shortest-path assignment on OSM streets; not an as-built feeder
SYN-2625,220232167,Novi Sad 7 - Juzni Telep,3068264948,1.7252699999999999,0.08121892608068448,capacity-balanced inferred shortest-path assignment on OSM streets; not an as-built feeder
SYN-2626,220232167,Novi Sad 7 - Juzni Telep,11409525647,2.6932499999999995,0.08121892608068448,capacity-balanced inferred shortest-path assignment on OSM streets; not an as-built feeder
SYN-2627,220232167,Novi Sad 7 - Juzni Telep,3403699291,4.143227999999999,0.08121892608068448,capacity-balanced inferred shortest-path assignment on OSM streets; not an as-built feeder
SYN-2628,220232167,Novi Sad 7 - Juzni Telep,1213463923,3.341243,0.08121892608068448,capacity-balanced inferred shortest-path assignment on OSM streets; not an as-built feeder
SYN-2629,220232167,Novi Sad 7 - Juzni Telep,12963317094,2.9320190000000004,0.08121892608068448,capacity-balanced inferred shortest-path assignment on OSM streets; not an as-built feeder
SYN-2630,220232167,Novi Sad 7 - Juzni Telep,12976733127,3.417289,0.08121892608068448,capacity-balanced inferred shortest-path assignment on OSM streets; not an as-built feeder
SYN-2631,220232167,Novi Sad 7 - Juzni Telep,922841194,3.408831,0.08121892608068448,capacity-balanced inferred shortest-path assignment on OSM streets; not an as-built feeder
SYN-2632,220232167,Novi Sad 7 - Juzni Telep,3398542090,0.9049200000000001,0.08121892608068448,capacity-balanced inferred shortest-path assignment on OSM streets; not an as-built feeder
SYN-2633,220232167,Novi Sad 7 - Juzni Telep,3758471929,1.488262,0.08121892608068448,capacity-balanced inferred shortest-path assignment on OSM streets; not an as-built feeder
SYN-2634,220232167,Novi Sad 7 - Juzni Telep,1659110432,4.0658759999999985,0.08121892608068448,capacity-balanced inferred shortest-path assignment on OSM streets; not an as-built feeder
SYN-2635,220232167,Novi Sad 7 - Juzni Telep,3068271219,2.0085049999999995,0.08121892608068448,capacity-balanced inferred shortest-path assignment on OSM streets; not an as-built feeder
SYN-2636,220232167,Novi Sad 7 - Juzni Telep,2915816061,1.883584,0.08121892608068448,capacity-balanced inferred shortest-path assignment on OSM streets; not an as-built feeder
SYN-2637,220232167,Novi Sad 7 - Juzni Telep,3080143637,1.8832289999999998,0.08121892608068448,capacity-balanced inferred shortest-path assignment on OSM streets; not an as-built feeder
SYN-2638,220232167,Novi Sad 7 - Juzni Telep,3181939391,2.3147620000000004,0.08121892608068448,capacity-balanced inferred shortest-path assignment on OSM streets; not an as-built feeder
SYN-2639,220232167,Novi Sad 7 - Juzni Telep,1213464159,2.826393,0.08121892608068448,capacity-balanced inferred shortest-path assignment on OSM streets; not an as-built feeder
SYN-2640,220232167,Novi Sad 7 - Juzni Telep,1229948824,4.010332999999999,0.08121892608068448,capacity-balanced inferred shortest-path assignment on OSM streets; not an as-built feeder
SYN-2641,220232167,Novi Sad 7 - Juzni Telep,1230711047,2.2430289999999995,0.08121892608068448,capacity-balanced inferred shortest-path assignment on OSM streets; not an as-built feeder
SYN-2642,220232167,Novi Sad 7 - Juzni Telep,1229948858,2.9156329999999997,0.08121892608068448,capacity-balanced inferred shortest-path assignment on OSM streets; not an as-built feeder
SYN-2643,220232167,Novi Sad 7 - Juzni Telep,3398391544,1.5421010000000002,0.08121892608068448,capacity-balanced inferred shortest-path assignment on OSM streets; not an as-built feeder
SYN-2644,220232167,Novi Sad 7 - Juzni Telep,12374164170,2.9421500000000003,0.08121892608068448,capacity-balanced inferred shortest-path assignment on OSM streets; not an as-built feeder
SYN-2645,220232167,Novi Sad 7 - Juzni Telep,3128084203,2.661204,0.08121892608068448,capacity-balanced inferred shortest-path assignment on OSM streets; not an as-built feeder
SYN-2646,220232167,Novi Sad 7 - Juzni Telep,3181939439,2.280933,0.08121892608068448,capacity-balanced inferred shortest-path assignment on OSM streets; not an as-built feeder
SYN-2647,220232167,Novi Sad 7 - Juzni Telep,1229948858,2.9156329999999997,0.08121892608068448,capacity-balanced inferred shortest-path assignment on OSM streets; not an as-built feeder
SYN-2648,220232167,Novi Sad 7 - Juzni Telep,3181892666,2.6549300000000007,0.08121892607636914,capacity-balanced inferred shortest-path assignment on OSM streets; not an as-built feeder
SYN-0006,359523533,Novi Sad 9 - Rafinerija,3574776898,1.1651509999999998,0.08359118932179689,capacity-balanced inferred shortest-path assignment on OSM streets; not an as-built feeder
SYN-0007,359523533,Novi Sad 9 - Rafinerija,1230711792,1.3582349999999999,0.08359118932179689,capacity-balanced inferred shortest-path assignment on OSM streets; not an as-built feeder
SYN-0008,359523533,Novi Sad 9 - Rafinerija,3574776898,1.1651509999999998,0.08359118932179689,capacity-balanced inferred shortest-path assignment on OSM streets; not an as-built feeder
SYN-0009,359523533,Novi Sad 9 - Rafinerija,3574776883,1.213345,0.08359118932179689,capacity-balanced inferred shortest-path assignment on OSM streets; not an as-built feeder
SYN-0010,359523533,Novi Sad 9 - Rafinerija,3574776898,1.1651509999999998,0.08359118932179689,capacity-balanced inferred shortest-path assignment on OSM streets; not an as-built feeder
SYN-0011,359523533,Novi Sad 9 - Rafinerija,3574776883,1.213345,0.08359118932179689,capacity-balanced inferred shortest-path assignment on OSM streets; not an as-built feeder
SYN-0012,359523533,Novi Sad 9 - Rafinerija,3574776799,1.3081919999999998,0.08359118932179689,capacity-balanced inferred shortest-path assignment on OSM streets; not an as-built feeder
SYN-0143,359523533,Novi Sad 9 - Rafinerija,7467743081,2.288384,0.08891427114180007,capacity-balanced inferred shortest-path assignment on OSM streets; not an as-built feeder
SYN-0144,359523533,Novi Sad 9 - Rafinerija,7467743068,2.224228,0.08891427114180007,capacity-balanced inferred shortest-path assignment on OSM streets; not an as-built feeder
SYN-0145,359523533,Novi Sad 9 - Rafinerija,7467743076,2.360593,0.08891427114180007,capacity-balanced inferred shortest-path assignment on OSM streets; not an as-built feeder
SYN-0237,359523533,Novi Sad 9 - Rafinerija,9363917447,3.9888080000000015,0.11288960822470104,capacity-balanced inferred shortest-path assignment on OSM streets; not an as-built feeder
SYN-0238,359523533,Novi Sad 9 - Rafinerija,3833941615,3.9938840000000004,0.11288960822470104,capacity-balanced inferred shortest-path assignment on OSM streets; not an as-built feeder
SYN-0239,359523533,Novi Sad 9 - Rafinerija,12399591111,3.5836799999999975,0.089776261869313,capacity-balanced inferred shortest-path assignment on OSM streets; not an as-built feeder
SYN-0240,359523533,Novi Sad 9 - Rafinerija,12399591111,3.5836799999999975,0.089776261869313,capacity-balanced inferred shortest-path assignment on OSM streets; not an as-built feeder
SYN-0241,359523533,Novi Sad 9 - Rafinerija,1573829836,3.6822199999999974,0.089776261869313,capacity-balanced inferred shortest-path assignment on OSM streets; not an as-built feeder
SYN-0242,359523533,Novi Sad 9 - Rafinerija,1573829853,3.6231599999999977,0.089776261869313,capacity-balanced inferred shortest-path assignment on OSM streets; not an as-built feeder
SYN-0243,359523533,Novi Sad 9 - Rafinerija,1573824971,3.5200709999999975,0.089776261869313,capacity-balanced inferred shortest-path assignment on OSM streets; not an as-built feeder
SYN-0253,359523533,Novi Sad 9 - Rafinerija,11931707942,3.602728999999998,0.08386703373228063,capacity-balanced inferred shortest-path assignment on OSM streets; not an as-built feeder
SYN-0254,359523533,Novi Sad 9 - Rafinerija,1573824996,3.6196669999999975,0.08386703373228063,capacity-balanced inferred shortest-path assignment on OSM streets; not an as-built feeder
SYN-0255,359523533,Novi Sad 9 - Rafinerija,1573824990,3.665078999999998,0.08386703373228063,capacity-balanced inferred shortest-path assignment on OSM streets; not an as-built feeder
SYN-0256,359523533,Novi Sad 9 - Rafinerija,3175714689,3.5600599999999982,0.08386703373228063,capacity-balanced inferred shortest-path assignment on OSM streets; not an as-built feeder
SYN-0257,359523533,Novi Sad 9 - Rafinerija,11931707934,3.616730999999998,0.08386703373228063,capacity-balanced inferred shortest-path assignment on OSM streets; not an as-built feeder
SYN-0258,359523533,Novi Sad 9 - Rafinerija,3175714686,3.607656999999998,0.08386703373228063,capacity-balanced inferred shortest-path assignment on OSM streets; not an as-built feeder
SYN-0259,359523533,Novi Sad 9 - Rafinerija,1573824996,3.6196669999999975,0.08386703373228063,capacity-balanced inferred shortest-path assignment on OSM streets; not an as-built feeder
SYN-0271,359523533,Novi Sad 9 - Rafinerija,10979742430,3.8187739999999972,0.08876588049991732,capacity-balanced inferred shortest-path assignment on OSM streets; not an as-built feeder
SYN-0272,359523533,Novi Sad 9 - Rafinerija,1573829824,3.7461219999999975,0.08876588049991732,capacity-balanced inferred shortest-path assignment on OSM streets; not an as-built feeder
SYN-0274,359523533,Novi Sad 9 - Rafinerija,3175714496,3.527610999999998,0.04494341484020678,capacity-balanced inferred shortest-path assignment on OSM streets; not an as-built feeder
SYN-0292,359523533,Novi Sad 9 - Rafinerija,11942789918,4.071221,0.08946628732653691,capacity-balanced inferred shortest-path assignment on OSM streets; not an as-built feeder
SYN-0293,359523533,Novi Sad 9 - Rafinerija,11942789918,4.071221,0.08946628732653691,capacity-balanced inferred shortest-path assignment on OSM streets; not an as-built feeder
SYN-0575,359523533,Novi Sad 9 - Rafinerija,7331702801,1.1132730000000002,0.1374859002654831,capacity-balanced inferred shortest-path assignment on OSM streets; not an as-built feeder
SYN-0786,359523533,Novi Sad 9 - Rafinerija,3625370712,3.784483999999999,0.017423330302261474,capacity-balanced inferred shortest-path assignment on OSM streets; not an as-built feeder
SYN-0789,359523533,Novi Sad 9 - Rafinerija,3574060060,0.755327,0.08177437607499768,capacity-balanced inferred shortest-path assignment on OSM streets; not an as-built feeder
SYN-0790,359523533,Novi Sad 9 - Rafinerija,3574060060,0.755327,0.08177437607499768,capacity-balanced inferred shortest-path assignment on OSM streets; not an as-built feeder
SYN-0791,359523533,Novi Sad 9 - Rafinerija,1675139683,0.604324,0.08177437607499768,capacity-balanced inferred shortest-path assignment on OSM streets; not an as-built feeder
SYN-0792,359523533,Novi Sad 9 - Rafinerija,11192186450,0.9195619999999999,0.08177437607499768,capacity-balanced inferred shortest-path assignment on OSM streets; not an as-built feeder
SYN-0793,359523533,Novi Sad 9 - Rafinerija,11192318843,0.8677749999999999,0.08177437607499768,capacity-balanced inferred shortest-path assignment on OSM streets; not an as-built feeder
SYN-0794,359523533,Novi Sad 9 - Rafinerija,11192186455,0.8143549999999999,0.08177437607499768,capacity-balanced inferred shortest-path assignment on OSM streets; not an as-built feeder
SYN-0795,359523533,Novi Sad 9 - Rafinerija,11192310135,0.980695,0.08177437607499768,capacity-balanced inferred shortest-path assignment on OSM streets; not an as-built feeder
SYN-0796,359523533,Novi Sad 9 - Rafinerija,1675139763,0.574465,0.08177437607499768,capacity-balanced inferred shortest-path assignment on OSM streets; not an as-built feeder
SYN-0797,359523533,Novi Sad 9 - Rafinerija,11192186456,0.7310949999999999,0.08177437607499768,capacity-balanced inferred shortest-path assignment on OSM streets; not an as-built feeder
SYN-0798,359523533,Novi Sad 9 - Rafinerija,1230711797,0.318437,0.08177437607499768,capacity-balanced inferred shortest-path assignment on OSM streets; not an as-built feeder
SYN-0799,359523533,Novi Sad 9 - Rafinerija,11192186452,0.8920669999999999,0.08177437607499768,capacity-balanced inferred shortest-path assignment on OSM streets; not an as-built feeder
SYN-0800,359523533,Novi Sad 9 - Rafinerija,11192186456,0.7310949999999999,0.08177437607499768,capacity-balanced inferred shortest-path assignment on OSM streets; not an as-built feeder
SYN-0801,359523533,Novi Sad 9 - Rafinerija,7606033134,0.13761199999999998,0.08177437607499768,capacity-balanced inferred shortest-path assignment on OSM streets; not an as-built feeder
SYN-0802,359523533,Novi Sad 9 - Rafinerija,11192186450,0.9195619999999999,0.08177437607499768,capacity-balanced inferred shortest-path assignment on OSM streets; not an as-built feeder
SYN-0803,359523533,Novi Sad 9 - Rafinerija,1230711797,0.318437,0.08177437607499768,capacity-balanced inferred shortest-path assignment on OSM streets; not an as-built feeder
SYN-0804,359523533,Novi Sad 9 - Rafinerija,1675139683,0.604324,0.08177437607499768,capacity-balanced inferred shortest-path assignment on OSM streets; not an as-built feeder
SYN-0805,359523533,Novi Sad 9 - Rafinerija,11192186454,0.8923049999999999,0.08177437607499768,capacity-balanced inferred shortest-path assignment on OSM streets; not an as-built feeder
SYN-0806,359523533,Novi Sad 9 - Rafinerija,11192186456,0.7310949999999999,0.08177437607499768,capacity-balanced inferred shortest-path assignment on OSM streets; not an as-built feeder
SYN-0823,359523533,Novi Sad 9 - Rafinerija,1230711241,1.59358,0.04040711231802712,capacity-balanced inferred shortest-path assignment on OSM streets; not an as-built feeder
SYN-0827,359523533,Novi Sad 9 - Rafinerija,11946078367,3.730644999999998,0.11978806489718649,capacity-balanced inferred shortest-path assignment on OSM streets; not an as-built feeder
SYN-0829,359523533,Novi Sad 9 - Rafinerija,3061845651,3.9675160000000016,0.05183331714941212,capacity-balanced inferred shortest-path assignment on OSM streets; not an as-built feeder
SYN-0830,359523533,Novi Sad 9 - Rafinerija,11931663270,3.8909160000000007,0.08922754373619428,capacity-balanced inferred shortest-path assignment on OSM streets; not an as-built feeder
SYN-0831,359523533,Novi Sad 9 - Rafinerija,11931627447,3.785194999999999,0.08922754373619428,capacity-balanced inferred shortest-path assignment on OSM streets; not an as-built feeder
SYN-0832,359523533,Novi Sad 9 - Rafinerija,8621707523,3.751875999999998,0.08922754373619428,capacity-balanced inferred shortest-path assignment on OSM streets; not an as-built feeder
SYN-0833,359523533,Novi Sad 9 - Rafinerija,11931627426,4.016721,0.08922754373619428,capacity-balanced inferred shortest-path assignment on OSM streets; not an as-built feeder
SYN-0834,359523533,Novi Sad 9 - Rafinerija,9363917455,3.804897999999999,0.08922754373619428,capacity-balanced inferred shortest-path assignment on OSM streets; not an as-built feeder
SYN-1007,359523533,Novi Sad 9 - Rafinerija,1675130108,2.478642999999999,0.08381427532930769,capacity-balanced inferred shortest-path assignment on OSM streets; not an as-built feeder
SYN-1008,359523533,Novi Sad 9 - Rafinerija,1675130031,2.354472999999999,0.08381427532930769,capacity-balanced inferred shortest-path assignment on OSM streets; not an as-built feeder
SYN-1009,359523533,Novi Sad 9 - Rafinerija,3975118740,2.3906519999999998,0.08381427532930769,capacity-balanced inferred shortest-path assignment on OSM streets; not an as-built feeder
SYN-1010,359523533,Novi Sad 9 - Rafinerija,3975118754,2.4076939999999993,0.08381427532930769,capacity-balanced inferred shortest-path assignment on OSM streets; not an as-built feeder
SYN-1011,359523533,Novi Sad 9 - Rafinerija,3975128477,2.1477729999999995,0.08381427532930769,capacity-balanced inferred shortest-path assignment on OSM streets; not an as-built feeder
SYN-1012,359523533,Novi Sad 9 - Rafinerija,1675130031,2.354472999999999,0.08381427532930769,capacity-balanced inferred shortest-path assignment on OSM streets; not an as-built feeder
SYN-1013,359523533,Novi Sad 9 - Rafinerija,3989339130,2.550318999999999,0.08381427532930769,capacity-balanced inferred shortest-path assignment on OSM streets; not an as-built feeder
SYN-1014,359523533,Novi Sad 9 - Rafinerija,1675129840,1.7930559999999998,0.11114942337105223,capacity-balanced inferred shortest-path assignment on OSM streets; not an as-built feeder
SYN-1015,359523533,Novi Sad 9 - Rafinerija,1675129840,1.7930559999999998,0.11114942337105223,capacity-balanced inferred shortest-path assignment on OSM streets; not an as-built feeder
SYN-1018,359523533,Novi Sad 9 - Rafinerija,3642324888,1.020194,0.03981198009335658,capacity-balanced inferred shortest-path assignment on OSM streets; not an as-built feeder
SYN-1019,359523533,Novi Sad 9 - Rafinerija,3642324888,1.020194,0.03981198009335658,capacity-balanced inferred shortest-path assignment on OSM streets; not an as-built feeder
SYN-1020,359523533,Novi Sad 9 - Rafinerija,3642324894,0.595519,0.08257137516735914,capacity-balanced inferred shortest-path assignment on OSM streets; not an as-built feeder
SYN-1021,359523533,Novi Sad 9 - Rafinerija,3642324941,0.62963,0.08257137516735914,capacity-balanced inferred shortest-path assignment on OSM streets; not an as-built feeder
SYN-1022,359523533,Novi Sad 9 - Rafinerija,3642324965,0.7404010000000001,0.08257137516735914,capacity-balanced inferred shortest-path assignment on OSM streets; not an as-built feeder
SYN-1023,359523533,Novi Sad 9 - Rafinerija,3999060090,0.777256,0.08257137516735914,capacity-balanced inferred shortest-path assignment on OSM streets; not an as-built feeder
SYN-1024,359523533,Novi Sad 9 - Rafinerija,3642238030,0.6125940000000001,0.08257137516735914,capacity-balanced inferred shortest-path assignment on OSM streets; not an as-built feeder
SYN-1025,359523533,Novi Sad 9 - Rafinerija,3999066513,0.740995,0.08257137516735914,capacity-balanced inferred shortest-path assignment on OSM streets; not an as-built feeder
SYN-1026,359523533,Novi Sad 9 - Rafinerija,3642324965,0.7404010000000001,0.08257137516735914,capacity-balanced inferred shortest-path assignment on OSM streets; not an as-built feeder
SYN-1027,359523533,Novi Sad 9 - Rafinerija,3999066474,0.971625,0.07820877780543421,capacity-balanced inferred shortest-path assignment on OSM streets; not an as-built feeder
SYN-1028,359523533,Novi Sad 9 - Rafinerija,3975104595,1.488949,0.07820877780543421,capacity-balanced inferred shortest-path assignment on OSM streets; not an as-built feeder
SYN-1029,359523533,Novi Sad 9 - Rafinerija,3999060150,0.894728,0.08100737348206576,capacity-balanced inferred shortest-path assignment on OSM streets; not an as-built feeder
SYN-1030,359523533,Novi Sad 9 - Rafinerija,3999060108,0.965817,0.08100737348206576,capacity-balanced inferred shortest-path assignment on OSM streets; not an as-built feeder
SYN-1031,359523533,Novi Sad 9 - Rafinerija,3999060130,0.84475,0.08100737348206576,capacity-balanced inferred shortest-path assignment on OSM streets; not an as-built feeder
SYN-1032,359523533,Novi Sad 9 - Rafinerija,3999060145,0.980971,0.08100737348206576,capacity-balanced inferred shortest-path assignment on OSM streets; not an as-built feeder
SYN-1033,359523533,Novi Sad 9 - Rafinerija,3999060128,0.8007839999999999,0.08100737348206576,capacity-balanced inferred shortest-path assignment on OSM streets; not an as-built feeder
SYN-1034,359523533,Novi Sad 9 - Rafinerija,3999060113,0.964967,0.08100737348206576,capacity-balanced inferred shortest-path assignment on OSM streets; not an as-built feeder
SYN-1035,359523533,Novi Sad 9 - Rafinerija,3999066540,0.8781789999999999,0.08100737348206576,capacity-balanced inferred shortest-path assignment on OSM streets; not an as-built feeder
SYN-1036,359523533,Novi Sad 9 - Rafinerija,3999060128,0.8007839999999999,0.08100737348206576,capacity-balanced inferred shortest-path assignment on OSM streets; not an as-built feeder
SYN-1037,359523533,Novi Sad 9 - Rafinerija,3999060107,0.856087,0.08100737348206576,capacity-balanced inferred shortest-path assignment on OSM streets; not an as-built feeder
SYN-1049,359523533,Novi Sad 9 - Rafinerija,6008610311,2.3855660000000003,0.083845433323154,capacity-balanced inferred shortest-path assignment on OSM streets; not an as-built feeder
SYN-1050,359523533,Novi Sad 9 - Rafinerija,10588604811,2.345334,0.083845433323154,capacity-balanced inferred shortest-path assignment on OSM streets; not an as-built feeder
SYN-1051,359523533,Novi Sad 9 - Rafinerija,6008610310,2.3386890000000005,0.083845433323154,capacity-balanced inferred shortest-path assignment on OSM streets; not an as-built feeder
SYN-1052,359523533,Novi Sad 9 - Rafinerija,6008610296,2.2918179999999997,0.083845433323154,capacity-balanced inferred shortest-path assignment on OSM streets; not an as-built feeder
SYN-1053,359523533,Novi Sad 9 - Rafinerija,6008610303,2.195883,0.083845433323154,capacity-balanced inferred shortest-path assignment on OSM streets; not an as-built feeder
SYN-1054,359523533,Novi Sad 9 - Rafinerija,6008610306,2.248703,0.083845433323154,capacity-balanced inferred shortest-path assignment on OSM streets; not an as-built feeder
SYN-1055,359523533,Novi Sad 9 - Rafinerija,9643517221,2.229655,0.083845433323154,capacity-balanced inferred shortest-path assignment on OSM streets; not an as-built feeder
SYN-1056,359523533,Novi Sad 9 - Rafinerija,6008610296,2.2918179999999997,0.083845433323154,capacity-balanced inferred shortest-path assignment on OSM streets; not an as-built feeder
SYN-1057,359523533,Novi Sad 9 - Rafinerija,12830286216,2.3080040000000004,0.083845433323154,capacity-balanced inferred shortest-path assignment on OSM streets; not an as-built feeder
SYN-1058,359523533,Novi Sad 9 - Rafinerija,6008610313,2.4998580000000006,0.083845433323154,capacity-balanced inferred shortest-path assignment on OSM streets; not an as-built feeder
SYN-1059,359523533,Novi Sad 9 - Rafinerija,13160062698,4.304590999999999,0.08008433619673659,capacity-balanced inferred shortest-path assignment on OSM streets; not an as-built feeder
SYN-1060,359523533,Novi Sad 9 - Rafinerija,7032903423,4.511850000000001,0.08008433619673659,capacity-balanced inferred shortest-path assignment on OSM streets; not an as-built feeder
SYN-1061,359523533,Novi Sad 9 - Rafinerija,7032903425,4.454005000000001,0.08008433619673659,capacity-balanced inferred shortest-path assignment on OSM streets; not an as-built feeder
SYN-1062,359523533,Novi Sad 9 - Rafinerija,7032903423,4.511850000000001,0.08008433619673659,capacity-balanced inferred shortest-path assignment on OSM streets; not an as-built feeder
SYN-1063,359523533,Novi Sad 9 - Rafinerija,7032903433,4.931553000000001,0.08008433619673659,capacity-balanced inferred shortest-path assignment on OSM streets; not an as-built feeder
SYN-1064,359523533,Novi Sad 9 - Rafinerija,7032903438,4.554507,0.08008433619673659,capacity-balanced inferred shortest-path assignment on OSM streets; not an as-built feeder
SYN-1065,359523533,Novi Sad 9 - Rafinerija,13160062698,4.304590999999999,0.08008433619673659,capacity-balanced inferred shortest-path assignment on OSM streets; not an as-built feeder
SYN-1066,359523533,Novi Sad 9 - Rafinerija,8974275122,4.412525,0.08008433619673659,capacity-balanced inferred shortest-path assignment on OSM streets; not an as-built feeder
SYN-1067,359523533,Novi Sad 9 - Rafinerija,7032903441,4.619764000000001,0.08008433619673659,capacity-balanced inferred shortest-path assignment on OSM streets; not an as-built feeder
SYN-1068,359523533,Novi Sad 9 - Rafinerija,7032903439,4.545652000000001,0.08008433619673659,capacity-balanced inferred shortest-path assignment on OSM streets; not an as-built feeder
SYN-1069,359523533,Novi Sad 9 - Rafinerija,2327184783,4.2820920000000005,0.08008433619673659,capacity-balanced inferred shortest-path assignment on OSM streets; not an as-built feeder
SYN-1070,359523533,Novi Sad 9 - Rafinerija,7032903434,4.937236,0.08008433619673659,capacity-balanced inferred shortest-path assignment on OSM streets; not an as-built feeder
SYN-1071,359523533,Novi Sad 9 - Rafinerija,7032903429,4.762856000000001,0.08008433619673659,capacity-balanced inferred shortest-path assignment on OSM streets; not an as-built feeder
SYN-1072,359523533,Novi Sad 9 - Rafinerija,7032903432,4.922290000000001,0.08008433619673659,capacity-balanced inferred shortest-path assignment on OSM streets; not an as-built feeder
SYN-1073,359523533,Novi Sad 9 - Rafinerija,7032903429,4.762856000000001,0.08008433619673659,capacity-balanced inferred shortest-path assignment on OSM streets; not an as-built feeder
SYN-1074,359523533,Novi Sad 9 - Rafinerija,7032903439,4.545652000000001,0.08008433619673659,capacity-balanced inferred shortest-path assignment on OSM streets; not an as-built feeder
SYN-1075,359523533,Novi Sad 9 - Rafinerija,9643517229,2.0591890000000004,0.07954555363849398,capacity-balanced inferred shortest-path assignment on OSM streets; not an as-built feeder
SYN-1076,359523533,Novi Sad 9 - Rafinerija,9643517218,2.032048,0.07954555363849398,capacity-balanced inferred shortest-path assignment on OSM streets; not an as-built feeder
SYN-1077,359523533,Novi Sad 9 - Rafinerija,9643517221,2.229655,0.07954555363849398,capacity-balanced inferred shortest-path assignment on OSM streets; not an as-built feeder
SYN-1078,359523533,Novi Sad 9 - Rafinerija,9643517226,2.15073,0.07954555363849398,capacity-balanced inferred shortest-path assignment on OSM streets; not an as-built feeder
SYN-1079,359523533,Novi Sad 9 - Rafinerija,9643517221,2.229655,0.07954555363849398,capacity-balanced inferred shortest-path assignment on OSM streets; not an as-built feeder
SYN-1080,359523533,Novi Sad 9 - Rafinerija,9643517230,1.925092,0.07954555363849398,capacity-balanced inferred shortest-path assignment on OSM streets; not an as-built feeder
SYN-1081,359523533,Novi Sad 9 - Rafinerija,9643517221,2.229655,0.07954555363849398,capacity-balanced inferred shortest-path assignment on OSM streets; not an as-built feeder
SYN-1082,359523533,Novi Sad 9 - Rafinerija,6709314709,1.8505939999999999,0.07954555363849398,capacity-balanced inferred shortest-path assignment on OSM streets; not an as-built feeder
SYN-1245,359523533,Novi Sad 9 - Rafinerija,6774630163,2.722316,0.03646442586326173,capacity-balanced inferred shortest-path assignment on OSM streets; not an as-built feeder
SYN-1246,359523533,Novi Sad 9 - Rafinerija,3707358381,1.8106349999999998,0.08283469580425405,capacity-balanced inferred shortest-path assignment on OSM streets; not an as-built feeder
SYN-1247,359523533,Novi Sad 9 - Rafinerija,3707358381,1.8106349999999998,0.08283469580425405,capacity-balanced inferred shortest-path assignment on OSM streets; not an as-built feeder
SYN-1248,359523533,Novi Sad 9 - Rafinerija,3707358441,2.4342490000000003,0.08283469580425405,capacity-balanced inferred shortest-path assignment on OSM streets; not an as-built feeder
SYN-1249,359523533,Novi Sad 9 - Rafinerija,3707358381,1.8106349999999998,0.08283469580425405,capacity-balanced inferred shortest-path assignment on OSM streets; not an as-built feeder
SYN-1250,359523533,Novi Sad 9 - Rafinerija,3707358392,1.947533,0.08283469580425405,capacity-balanced inferred shortest-path assignment on OSM streets; not an as-built feeder
SYN-1251,359523533,Novi Sad 9 - Rafinerija,3707358376,1.9823199999999996,0.08283469580425405,capacity-balanced inferred shortest-path assignment on OSM streets; not an as-built feeder
SYN-1252,359523533,Novi Sad 9 - Rafinerija,3707372616,1.863438,0.08283469580425405,capacity-balanced inferred shortest-path assignment on OSM streets; not an as-built feeder
SYN-1253,359523533,Novi Sad 9 - Rafinerija,3707358426,2.115973,0.08283469580425405,capacity-balanced inferred shortest-path assignment on OSM streets; not an as-built feeder
SYN-1254,359523533,Novi Sad 9 - Rafinerija,3707358382,2.1954730000000002,0.08283469580425405,capacity-balanced inferred shortest-path assignment on OSM streets; not an as-built feeder
SYN-1255,359523533,Novi Sad 9 - Rafinerija,3707358465,1.733209,0.08283469580425405,capacity-balanced inferred shortest-path assignment on OSM streets; not an as-built feeder
SYN-1256,359523533,Novi Sad 9 - Rafinerija,3707358380,1.700602,0.08283469580425405,capacity-balanced inferred shortest-path assignment on OSM streets; not an as-built feeder
SYN-1257,359523533,Novi Sad 9 - Rafinerija,3707358463,1.929827,0.08283469580425405,capacity-balanced inferred shortest-path assignment on OSM streets; not an as-built feeder
SYN-1258,359523533,Novi Sad 9 - Rafinerija,3707358420,1.903393,0.08283469580425405,capacity-balanced inferred shortest-path assignment on OSM streets; not an as-built feeder
SYN-1259,359523533,Novi Sad 9 - Rafinerija,3707358462,1.955498,0.08283469580425405,capacity-balanced inferred shortest-path assignment on OSM streets; not an as-built feeder
SYN-1260,359523533,Novi Sad 9 - Rafinerija,3707358378,2.018347,0.08283469580425405,capacity-balanced inferred shortest-path assignment on OSM streets; not an as-built feeder
SYN-1261,359523533,Novi Sad 9 - Rafinerija,6774630213,2.03295,0.08283469580425405,capacity-balanced inferred shortest-path assignment on OSM streets; not an as-built feeder
SYN-1262,359523533,Novi Sad 9 - Rafinerija,3707358441,2.4342490000000003,0.08283469580425405,capacity-balanced inferred shortest-path assignment on OSM streets; not an as-built feeder
SYN-1263,359523533,Novi Sad 9 - Rafinerija,3707358466,1.609096,0.08283469580425405,capacity-balanced inferred shortest-path assignment on OSM streets; not an as-built feeder
SYN-1264,359523533,Novi Sad 9 - Rafinerija,3707358449,2.322499,0.08283469580425405,capacity-balanced inferred shortest-path assignment on OSM streets; not an as-built feeder
SYN-1265,359523533,Novi Sad 9 - Rafinerija,6774630214,2.094192,0.08283469580425405,capacity-balanced inferred shortest-path assignment on OSM streets; not an as-built feeder
SYN-1266,359523533,Novi Sad 9 - Rafinerija,3707358461,1.972091,0.08283469580425405,capacity-balanced inferred shortest-path assignment on OSM streets; not an as-built feeder
SYN-1267,359523533,Novi Sad 9 - Rafinerija,3707358377,2.212236,0.08283469580425405,capacity-balanced inferred shortest-path assignment on OSM streets; not an as-built feeder
SYN-1268,359523533,Novi Sad 9 - Rafinerija,3707358385,2.064547,0.08283469580425405,capacity-balanced inferred shortest-path assignment on OSM streets; not an as-built feeder
SYN-1269,359523533,Novi Sad 9 - Rafinerija,3707358433,2.313786,0.08283469580425405,capacity-balanced inferred shortest-path assignment on OSM streets; not an as-built feeder
SYN-1270,359523533,Novi Sad 9 - Rafinerija,3707358436,2.337987,0.08283469580425405,capacity-balanced inferred shortest-path assignment on OSM streets; not an as-built feeder
SYN-1271,359523533,Novi Sad 9 - Rafinerija,3707358381,1.8106349999999998,0.08283469580425405,capacity-balanced inferred shortest-path assignment on OSM streets; not an as-built feeder
SYN-1272,359523533,Novi Sad 9 - Rafinerija,6774630214,2.094192,0.08283469580425405,capacity-balanced inferred shortest-path assignment on OSM streets; not an as-built feeder
SYN-1347,359523533,Novi Sad 9 - Rafinerija,1453800180,3.644928999999998,0.05256999978576584,capacity-balanced inferred shortest-path assignment on OSM streets; not an as-built feeder
SYN-1715,359523533,Novi Sad 9 - Rafinerija,13318350308,4.5322130000000005,0.08404129195057779,capacity-balanced inferred shortest-path assignment on OSM streets; not an as-built feeder
SYN-1717,359523533,Novi Sad 9 - Rafinerija,6775149448,4.226280000000001,0.08201334189745285,capacity-balanced inferred shortest-path assignment on OSM streets; not an as-built feeder
SYN-1718,359523533,Novi Sad 9 - Rafinerija,3215706921,4.130911000000001,0.08201334189745285,capacity-balanced inferred shortest-path assignment on OSM streets; not an as-built feeder
SYN-1719,359523533,Novi Sad 9 - Rafinerija,1207173054,3.539390999999999,0.08201334189745285,capacity-balanced inferred shortest-path assignment on OSM streets; not an as-built feeder
SYN-1721,359523533,Novi Sad 9 - Rafinerija,3641674261,3.7356719999999983,0.08201334189745285,capacity-balanced inferred shortest-path assignment on OSM streets; not an as-built feeder
SYN-1722,359523533,Novi Sad 9 - Rafinerija,3625370710,3.762825999999999,0.08201334189745285,capacity-balanced inferred shortest-path assignment on OSM streets; not an as-built feeder
SYN-1724,359523533,Novi Sad 9 - Rafinerija,3216357046,3.9437409999999975,0.08201334189745285,capacity-balanced inferred shortest-path assignment on OSM streets; not an as-built feeder
SYN-1728,359523533,Novi Sad 9 - Rafinerija,11942789920,4.2724920000000015,0.08201334189745285,capacity-balanced inferred shortest-path assignment on OSM streets; not an as-built feeder
SYN-1729,359523533,Novi Sad 9 - Rafinerija,1207173059,4.063842999999998,0.08201334189745285,capacity-balanced inferred shortest-path assignment on OSM streets; not an as-built feeder
SYN-1736,359523533,Novi Sad 9 - Rafinerija,6775149448,4.226280000000001,0.08201334189745285,capacity-balanced inferred shortest-path assignment on OSM streets; not an as-built feeder
SYN-1739,359523533,Novi Sad 9 - Rafinerija,11541129691,3.943817999999998,0.08201334189745285,capacity-balanced inferred shortest-path assignment on OSM streets; not an as-built feeder
SYN-1740,359523533,Novi Sad 9 - Rafinerija,3062163473,4.311694,0.08201334189745285,capacity-balanced inferred shortest-path assignment on OSM streets; not an as-built feeder
SYN-1741,359523533,Novi Sad 9 - Rafinerija,3062163473,4.311694,0.08201334189745285,capacity-balanced inferred shortest-path assignment on OSM streets; not an as-built feeder
SYN-1743,359523533,Novi Sad 9 - Rafinerija,3641591293,3.628792999999999,0.08201334189745285,capacity-balanced inferred shortest-path assignment on OSM streets; not an as-built feeder
SYN-1745,359523533,Novi Sad 9 - Rafinerija,3641591336,3.730842999999998,0.08201334189745285,capacity-balanced inferred shortest-path assignment on OSM streets; not an as-built feeder
SYN-1749,359523533,Novi Sad 9 - Rafinerija,3641621881,3.3795249999999992,0.08201334189745285,capacity-balanced inferred shortest-path assignment on OSM streets; not an as-built feeder
SYN-1751,359523533,Novi Sad 9 - Rafinerija,3641631195,3.484322,0.08201334189745285,capacity-balanced inferred shortest-path assignment on OSM streets; not an as-built feeder
SYN-1754,359523533,Novi Sad 9 - Rafinerija,3625370708,3.839330999999998,0.08201334189745285,capacity-balanced inferred shortest-path assignment on OSM streets; not an as-built feeder
SYN-1755,359523533,Novi Sad 9 - Rafinerija,3641591351,3.7069979999999982,0.08201334189745285,capacity-balanced inferred shortest-path assignment on OSM streets; not an as-built feeder
SYN-1756,359523533,Novi Sad 9 - Rafinerija,3625370708,3.839330999999998,0.08201334189745285,capacity-balanced inferred shortest-path assignment on OSM streets; not an as-built feeder
SYN-1760,359523533,Novi Sad 9 - Rafinerija,3625370712,3.784483999999999,0.08201334189745285,capacity-balanced inferred shortest-path assignment on OSM streets; not an as-built feeder
SYN-1761,359523533,Novi Sad 9 - Rafinerija,3641479352,3.5703529999999986,0.08201334189745285,capacity-balanced inferred shortest-path assignment on OSM streets; not an as-built feeder
SYN-1777,359523533,Novi Sad 9 - Rafinerija,8974275120,4.2035659999999995,0.0856266802256214,capacity-balanced inferred shortest-path assignment on OSM streets; not an as-built feeder
SYN-1778,359523533,Novi Sad 9 - Rafinerija,7032903434,4.937236,0.0856266802256214,capacity-balanced inferred shortest-path assignment on OSM streets; not an as-built feeder
SYN-1779,359523533,Novi Sad 9 - Rafinerija,8974275143,4.385141000000001,0.0856266802256214,capacity-balanced inferred shortest-path assignment on OSM streets; not an as-built feeder
SYN-1780,359523533,Novi Sad 9 - Rafinerija,8974275154,4.338003,0.0856266802256214,capacity-balanced inferred shortest-path assignment on OSM streets; not an as-built feeder
SYN-1781,359523533,Novi Sad 9 - Rafinerija,7032903434,4.937236,0.0856266802256214,capacity-balanced inferred shortest-path assignment on OSM streets; not an as-built feeder
SYN-1782,359523533,Novi Sad 9 - Rafinerija,8974275125,4.213099000000001,0.0856266802256214,capacity-balanced inferred shortest-path assignment on OSM streets; not an as-built feeder
SYN-1783,359523533,Novi Sad 9 - Rafinerija,8974275184,4.242879,0.0856266802256214,capacity-balanced inferred shortest-path assignment on OSM streets; not an as-built feeder
SYN-1784,359523533,Novi Sad 9 - Rafinerija,8974275181,4.142143999999999,0.0856266802256214,capacity-balanced inferred shortest-path assignment on OSM streets; not an as-built feeder
SYN-1785,359523533,Novi Sad 9 - Rafinerija,8974275126,4.382733,0.0856266802256214,capacity-balanced inferred shortest-path assignment on OSM streets; not an as-built feeder
SYN-1786,359523533,Novi Sad 9 - Rafinerija,8974275157,4.256037,0.0856266802256214,capacity-balanced inferred shortest-path assignment on OSM streets; not an as-built feeder
SYN-1787,359523533,Novi Sad 9 - Rafinerija,8974275121,4.408663,0.0856266802256214,capacity-balanced inferred shortest-path assignment on OSM streets; not an as-built feeder
SYN-1788,359523533,Novi Sad 9 - Rafinerija,8974275123,4.2997179999999995,0.0856266802256214,capacity-balanced inferred shortest-path assignment on OSM streets; not an as-built feeder
SYN-1972,359523533,Novi Sad 9 - Rafinerija,7331702796,0.7538900000000001,0.0849581188873364,capacity-balanced inferred shortest-path assignment on OSM streets; not an as-built feeder
SYN-1973,359523533,Novi Sad 9 - Rafinerija,3708774387,0.8591250000000002,0.0849581188873364,capacity-balanced inferred shortest-path assignment on OSM streets; not an as-built feeder
SYN-1974,359523533,Novi Sad 9 - Rafinerija,7331702795,0.6358410000000001,0.0849581188873364,capacity-balanced inferred shortest-path assignment on OSM streets; not an as-built feeder
SYN-1975,359523533,Novi Sad 9 - Rafinerija,3708774387,0.8591250000000002,0.0849581188873364,capacity-balanced inferred shortest-path assignment on OSM streets; not an as-built feeder
SYN-1976,359523533,Novi Sad 9 - Rafinerija,3708774386,0.6849790000000001,0.0849581188873364,capacity-balanced inferred shortest-path assignment on OSM streets; not an as-built feeder
SYN-1977,359523533,Novi Sad 9 - Rafinerija,1230711403,0.4866730000000001,0.13608578507878122,capacity-balanced inferred shortest-path assignment on OSM streets; not an as-built feeder
SYN-2000,359523533,Novi Sad 9 - Rafinerija,11072773472,3.0194689999999995,0.08689291530545273,capacity-balanced inferred shortest-path assignment on OSM streets; not an as-built feeder
SYN-2001,359523533,Novi Sad 9 - Rafinerija,9643524145,3.233459,0.08689291530545273,capacity-balanced inferred shortest-path assignment on OSM streets; not an as-built feeder
SYN-2002,359523533,Novi Sad 9 - Rafinerija,2327184138,3.4849339999999995,0.08204780156273753,capacity-balanced inferred shortest-path assignment on OSM streets; not an as-built feeder
SYN-2003,359523533,Novi Sad 9 - Rafinerija,3573987914,3.583615,0.08204780156273753,capacity-balanced inferred shortest-path assignment on OSM streets; not an as-built feeder
SYN-2004,359523533,Novi Sad 9 - Rafinerija,2327184134,3.6055219999999997,0.08204780156273753,capacity-balanced inferred shortest-path assignment on OSM streets; not an as-built feeder
SYN-2005,359523533,Novi Sad 9 - Rafinerija,2327184130,3.2134679999999993,0.08204780156273753,capacity-balanced inferred shortest-path assignment on OSM streets; not an as-built feeder
SYN-2006,359523533,Novi Sad 9 - Rafinerija,2327184135,3.6234439999999997,0.08204780156273753,capacity-balanced inferred shortest-path assignment on OSM streets; not an as-built feeder
SYN-2007,359523533,Novi Sad 9 - Rafinerija,2327184128,3.2927489999999993,0.08204780156273753,capacity-balanced inferred shortest-path assignment on OSM streets; not an as-built feeder
SYN-2008,359523533,Novi Sad 9 - Rafinerija,2327184129,3.310803999999999,0.08204780156273753,capacity-balanced inferred shortest-path assignment on OSM streets; not an as-built feeder
SYN-2009,359523533,Novi Sad 9 - Rafinerija,3573987931,3.6377930000000003,0.08204780156273753,capacity-balanced inferred shortest-path assignment on OSM streets; not an as-built feeder
SYN-2019,359523533,Novi Sad 9 - Rafinerija,9301426491,3.6609840000000013,0.04801213389338175,capacity-balanced inferred shortest-path assignment on OSM streets; not an as-built feeder
SYN-2020,359523533,Novi Sad 9 - Rafinerija,9363917426,3.6804020000000013,0.11159101949289939,capacity-balanced inferred shortest-path assignment on OSM streets; not an as-built feeder
SYN-2036,359523533,Novi Sad 9 - Rafinerija,3641058294,3.963465,0.04487999983666783,capacity-balanced inferred shortest-path assignment on OSM streets; not an as-built feeder
SYN-2139,359523533,Novi Sad 9 - Rafinerija,6008610018,2.6499309999999996,0.08081310207785297,capacity-balanced inferred shortest-path assignment on OSM streets; not an as-built feeder
SYN-2140,359523533,Novi Sad 9 - Rafinerija,6008610016,2.4528949999999994,0.08081310207785297,capacity-balanced inferred shortest-path assignment on OSM streets; not an as-built feeder
SYN-2141,359523533,Novi Sad 9 - Rafinerija,9868171137,2.7456419999999992,0.08081310207785297,capacity-balanced inferred shortest-path assignment on OSM streets; not an as-built feeder
SYN-2142,359523533,Novi Sad 9 - Rafinerija,10910999943,2.165347,0.08081310207785297,capacity-balanced inferred shortest-path assignment on OSM streets; not an as-built feeder
SYN-2143,359523533,Novi Sad 9 - Rafinerija,6008610103,1.9293509999999998,0.08081310207785297,capacity-balanced inferred shortest-path assignment on OSM streets; not an as-built feeder
SYN-2144,359523533,Novi Sad 9 - Rafinerija,6008610103,1.9293509999999998,0.08081310207785297,capacity-balanced inferred shortest-path assignment on OSM streets; not an as-built feeder
SYN-2145,359523533,Novi Sad 9 - Rafinerija,10910999937,2.245231,0.08081310207785297,capacity-balanced inferred shortest-path assignment on OSM streets; not an as-built feeder
SYN-2146,359523533,Novi Sad 9 - Rafinerija,10910999953,2.208588,0.08081310207785297,capacity-balanced inferred shortest-path assignment on OSM streets; not an as-built feeder
SYN-2147,359523533,Novi Sad 9 - Rafinerija,9868171137,2.7456419999999992,0.08081310207785297,capacity-balanced inferred shortest-path assignment on OSM streets; not an as-built feeder
SYN-2148,359523533,Novi Sad 9 - Rafinerija,10910999935,2.0781709999999998,0.08081310207785297,capacity-balanced inferred shortest-path assignment on OSM streets; not an as-built feeder
SYN-2149,359523533,Novi Sad 9 - Rafinerija,10910999959,2.200265,0.08081310207785297,capacity-balanced inferred shortest-path assignment on OSM streets; not an as-built feeder
SYN-2150,359523533,Novi Sad 9 - Rafinerija,10910999953,2.208588,0.08081310207785297,capacity-balanced inferred shortest-path assignment on OSM streets; not an as-built feeder
SYN-2151,359523533,Novi Sad 9 - Rafinerija,10910999952,2.139139,0.08081310207785297,capacity-balanced inferred shortest-path assignment on OSM streets; not an as-built feeder
SYN-2152,359523533,Novi Sad 9 - Rafinerija,10910999927,2.1050009999999997,0.08081310207785297,capacity-balanced inferred shortest-path assignment on OSM streets; not an as-built feeder
SYN-2153,359523533,Novi Sad 9 - Rafinerija,10910999945,2.172103,0.08081310207785297,capacity-balanced inferred shortest-path assignment on OSM streets; not an as-built feeder
SYN-2154,359523533,Novi Sad 9 - Rafinerija,9643517220,2.015272,0.08081310207785297,capacity-balanced inferred shortest-path assignment on OSM streets; not an as-built feeder
SYN-2155,359523533,Novi Sad 9 - Rafinerija,10910999953,2.208588,0.08081310207785297,capacity-balanced inferred shortest-path assignment on OSM streets; not an as-built feeder
SYN-2156,359523533,Novi Sad 9 - Rafinerija,10910999959,2.200265,0.08081310207785297,capacity-balanced inferred shortest-path assignment on OSM streets; not an as-built feeder
SYN-2157,359523533,Novi Sad 9 - Rafinerija,10910999945,2.172103,0.08081310207785297,capacity-balanced inferred shortest-path assignment on OSM streets; not an as-built feeder
SYN-2158,359523533,Novi Sad 9 - Rafinerija,6008610019,2.714086,0.08081310207785297,capacity-balanced inferred shortest-path assignment on OSM streets; not an as-built feeder
SYN-2159,359523533,Novi Sad 9 - Rafinerija,10910999927,2.1050009999999997,0.08081310207785297,capacity-balanced inferred shortest-path assignment on OSM streets; not an as-built feeder
SYN-2161,359523533,Novi Sad 9 - Rafinerija,3863353395,3.864938000000001,0.09151293340624801,capacity-balanced inferred shortest-path assignment on OSM streets; not an as-built feeder
SYN-2162,359523533,Novi Sad 9 - Rafinerija,1563449495,3.809939000000001,0.09151293340624801,capacity-balanced inferred shortest-path assignment on OSM streets; not an as-built feeder
SYN-2163,359523533,Novi Sad 9 - Rafinerija,1563449556,3.825808000000001,0.09151293340624801,capacity-balanced inferred shortest-path assignment on OSM streets; not an as-built feeder
SYN-2164,359523533,Novi Sad 9 - Rafinerija,1563449516,3.7927880000000003,0.09151293340624801,capacity-balanced inferred shortest-path assignment on OSM streets; not an as-built feeder
SYN-2165,359523533,Novi Sad 9 - Rafinerija,3736252323,3.7611530000000006,0.09151293340624801,capacity-balanced inferred shortest-path assignment on OSM streets; not an as-built feeder
SYN-2166,359523533,Novi Sad 9 - Rafinerija,1563449608,3.751188000000001,0.09151293340624801,capacity-balanced inferred shortest-path assignment on OSM streets; not an as-built feeder
SYN-2379,359523533,Novi Sad 9 - Rafinerija,7328105749,4.842996,0.01201135575034643,capacity-balanced inferred shortest-path assignment on OSM streets; not an as-built feeder
SYN-0146,365927134,Rimski Sancevi,11192812717,3.232846467490529,0.08650735175498854,capacity-balanced inferred shortest-path assignment on OSM streets; not an as-built feeder
SYN-0147,365927134,Rimski Sancevi,2894822528,3.2918324674905284,0.08650735175498854,capacity-balanced inferred shortest-path assignment on OSM streets; not an as-built feeder
SYN-0148,365927134,Rimski Sancevi,11943448126,3.3952374674905292,0.08650735175498854,capacity-balanced inferred shortest-path assignment on OSM streets; not an as-built feeder
SYN-0149,365927134,Rimski Sancevi,1205664502,3.573473467490529,0.08650735175498854,capacity-balanced inferred shortest-path assignment on OSM streets; not an as-built feeder
SYN-0150,365927134,Rimski Sancevi,11192812717,3.232846467490529,0.08650735175498854,capacity-balanced inferred shortest-path assignment on OSM streets; not an as-built feeder
SYN-0151,365927134,Rimski Sancevi,11192812717,3.232846467490529,0.08650735175498854,capacity-balanced inferred shortest-path assignment on OSM streets; not an as-built feeder
SYN-0152,365927134,Rimski Sancevi,2894822528,3.2918324674905284,0.08650735175498854,capacity-balanced inferred shortest-path assignment on OSM streets; not an as-built feeder
SYN-0153,365927134,Rimski Sancevi,2894822523,3.4289124674905294,0.08650735175498854,capacity-balanced inferred shortest-path assignment on OSM streets; not an as-built feeder
SYN-0154,365927134,Rimski Sancevi,11192869971,3.5326124674905293,0.08650735175498854,capacity-balanced inferred shortest-path assignment on OSM streets; not an as-built feeder
SYN-0155,365927134,Rimski Sancevi,3616172859,3.159837467490529,0.08650735175498854,capacity-balanced inferred shortest-path assignment on OSM streets; not an as-built feeder
SYN-0179,365927134,Rimski Sancevi,13409844254,3.4106904674905274,0.10160387506960962,capacity-balanced inferred shortest-path assignment on OSM streets; not an as-built feeder
SYN-0180,365927134,Rimski Sancevi,9643376472,3.3890594674905272,0.10160387506960962,capacity-balanced inferred shortest-path assignment on OSM streets; not an as-built feeder
SYN-0181,365927134,Rimski Sancevi,2894822519,3.4623784674905287,0.10160387506960962,capacity-balanced inferred shortest-path assignment on OSM streets; not an as-built feeder
SYN-0213,365927134,Rimski Sancevi,7026423885,3.37772246749053,0.09019443793317855,capacity-balanced inferred shortest-path assignment on OSM streets; not an as-built feeder
SYN-0214,365927134,Rimski Sancevi,7026423885,3.37772246749053,0.09019443793317855,capacity-balanced inferred shortest-path assignment on OSM streets; not an as-built feeder
SYN-0215,365927134,Rimski Sancevi,1573789235,4.620431467490528,0.08418688586033549,capacity-balanced inferred shortest-path assignment on OSM streets; not an as-built feeder
SYN-0216,365927134,Rimski Sancevi,1573789038,4.437409467490528,0.08418688586033549,capacity-balanced inferred shortest-path assignment on OSM streets; not an as-built feeder
SYN-0217,365927134,Rimski Sancevi,1573789092,4.554832467490529,0.08418688586033549,capacity-balanced inferred shortest-path assignment on OSM streets; not an as-built feeder
SYN-0218,365927134,Rimski Sancevi,1573789235,4.620431467490528,0.08418688586033549,capacity-balanced inferred shortest-path assignment on OSM streets; not an as-built feeder
SYN-0219,365927134,Rimski Sancevi,1573789197,4.560396467490528,0.08418688586033549,capacity-balanced inferred shortest-path assignment on OSM streets; not an as-built feeder
SYN-0220,365927134,Rimski Sancevi,1573789043,4.499142467490528,0.08418688586033549,capacity-balanced inferred shortest-path assignment on OSM streets; not an as-built feeder
SYN-0221,365927134,Rimski Sancevi,1573789043,4.499142467490528,0.08418688586033549,capacity-balanced inferred shortest-path assignment on OSM streets; not an as-built feeder
SYN-0222,365927134,Rimski Sancevi,1573789269,4.834443467490531,0.08418688586033549,capacity-balanced inferred shortest-path assignment on OSM streets; not an as-built feeder
SYN-0223,365927134,Rimski Sancevi,1573789300,4.87926446749053,0.08418688586033549,capacity-balanced inferred shortest-path assignment on OSM streets; not an as-built feeder
SYN-0224,365927134,Rimski Sancevi,12896988895,4.649356467490528,0.08418688586033549,capacity-balanced inferred shortest-path assignment on OSM streets; not an as-built feeder
SYN-0225,365927134,Rimski Sancevi,1573789037,4.525073467490528,0.08418688586033549,capacity-balanced inferred shortest-path assignment on OSM streets; not an as-built feeder
SYN-0226,365927134,Rimski Sancevi,1573789197,4.560396467490528,0.08418688586033549,capacity-balanced inferred shortest-path assignment on OSM streets; not an as-built feeder
SYN-0227,365927134,Rimski Sancevi,1573789197,4.560396467490528,0.08418688586033549,capacity-balanced inferred shortest-path assignment on OSM streets; not an as-built feeder
SYN-0228,365927134,Rimski Sancevi,1573789147,4.4968574674905275,0.08418688586033549,capacity-balanced inferred shortest-path assignment on OSM streets; not an as-built feeder
SYN-0229,365927134,Rimski Sancevi,1573789182,4.6612424674905295,0.08418688586033549,capacity-balanced inferred shortest-path assignment on OSM streets; not an as-built feeder
SYN-0230,365927134,Rimski Sancevi,1573789288,4.808556467490529,0.08418688586033549,capacity-balanced inferred shortest-path assignment on OSM streets; not an as-built feeder
SYN-0231,365927134,Rimski Sancevi,12894990581,4.323849467490528,0.08418688586033549,capacity-balanced inferred shortest-path assignment on OSM streets; not an as-built feeder
SYN-0232,365927134,Rimski Sancevi,1573789171,4.461881467490528,0.08418688586033549,capacity-balanced inferred shortest-path assignment on OSM streets; not an as-built feeder
SYN-0233,365927134,Rimski Sancevi,1234226045,1.2126764674905286,0.02122544245825571,capacity-balanced inferred shortest-path assignment on OSM streets; not an as-built feeder
SYN-0234,365927134,Rimski Sancevi,10979449091,2.049675467490529,0.13874910166395038,capacity-balanced inferred shortest-path assignment on OSM streets; not an as-built feeder
SYN-0235,365927134,Rimski Sancevi,3608929596,1.3195544674905286,0.027974722095843205,capacity-balanced inferred shortest-path assignment on OSM streets; not an as-built feeder
SYN-0289,365927134,Rimski Sancevi,3616172837,3.9973104674905295,0.12049467873897768,capacity-balanced inferred shortest-path assignment on OSM streets; not an as-built feeder
SYN-0290,365927134,Rimski Sancevi,12892379092,3.59990946749053,0.013195242353897572,capacity-balanced inferred shortest-path assignment on OSM streets; not an as-built feeder
SYN-0291,365927134,Rimski Sancevi,12892379091,3.5636814674905297,0.011590477255745177,capacity-balanced inferred shortest-path assignment on OSM streets; not an as-built feeder
SYN-0294,365927134,Rimski Sancevi,3766218172,3.562343467490529,0.0163672823904456,capacity-balanced inferred shortest-path assignment on OSM streets; not an as-built feeder
SYN-0295,365927134,Rimski Sancevi,12558856948,2.5522564674905293,0.035763456566673034,capacity-balanced inferred shortest-path assignment on OSM streets; not an as-built feeder
SYN-0296,365927134,Rimski Sancevi,3218187320,2.674639467490529,0.0956235758674382,capacity-balanced inferred shortest-path assignment on OSM streets; not an as-built feeder
SYN-0297,365927134,Rimski Sancevi,3218187325,2.7015554674905293,0.0956235758674382,capacity-balanced inferred shortest-path assignment on OSM streets; not an as-built feeder
SYN-0298,365927134,Rimski Sancevi,12558856940,2.505003467490529,0.09928024052186403,capacity-balanced inferred shortest-path assignment on OSM streets; not an as-built feeder
SYN-0299,365927134,Rimski Sancevi,12558856938,2.4755034674905287,0.09928024052186403,capacity-balanced inferred shortest-path assignment on OSM streets; not an as-built feeder
SYN-0517,365927134,Rimski Sancevi,3553578122,2.386349467490529,0.0904317982872928,capacity-balanced inferred shortest-path assignment on OSM streets; not an as-built feeder
SYN-0518,365927134,Rimski Sancevi,3563333408,0.6677834674905286,0.08823057124502622,capacity-balanced inferred shortest-path assignment on OSM streets; not an as-built feeder
SYN-0519,365927134,Rimski Sancevi,3563333408,0.6677834674905286,0.08823057124502622,capacity-balanced inferred shortest-path assignment on OSM streets; not an as-built feeder
SYN-0520,365927134,Rimski Sancevi,3563333408,0.6677834674905286,0.08823057124502622,capacity-balanced inferred shortest-path assignment on OSM streets; not an as-built feeder
SYN-0521,365927134,Rimski Sancevi,3563333444,0.4279164674905287,0.08472901624139938,capacity-balanced inferred shortest-path assignment on OSM streets; not an as-built feeder
SYN-0522,365927134,Rimski Sancevi,3563333439,0.5393974674905287,0.08472901624139938,capacity-balanced inferred shortest-path assignment on OSM streets; not an as-built feeder
SYN-0523,365927134,Rimski Sancevi,3563333443,0.48343946749052874,0.08472901624139938,capacity-balanced inferred shortest-path assignment on OSM streets; not an as-built feeder
SYN-0524,365927134,Rimski Sancevi,6704029119,2.324245467490529,0.08472901624139938,capacity-balanced inferred shortest-path assignment on OSM streets; not an as-built feeder
SYN-0525,365927134,Rimski Sancevi,3563333443,0.48343946749052874,0.08472901624139938,capacity-balanced inferred shortest-path assignment on OSM streets; not an as-built feeder
SYN-0526,365927134,Rimski Sancevi,3563333439,0.5393974674905287,0.08472901624139938,capacity-balanced inferred shortest-path assignment on OSM streets; not an as-built feeder
SYN-0527,365927134,Rimski Sancevi,3563379594,0.21133946749052873,0.03457721739635986,capacity-balanced inferred shortest-path assignment on OSM streets; not an as-built feeder
SYN-0528,365927134,Rimski Sancevi,3563379594,0.21133946749052873,0.03457721739635986,capacity-balanced inferred shortest-path assignment on OSM streets; not an as-built feeder
SYN-0529,365927134,Rimski Sancevi,2019021836,0.4607114674905287,0.08175343587355498,capacity-balanced inferred shortest-path assignment on OSM streets; not an as-built feeder
SYN-0530,365927134,Rimski Sancevi,2019021836,0.4607114674905287,0.08175343587355498,capacity-balanced inferred shortest-path assignment on OSM streets; not an as-built feeder
SYN-0531,365927134,Rimski Sancevi,2019021841,0.45937446749052874,0.08175343587355498,capacity-balanced inferred shortest-path assignment on OSM streets; not an as-built feeder
SYN-0532,365927134,Rimski Sancevi,2019021841,0.45937446749052874,0.08175343587355498,capacity-balanced inferred shortest-path assignment on OSM streets; not an as-built feeder
SYN-0533,365927134,Rimski Sancevi,2019021842,0.6048374674905288,0.08175343587355498,capacity-balanced inferred shortest-path assignment on OSM streets; not an as-built feeder
SYN-0534,365927134,Rimski Sancevi,2019021833,0.4328664674905287,0.08175343587355498,capacity-balanced inferred shortest-path assignment on OSM streets; not an as-built feeder
SYN-0535,365927134,Rimski Sancevi,2019021836,0.4607114674905287,0.08175343587355498,capacity-balanced inferred shortest-path assignment on OSM streets; not an as-built feeder
SYN-0536,365927134,Rimski Sancevi,2019021842,0.6048374674905288,0.08175343587355498,capacity-balanced inferred shortest-path assignment on OSM streets; not an as-built feeder
SYN-0537,365927134,Rimski Sancevi,2019021842,0.6048374674905288,0.08175343587355498,capacity-balanced inferred shortest-path assignment on OSM streets; not an as-built feeder
SYN-0538,365927134,Rimski Sancevi,2019021821,0.4143424674905287,0.08175343587355498,capacity-balanced inferred shortest-path assignment on OSM streets; not an as-built feeder
SYN-0539,365927134,Rimski Sancevi,2019021844,0.6937594674905287,0.08175343587355498,capacity-balanced inferred shortest-path assignment on OSM streets; not an as-built feeder
SYN-0540,365927134,Rimski Sancevi,2019021847,0.5876734674905287,0.08175343587355498,capacity-balanced inferred shortest-path assignment on OSM streets; not an as-built feeder
SYN-0541,365927134,Rimski Sancevi,2019021854,0.7701234674905287,0.08175343587355498,capacity-balanced inferred shortest-path assignment on OSM streets; not an as-built feeder
SYN-0542,365927134,Rimski Sancevi,2019021849,0.7000114674905288,0.08175343587355498,capacity-balanced inferred shortest-path assignment on OSM streets; not an as-built feeder
SYN-0543,365927134,Rimski Sancevi,2019021858,0.7358184674905287,0.08175343587355498,capacity-balanced inferred shortest-path assignment on OSM streets; not an as-built feeder
SYN-0544,365927134,Rimski Sancevi,2019021851,0.7530174674905288,0.08175343587355498,capacity-balanced inferred shortest-path assignment on OSM streets; not an as-built feeder
SYN-0545,365927134,Rimski Sancevi,2019021821,0.4143424674905287,0.08175343587355498,capacity-balanced inferred shortest-path assignment on OSM streets; not an as-built feeder
SYN-0546,365927134,Rimski Sancevi,2019021864,0.8525264674905287,0.08175343587355498,capacity-balanced inferred shortest-path assignment on OSM streets; not an as-built feeder
SYN-0547,365927134,Rimski Sancevi,2019021833,0.4328664674905287,0.08175343587355498,capacity-balanced inferred shortest-path assignment on OSM streets; not an as-built feeder
SYN-0548,365927134,Rimski Sancevi,2019021836,0.4607114674905287,0.08175343587355498,capacity-balanced inferred shortest-path assignment on OSM streets; not an as-built feeder
SYN-0549,365927134,Rimski Sancevi,2019021847,0.5876734674905287,0.08175343587355498,capacity-balanced inferred shortest-path assignment on OSM streets; not an as-built feeder
SYN-0550,365927134,Rimski Sancevi,2019021821,0.4143424674905287,0.08175343587355498,capacity-balanced inferred shortest-path assignment on OSM streets; not an as-built feeder
SYN-0551,365927134,Rimski Sancevi,2019021842,0.6048374674905288,0.08175343587355498,capacity-balanced inferred shortest-path assignment on OSM streets; not an as-built feeder
SYN-0552,365927134,Rimski Sancevi,2019021841,0.45937446749052874,0.08175343587355498,capacity-balanced inferred shortest-path assignment on OSM streets; not an as-built feeder
SYN-0553,365927134,Rimski Sancevi,2019021841,0.45937446749052874,0.08175343587355498,capacity-balanced inferred shortest-path assignment on OSM streets; not an as-built feeder
SYN-0554,365927134,Rimski Sancevi,2019021829,0.3288164674905287,0.08175343587355498,capacity-balanced inferred shortest-path assignment on OSM streets; not an as-built feeder
SYN-0555,365927134,Rimski Sancevi,2019021841,0.45937446749052874,0.08175343587355498,capacity-balanced inferred shortest-path assignment on OSM streets; not an as-built feeder
SYN-0556,365927134,Rimski Sancevi,2019021841,0.45937446749052874,0.08175343587355498,capacity-balanced inferred shortest-path assignment on OSM streets; not an as-built feeder
SYN-0557,365927134,Rimski Sancevi,2019021821,0.4143424674905287,0.08175343587355498,capacity-balanced inferred shortest-path assignment on OSM streets; not an as-built feeder
SYN-0558,365927134,Rimski Sancevi,2019021845,0.7022484674905288,0.08175343587355498,capacity-balanced inferred shortest-path assignment on OSM streets; not an as-built feeder
SYN-0559,365927134,Rimski Sancevi,2019021854,0.7701234674905287,0.08175343587355498,capacity-balanced inferred shortest-path assignment on OSM streets; not an as-built feeder
SYN-0560,365927134,Rimski Sancevi,2019021844,0.6937594674905287,0.08175343587355498,capacity-balanced inferred shortest-path assignment on OSM streets; not an as-built feeder
SYN-0561,365927134,Rimski Sancevi,2019021844,0.6937594674905287,0.08175343587355498,capacity-balanced inferred shortest-path assignment on OSM streets; not an as-built feeder
SYN-0562,365927134,Rimski Sancevi,2019021844,0.6937594674905287,0.08175343587355498,capacity-balanced inferred shortest-path assignment on OSM streets; not an as-built feeder
SYN-0563,365927134,Rimski Sancevi,2019021844,0.6937594674905287,0.08175343587355498,capacity-balanced inferred shortest-path assignment on OSM streets; not an as-built feeder
SYN-0564,365927134,Rimski Sancevi,2019021842,0.6048374674905288,0.08175343587355498,capacity-balanced inferred shortest-path assignment on OSM streets; not an as-built feeder
SYN-0565,365927134,Rimski Sancevi,9294216855,0.8561124674905286,0.033262847796891155,capacity-balanced inferred shortest-path assignment on OSM streets; not an as-built feeder
SYN-0566,365927134,Rimski Sancevi,3563691444,0.6908034674905287,0.033262847796891155,capacity-balanced inferred shortest-path assignment on OSM streets; not an as-built feeder
SYN-0567,365927134,Rimski Sancevi,2019021836,0.4607114674905287,0.14436571674048057,capacity-balanced inferred shortest-path assignment on OSM streets; not an as-built feeder
SYN-0568,365927134,Rimski Sancevi,1570035521,1.035320467490529,0.09617357978963789,capacity-balanced inferred shortest-path assignment on OSM streets; not an as-built feeder
SYN-0569,365927134,Rimski Sancevi,12981824385,0.8389844674905288,0.09617357978963789,capacity-balanced inferred shortest-path assignment on OSM streets; not an as-built feeder
SYN-0570,365927134,Rimski Sancevi,1362589576,1.172252467490529,0.09617357978963789,capacity-balanced inferred shortest-path assignment on OSM streets; not an as-built feeder
SYN-0571,365927134,Rimski Sancevi,3563773557,1.107686467490529,0.03470377101828029,capacity-balanced inferred shortest-path assignment on OSM streets; not an as-built feeder
SYN-0572,365927134,Rimski Sancevi,2269264489,1.2374884674905289,0.03470377101828029,capacity-balanced inferred shortest-path assignment on OSM streets; not an as-built feeder
SYN-0573,365927134,Rimski Sancevi,3568235224,1.5942004674905286,0.03825688428565577,capacity-balanced inferred shortest-path assignment on OSM streets; not an as-built feeder
SYN-0574,365927134,Rimski Sancevi,3073594635,2.098299467490529,0.09852845493796004,capacity-balanced inferred shortest-path assignment on OSM streets; not an as-built feeder
SYN-0576,365927134,Rimski Sancevi,3588248743,2.4282254674905293,0.05085285656279196,capacity-balanced inferred shortest-path assignment on OSM streets; not an as-built feeder
SYN-0577,365927134,Rimski Sancevi,3057636381,3.3297714674905294,0.08021720711911454,capacity-balanced inferred shortest-path assignment on OSM streets; not an as-built feeder
SYN-0578,365927134,Rimski Sancevi,3057636362,3.2106054674905296,0.08021720711911454,capacity-balanced inferred shortest-path assignment on OSM streets; not an as-built feeder
SYN-0579,365927134,Rimski Sancevi,7467357112,2.985412467490529,0.08021720711911454,capacity-balanced inferred shortest-path assignment on OSM streets; not an as-built feeder
SYN-0580,365927134,Rimski Sancevi,13971333897,1.678782467490529,0.10093853422337042,capacity-balanced inferred shortest-path assignment on OSM streets; not an as-built feeder
SYN-0581,365927134,Rimski Sancevi,1570039464,3.7115664674905284,0.09142350755752146,capacity-balanced inferred shortest-path assignment on OSM streets; not an as-built feeder
SYN-0582,365927134,Rimski Sancevi,1570039464,3.7115664674905284,0.09142350755752146,capacity-balanced inferred shortest-path assignment on OSM streets; not an as-built feeder
SYN-0583,365927134,Rimski Sancevi,11931789163,3.5676374674905302,0.0572512531963967,capacity-balanced inferred shortest-path assignment on OSM streets; not an as-built feeder
SYN-0584,365927134,Rimski Sancevi,1570039464,3.7115664674905284,0.08667219861167924,capacity-balanced inferred shortest-path assignment on OSM streets; not an as-built feeder
SYN-0585,365927134,Rimski Sancevi,3589585372,3.221796467490529,0.09478847011152351,capacity-balanced inferred shortest-path assignment on OSM streets; not an as-built feeder
SYN-0587,365927134,Rimski Sancevi,3566339243,1.120150467490529,0.059901643337819846,capacity-balanced inferred shortest-path assignment on OSM streets; not an as-built feeder
SYN-0588,365927134,Rimski Sancevi,1829023137,2.289990467490529,0.030463618115637397,capacity-balanced inferred shortest-path assignment on OSM streets; not an as-built feeder
SYN-0589,365927134,Rimski Sancevi,11889125596,2.006238467490529,0.027149121406650094,capacity-balanced inferred shortest-path assignment on OSM streets; not an as-built feeder
SYN-0590,365927134,Rimski Sancevi,7019547514,2.250478467490529,0.024919928891702418,capacity-balanced inferred shortest-path assignment on OSM streets; not an as-built feeder
SYN-0591,365927134,Rimski Sancevi,12558889779,2.8727594674905306,0.02063228212427246,capacity-balanced inferred shortest-path assignment on OSM streets; not an as-built feeder
SYN-0592,365927134,Rimski Sancevi,10979449094,2.233877467490529,0.037739635994419006,capacity-balanced inferred shortest-path assignment on OSM streets; not an as-built feeder
SYN-0593,365927134,Rimski Sancevi,12558847147,2.788175467490528,0.037739635994419006,capacity-balanced inferred shortest-path assignment on OSM streets; not an as-built feeder
SYN-0594,365927134,Rimski Sancevi,12558856943,2.4662244674905294,0.10476919904273595,capacity-balanced inferred shortest-path assignment on OSM streets; not an as-built feeder
SYN-0595,365927134,Rimski Sancevi,12558856949,2.482159467490529,0.10476919904273595,capacity-balanced inferred shortest-path assignment on OSM streets; not an as-built feeder
SYN-0596,365927134,Rimski Sancevi,6775300235,2.375833467490529,0.08145478329174943,capacity-balanced inferred shortest-path assignment on OSM streets; not an as-built feeder
SYN-0597,365927134,Rimski Sancevi,3218160271,2.9503544674905293,0.08145478329174943,capacity-balanced inferred shortest-path assignment on OSM streets; not an as-built feeder
SYN-0598,365927134,Rimski Sancevi,2683255945,2.87956246749053,0.08145478329174943,capacity-balanced inferred shortest-path assignment on OSM streets; not an as-built feeder
SYN-0599,365927134,Rimski Sancevi,3218187320,2.674639467490529,0.08145478329174943,capacity-balanced inferred shortest-path assignment on OSM streets; not an as-built feeder
SYN-0600,365927134,Rimski Sancevi,1570059555,2.6553434674905287,0.08145478329174943,capacity-balanced inferred shortest-path assignment on OSM streets; not an as-built feeder
SYN-0601,365927134,Rimski Sancevi,1570059645,2.7155894674905294,0.08145478329174943,capacity-balanced inferred shortest-path assignment on OSM streets; not an as-built feeder
SYN-0602,365927134,Rimski Sancevi,6775300245,2.733018467490529,0.08145478329174943,capacity-balanced inferred shortest-path assignment on OSM streets; not an as-built feeder
SYN-0603,365927134,Rimski Sancevi,12558809464,2.9225494674905272,0.08145478329174943,capacity-balanced inferred shortest-path assignment on OSM streets; not an as-built feeder
SYN-0604,365927134,Rimski Sancevi,12558856947,2.530905467490529,0.08145478329174943,capacity-balanced inferred shortest-path assignment on OSM streets; not an as-built feeder
SYN-0605,365927134,Rimski Sancevi,4821423703,2.675965467490529,0.08145478329174943,capacity-balanced inferred shortest-path assignment on OSM streets; not an as-built feeder
SYN-0606,365927134,Rimski Sancevi,4821423703,2.675965467490529,0.08145478329174943,capacity-balanced inferred shortest-path assignment on OSM streets; not an as-built feeder
SYN-0607,365927134,Rimski Sancevi,12558847145,2.8133584674905276,0.08145478329174943,capacity-balanced inferred shortest-path assignment on OSM streets; not an as-built feeder
SYN-0608,365927134,Rimski Sancevi,4821423706,2.830917467490529,0.08145478329174943,capacity-balanced inferred shortest-path assignment on OSM streets; not an as-built feeder
SYN-0609,365927134,Rimski Sancevi,12558792661,2.534648467490529,0.08145478329174943,capacity-balanced inferred shortest-path assignment on OSM streets; not an as-built feeder
SYN-0610,365927134,Rimski Sancevi,6775300245,2.733018467490529,0.08145478329174943,capacity-balanced inferred shortest-path assignment on OSM streets; not an as-built feeder
SYN-0611,365927134,Rimski Sancevi,3218199830,2.736855467490528,0.08145478329174943,capacity-balanced inferred shortest-path assignment on OSM streets; not an as-built feeder
SYN-0612,365927134,Rimski Sancevi,10979449100,2.8706884674905297,0.0963317408057578,capacity-balanced inferred shortest-path assignment on OSM streets; not an as-built feeder
SYN-0613,365927134,Rimski Sancevi,11192844397,1.974379467490529,0.07959142664702137,capacity-balanced inferred shortest-path assignment on OSM streets; not an as-built feeder
SYN-0614,365927134,Rimski Sancevi,13929103822,2.0265814674905296,0.07959142664702137,capacity-balanced inferred shortest-path assignment on OSM streets; not an as-built feeder
SYN-0615,365927134,Rimski Sancevi,12558809449,2.797269467490528,0.038495565832668596,capacity-balanced inferred shortest-path assignment on OSM streets; not an as-built feeder
SYN-0616,365927134,Rimski Sancevi,12558809451,2.837372467490528,0.038495565832668596,capacity-balanced inferred shortest-path assignment on OSM streets; not an as-built feeder
SYN-0617,365927134,Rimski Sancevi,3616108130,3.056341467490529,0.05023567920828269,capacity-balanced inferred shortest-path assignment on OSM streets; not an as-built feeder
SYN-0782,365927134,Rimski Sancevi,7853810904,3.640983467490529,0.08176168550325662,capacity-balanced inferred shortest-path assignment on OSM streets; not an as-built feeder
SYN-0783,365927134,Rimski Sancevi,7853810905,3.7210704674905286,0.08176168550325662,capacity-balanced inferred shortest-path assignment on OSM streets; not an as-built feeder
SYN-0784,365927134,Rimski Sancevi,7853810904,3.640983467490529,0.08176168550325662,capacity-balanced inferred shortest-path assignment on OSM streets; not an as-built feeder
SYN-0785,365927134,Rimski Sancevi,2031462337,0.2265004674905287,0.026905333130268466,capacity-balanced inferred shortest-path assignment on OSM streets; not an as-built feeder
SYN-0787,365927134,Rimski Sancevi,1207161703,3.78192246749053,0.03343909442285499,capacity-balanced inferred shortest-path assignment on OSM streets; not an as-built feeder
SYN-0788,365927134,Rimski Sancevi,1207161703,3.78192246749053,0.03343909442285499,capacity-balanced inferred shortest-path assignment on OSM streets; not an as-built feeder
SYN-0819,365927134,Rimski Sancevi,3699875142,2.641963467490529,0.08523171650482912,capacity-balanced inferred shortest-path assignment on OSM streets; not an as-built feeder
SYN-0820,365927134,Rimski Sancevi,3699875126,2.584810467490529,0.08523171650482912,capacity-balanced inferred shortest-path assignment on OSM streets; not an as-built feeder
SYN-0821,365927134,Rimski Sancevi,3699875141,2.622509467490529,0.08523171650482912,capacity-balanced inferred shortest-path assignment on OSM streets; not an as-built feeder
SYN-0992,365927134,Rimski Sancevi,13019472043,2.91766546749053,0.09050790328866719,capacity-balanced inferred shortest-path assignment on OSM streets; not an as-built feeder
SYN-0993,365927134,Rimski Sancevi,3450496721,3.0812304674905304,0.09050790328866719,capacity-balanced inferred shortest-path assignment on OSM streets; not an as-built feeder
SYN-0994,365927134,Rimski Sancevi,13019472055,2.8335394674905303,0.09050790328866719,capacity-balanced inferred shortest-path assignment on OSM streets; not an as-built feeder
SYN-0995,365927134,Rimski Sancevi,7245229535,3.1038694674905294,0.09050790328866719,capacity-balanced inferred shortest-path assignment on OSM streets; not an as-built feeder
SYN-0996,365927134,Rimski Sancevi,3450496721,3.0812304674905304,0.09050790328866719,capacity-balanced inferred shortest-path assignment on OSM streets; not an as-built feeder
SYN-0997,365927134,Rimski Sancevi,7245229541,3.02161146749053,0.09050790328866719,capacity-balanced inferred shortest-path assignment on OSM streets; not an as-built feeder
SYN-1424,365927134,Rimski Sancevi,3612448063,2.167269467490529,0.08072704908728653,capacity-balanced inferred shortest-path assignment on OSM streets; not an as-built feeder
SYN-1425,365927134,Rimski Sancevi,7288029344,2.9690644674905284,0.08072704908728653,capacity-balanced inferred shortest-path assignment on OSM streets; not an as-built feeder
SYN-1426,365927134,Rimski Sancevi,1829023182,2.4691084674905297,0.08072704908728653,capacity-balanced inferred shortest-path assignment on OSM streets; not an as-built feeder
SYN-1427,365927134,Rimski Sancevi,7288029344,2.9690644674905284,0.08072704908728653,capacity-balanced inferred shortest-path assignment on OSM streets; not an as-built feeder
SYN-1428,365927134,Rimski Sancevi,1205713564,2.943311467490529,0.08072704908728653,capacity-balanced inferred shortest-path assignment on OSM streets; not an as-built feeder
SYN-1429,365927134,Rimski Sancevi,1205713543,3.2336844674905287,0.08072704908728653,capacity-balanced inferred shortest-path assignment on OSM streets; not an as-built feeder
SYN-1430,365927134,Rimski Sancevi,9755780238,2.9813944674905284,0.08072704908728653,capacity-balanced inferred shortest-path assignment on OSM streets; not an as-built feeder
SYN-1431,365927134,Rimski Sancevi,1205713564,2.943311467490529,0.08072704908728653,capacity-balanced inferred shortest-path assignment on OSM streets; not an as-built feeder
SYN-1432,365927134,Rimski Sancevi,1829023182,2.4691084674905297,0.08072704908728653,capacity-balanced inferred shortest-path assignment on OSM streets; not an as-built feeder
SYN-1433,365927134,Rimski Sancevi,3611233893,2.323602467490529,0.08072704908728653,capacity-balanced inferred shortest-path assignment on OSM streets; not an as-built feeder
SYN-1434,365927134,Rimski Sancevi,1829022974,2.7678184674905286,0.08072704908728653,capacity-balanced inferred shortest-path assignment on OSM streets; not an as-built feeder
SYN-1435,365927134,Rimski Sancevi,10979462185,2.712825467490529,0.08072704908728653,capacity-balanced inferred shortest-path assignment on OSM streets; not an as-built feeder
SYN-1436,365927134,Rimski Sancevi,1829023180,2.7381514674905283,0.08072704908728653,capacity-balanced inferred shortest-path assignment on OSM streets; not an as-built feeder
SYN-1437,365927134,Rimski Sancevi,3616227645,3.057772467490529,0.08072704908728653,capacity-balanced inferred shortest-path assignment on OSM streets; not an as-built feeder
SYN-1438,365927134,Rimski Sancevi,1229618732,2.822191467490529,0.08072704908728653,capacity-balanced inferred shortest-path assignment on OSM streets; not an as-built feeder
SYN-1439,365927134,Rimski Sancevi,3611233893,2.323602467490529,0.08072704908728653,capacity-balanced inferred shortest-path assignment on OSM streets; not an as-built feeder
SYN-1440,365927134,Rimski Sancevi,3616172859,3.159837467490529,0.08072704908728653,capacity-balanced inferred shortest-path assignment on OSM streets; not an as-built feeder
SYN-1441,365927134,Rimski Sancevi,1829023135,2.592062467490529,0.08072704908728653,capacity-balanced inferred shortest-path assignment on OSM streets; not an as-built feeder
SYN-1442,365927134,Rimski Sancevi,10979449095,2.263455467490529,0.08072704908728653,capacity-balanced inferred shortest-path assignment on OSM streets; not an as-built feeder
SYN-1443,365927134,Rimski Sancevi,1234225999,3.0370564674905287,0.08072704908728653,capacity-balanced inferred shortest-path assignment on OSM streets; not an as-built feeder
SYN-1444,365927134,Rimski Sancevi,3616227645,3.057772467490529,0.08072704908728653,capacity-balanced inferred shortest-path assignment on OSM streets; not an as-built feeder
SYN-1445,365927134,Rimski Sancevi,12981824349,2.946470467490528,0.08072704908728653,capacity-balanced inferred shortest-path assignment on OSM streets; not an as-built feeder
SYN-1446,365927134,Rimski Sancevi,2894822528,3.2918324674905284,0.08072704908728653,capacity-balanced inferred shortest-path assignment on OSM streets; not an as-built feeder
SYN-1447,365927134,Rimski Sancevi,1829023167,2.4231774674905293,0.08072704908728653,capacity-balanced inferred shortest-path assignment on OSM streets; not an as-built feeder
SYN-1448,365927134,Rimski Sancevi,7019547514,2.250478467490529,0.08072704908728653,capacity-balanced inferred shortest-path assignment on OSM streets; not an as-built feeder
SYN-1449,365927134,Rimski Sancevi,1205713564,2.943311467490529,0.08072704908728653,capacity-balanced inferred shortest-path assignment on OSM streets; not an as-built feeder
SYN-1450,365927134,Rimski Sancevi,1205713605,2.851498467490529,0.08072704908728653,capacity-balanced inferred shortest-path assignment on OSM streets; not an as-built feeder
SYN-1451,365927134,Rimski Sancevi,1205713605,2.851498467490529,0.08072704908728653,capacity-balanced inferred shortest-path assignment on OSM streets; not an as-built feeder
SYN-1452,365927134,Rimski Sancevi,3616227629,3.286270467490528,0.08072704908728653,capacity-balanced inferred shortest-path assignment on OSM streets; not an as-built feeder
SYN-1453,365927134,Rimski Sancevi,1234226049,1.8516234674905292,0.13429314120830693,capacity-balanced inferred shortest-path assignment on OSM streets; not an as-built feeder
SYN-1454,365927134,Rimski Sancevi,3611233897,2.2360774674905293,0.03412120514619261,capacity-balanced inferred shortest-path assignment on OSM streets; not an as-built feeder
SYN-1455,365927134,Rimski Sancevi,11889125602,1.993579467490529,0.03412120514619261,capacity-balanced inferred shortest-path assignment on OSM streets; not an as-built feeder
SYN-1456,365927134,Rimski Sancevi,1829023137,2.289990467490529,0.02170799252371074,capacity-balanced inferred shortest-path assignment on OSM streets; not an as-built feeder
SYN-1457,365927134,Rimski Sancevi,13530309814,1.0239584674905289,0.08158438852918827,capacity-balanced inferred shortest-path assignment on OSM streets; not an as-built feeder
SYN-1458,365927134,Rimski Sancevi,13530309827,1.487880467490529,0.08158438852918827,capacity-balanced inferred shortest-path assignment on OSM streets; not an as-built feeder
SYN-1459,365927134,Rimski Sancevi,1234226043,1.955612467490529,0.08158438852918827,capacity-balanced inferred shortest-path assignment on OSM streets; not an as-built feeder
SYN-1460,365927134,Rimski Sancevi,3607831484,1.165836467490529,0.08158438852918827,capacity-balanced inferred shortest-path assignment on OSM streets; not an as-built feeder
SYN-1461,365927134,Rimski Sancevi,3607883857,1.4338254674905289,0.08158438852918827,capacity-balanced inferred shortest-path assignment on OSM streets; not an as-built feeder
SYN-1462,365927134,Rimski Sancevi,12920574855,1.9596434674905292,0.08158438852918827,capacity-balanced inferred shortest-path assignment on OSM streets; not an as-built feeder
SYN-1463,365927134,Rimski Sancevi,3607883681,0.941288467490529,0.08158438852918827,capacity-balanced inferred shortest-path assignment on OSM streets; not an as-built feeder
SYN-1464,365927134,Rimski Sancevi,3610457906,1.4848344674905285,0.08158438852918827,capacity-balanced inferred shortest-path assignment on OSM streets; not an as-built feeder
SYN-1465,365927134,Rimski Sancevi,12920574854,2.0196104674905295,0.08158438852918827,capacity-balanced inferred shortest-path assignment on OSM streets; not an as-built feeder
SYN-1466,365927134,Rimski Sancevi,1570061178,1.4719904674905293,0.08158438852918827,capacity-balanced inferred shortest-path assignment on OSM streets; not an as-built feeder
SYN-1467,365927134,Rimski Sancevi,1234226022,1.280355467490529,0.08158438852918827,capacity-balanced inferred shortest-path assignment on OSM streets; not an as-built feeder
SYN-1468,365927134,Rimski Sancevi,1234226004,1.6818044674905293,0.08158438852918827,capacity-balanced inferred shortest-path assignment on OSM streets; not an as-built feeder
SYN-1469,365927134,Rimski Sancevi,3607831481,1.3167154674905286,0.08158438852918827,capacity-balanced inferred shortest-path assignment on OSM streets; not an as-built feeder
SYN-1470,365927134,Rimski Sancevi,1234226059,1.2080464674905291,0.08158438852918827,capacity-balanced inferred shortest-path assignment on OSM streets; not an as-built feeder
SYN-1471,365927134,Rimski Sancevi,3610457611,1.6718014674905286,0.08158438852918827,capacity-balanced inferred shortest-path assignment on OSM streets; not an as-built feeder
SYN-1472,365927134,Rimski Sancevi,3607883855,1.3228834674905285,0.08158438852918827,capacity-balanced inferred shortest-path assignment on OSM streets; not an as-built feeder
SYN-1473,365927134,Rimski Sancevi,1234226016,1.3779644674905294,0.08158438852918827,capacity-balanced inferred shortest-path assignment on OSM streets; not an as-built feeder
SYN-1474,365927134,Rimski Sancevi,13530309826,1.4849804674905291,0.08158438852918827,capacity-balanced inferred shortest-path assignment on OSM streets; not an as-built feeder
SYN-1475,365927134,Rimski Sancevi,11890822009,1.5061374674905292,0.08158438852918827,capacity-balanced inferred shortest-path assignment on OSM streets; not an as-built feeder
SYN-1476,365927134,Rimski Sancevi,1234226059,1.2080464674905291,0.08158438852918827,capacity-balanced inferred shortest-path assignment on OSM streets; not an as-built feeder
SYN-1477,365927134,Rimski Sancevi,3610457814,1.561683467490529,0.08158438852918827,capacity-balanced inferred shortest-path assignment on OSM streets; not an as-built feeder
SYN-1478,365927134,Rimski Sancevi,11890822009,1.5061374674905292,0.08158438852918827,capacity-balanced inferred shortest-path assignment on OSM streets; not an as-built feeder
SYN-1479,365927134,Rimski Sancevi,1234226061,1.2976954674905292,0.08158438852918827,capacity-balanced inferred shortest-path assignment on OSM streets; not an as-built feeder
SYN-1480,365927134,Rimski Sancevi,3610458059,1.4459514674905296,0.08158438852918827,capacity-balanced inferred shortest-path assignment on OSM streets; not an as-built feeder
SYN-1481,365927134,Rimski Sancevi,11348335906,1.7330224674905295,0.08158438852918827,capacity-balanced inferred shortest-path assignment on OSM streets; not an as-built feeder
SYN-1482,365927134,Rimski Sancevi,1234226051,1.186118467490529,0.08158438852918827,capacity-balanced inferred shortest-path assignment on OSM streets; not an as-built feeder
SYN-1483,365927134,Rimski Sancevi,1234226012,1.344904467490529,0.08158438852918827,capacity-balanced inferred shortest-path assignment on OSM streets; not an as-built feeder
SYN-1484,365927134,Rimski Sancevi,3607831481,1.3167154674905286,0.08158438852918827,capacity-balanced inferred shortest-path assignment on OSM streets; not an as-built feeder
SYN-1485,365927134,Rimski Sancevi,11890743191,1.8193914674905292,0.08158438852918827,capacity-balanced inferred shortest-path assignment on OSM streets; not an as-built feeder
SYN-1486,365927134,Rimski Sancevi,12920574848,1.6561184674905294,0.08158438852918827,capacity-balanced inferred shortest-path assignment on OSM streets; not an as-built feeder
SYN-1487,365927134,Rimski Sancevi,1584128635,1.8994624674905292,0.08158438852918827,capacity-balanced inferred shortest-path assignment on OSM streets; not an as-built feeder
SYN-1488,365927134,Rimski Sancevi,13530309839,1.7511534674905294,0.08158438852918827,capacity-balanced inferred shortest-path assignment on OSM streets; not an as-built feeder
SYN-1489,365927134,Rimski Sancevi,12920574822,1.9309684674905294,0.08158438852918827,capacity-balanced inferred shortest-path assignment on OSM streets; not an as-built feeder
SYN-1490,365927134,Rimski Sancevi,1234226025,1.083767467490529,0.08158438852918827,capacity-balanced inferred shortest-path assignment on OSM streets; not an as-built feeder
SYN-1491,365927134,Rimski Sancevi,1234226009,1.407069467490529,0.08158438852918827,capacity-balanced inferred shortest-path assignment on OSM streets; not an as-built feeder
SYN-1492,365927134,Rimski Sancevi,1234226009,1.407069467490529,0.08158438852918827,capacity-balanced inferred shortest-path assignment on OSM streets; not an as-built feeder
SYN-1493,365927134,Rimski Sancevi,1234226016,1.3779644674905294,0.08158438852918827,capacity-balanced inferred shortest-path assignment on OSM streets; not an as-built feeder
SYN-1494,365927134,Rimski Sancevi,12406472272,1.5532304674905295,0.08158438852918827,capacity-balanced inferred shortest-path assignment on OSM streets; not an as-built feeder
SYN-1495,365927134,Rimski Sancevi,3607883660,0.947033467490529,0.08158438852918827,capacity-balanced inferred shortest-path assignment on OSM streets; not an as-built feeder
SYN-1496,365927134,Rimski Sancevi,2684760808,0.972787467490529,0.08158438852918827,capacity-balanced inferred shortest-path assignment on OSM streets; not an as-built feeder
SYN-1497,365927134,Rimski Sancevi,10979462201,1.9643484674905292,0.08158438852918827,capacity-balanced inferred shortest-path assignment on OSM streets; not an as-built feeder
SYN-1498,365927134,Rimski Sancevi,11889125605,1.3028624674905294,0.08158438852918827,capacity-balanced inferred shortest-path assignment on OSM streets; not an as-built feeder
SYN-1499,365927134,Rimski Sancevi,3569915498,1.8965814674905281,0.08424638108493748,capacity-balanced inferred shortest-path assignment on OSM streets; not an as-built feeder
SYN-1500,365927134,Rimski Sancevi,3566339225,1.3130474674905286,0.08424638108493748,capacity-balanced inferred shortest-path assignment on OSM streets; not an as-built feeder
SYN-1501,365927134,Rimski Sancevi,1570034935,1.4695904674905287,0.08424638108493748,capacity-balanced inferred shortest-path assignment on OSM streets; not an as-built feeder
SYN-1502,365927134,Rimski Sancevi,3608929596,1.3195544674905286,0.08424638108493748,capacity-balanced inferred shortest-path assignment on OSM streets; not an as-built feeder
SYN-1503,365927134,Rimski Sancevi,1570035516,1.4621474674905284,0.08424638108493748,capacity-balanced inferred shortest-path assignment on OSM streets; not an as-built feeder
SYN-1504,365927134,Rimski Sancevi,12981824343,1.3941554674905285,0.08424638108493748,capacity-balanced inferred shortest-path assignment on OSM streets; not an as-built feeder
SYN-1505,365927134,Rimski Sancevi,3566339229,1.2744834674905285,0.08424638108493748,capacity-balanced inferred shortest-path assignment on OSM streets; not an as-built feeder
SYN-1506,365927134,Rimski Sancevi,12003242580,1.7917534674905287,0.08424638108493748,capacity-balanced inferred shortest-path assignment on OSM streets; not an as-built feeder
SYN-1507,365927134,Rimski Sancevi,3569915498,1.8965814674905281,0.08424638108493748,capacity-balanced inferred shortest-path assignment on OSM streets; not an as-built feeder
SYN-1508,365927134,Rimski Sancevi,2269264487,1.3186514674905288,0.08903176479568531,capacity-balanced inferred shortest-path assignment on OSM streets; not an as-built feeder
SYN-1509,365927134,Rimski Sancevi,3563783663,1.3477454674905287,0.08903176479568531,capacity-balanced inferred shortest-path assignment on OSM streets; not an as-built feeder
SYN-1510,365927134,Rimski Sancevi,3563773558,1.3581794674905288,0.08903176479568531,capacity-balanced inferred shortest-path assignment on OSM streets; not an as-built feeder
SYN-1511,365927134,Rimski Sancevi,3450496710,2.841123467490527,0.08903176479568531,capacity-balanced inferred shortest-path assignment on OSM streets; not an as-built feeder
SYN-1512,365927134,Rimski Sancevi,3552331819,2.0832164674905287,0.08239372963716486,capacity-balanced inferred shortest-path assignment on OSM streets; not an as-built feeder
SYN-1513,365927134,Rimski Sancevi,3552331860,1.9867574674905293,0.08239372963716486,capacity-balanced inferred shortest-path assignment on OSM streets; not an as-built feeder
SYN-1514,365927134,Rimski Sancevi,12948983045,1.9964304674905295,0.08239372963716486,capacity-balanced inferred shortest-path assignment on OSM streets; not an as-built feeder
SYN-1515,365927134,Rimski Sancevi,3553395679,2.306562467490529,0.08239372963716486,capacity-balanced inferred shortest-path assignment on OSM streets; not an as-built feeder
SYN-1516,365927134,Rimski Sancevi,3552315267,1.8487004674905296,0.08239372963716486,capacity-balanced inferred shortest-path assignment on OSM streets; not an as-built feeder
SYN-1517,365927134,Rimski Sancevi,3553577945,2.5878654674905293,0.08239372963716486,capacity-balanced inferred shortest-path assignment on OSM streets; not an as-built feeder
SYN-1518,365927134,Rimski Sancevi,3553919601,2.165340467490529,0.08239372963716486,capacity-balanced inferred shortest-path assignment on OSM streets; not an as-built feeder
SYN-1519,365927134,Rimski Sancevi,3553845815,1.8808804674905295,0.08239372963716486,capacity-balanced inferred shortest-path assignment on OSM streets; not an as-built feeder
SYN-1520,365927134,Rimski Sancevi,11530369054,2.1152174674905297,0.08239372963716486,capacity-balanced inferred shortest-path assignment on OSM streets; not an as-built feeder
SYN-1521,365927134,Rimski Sancevi,3552315216,2.0751644674905294,0.08239372963716486,capacity-balanced inferred shortest-path assignment on OSM streets; not an as-built feeder
SYN-1522,365927134,Rimski Sancevi,1570061013,2.059467467490529,0.08239372963716486,capacity-balanced inferred shortest-path assignment on OSM streets; not an as-built feeder
SYN-1523,365927134,Rimski Sancevi,3552315250,2.1983274674905293,0.08239372963716486,capacity-balanced inferred shortest-path assignment on OSM streets; not an as-built feeder
SYN-1524,365927134,Rimski Sancevi,12948983045,1.9964304674905295,0.08239372963716486,capacity-balanced inferred shortest-path assignment on OSM streets; not an as-built feeder
SYN-1525,365927134,Rimski Sancevi,3553397815,1.9531564674905295,0.08239372963716486,capacity-balanced inferred shortest-path assignment on OSM streets; not an as-built feeder
SYN-1526,365927134,Rimski Sancevi,3552315245,1.89135246749053,0.08239372963716486,capacity-balanced inferred shortest-path assignment on OSM streets; not an as-built feeder
SYN-1527,365927134,Rimski Sancevi,3552315228,2.2954044674905294,0.0251871674396798,capacity-balanced inferred shortest-path assignment on OSM streets; not an as-built feeder
SYN-1528,365927134,Rimski Sancevi,14039487357,3.3760794674905297,0.09129914021920088,capacity-balanced inferred shortest-path assignment on OSM streets; not an as-built feeder
SYN-1529,365927134,Rimski Sancevi,8456593330,3.3325854674905298,0.09129914021920088,capacity-balanced inferred shortest-path assignment on OSM streets; not an as-built feeder
SYN-1530,365927134,Rimski Sancevi,14039487359,3.2506774674905294,0.09129914021920088,capacity-balanced inferred shortest-path assignment on OSM streets; not an as-built feeder
SYN-1635,365927134,Rimski Sancevi,3561151917,2.6762194674905286,0.0317560453524563,capacity-balanced inferred shortest-path assignment on OSM streets; not an as-built feeder
SYN-1636,365927134,Rimski Sancevi,3061990456,2.6096494674905295,0.08116634730629697,capacity-balanced inferred shortest-path assignment on OSM streets; not an as-built feeder
SYN-1637,365927134,Rimski Sancevi,12981824375,2.1879214674905296,0.08116634730629697,capacity-balanced inferred shortest-path assignment on OSM streets; not an as-built feeder
SYN-1638,365927134,Rimski Sancevi,7026423825,2.797684467490529,0.08116634730629697,capacity-balanced inferred shortest-path assignment on OSM streets; not an as-built feeder
SYN-1639,365927134,Rimski Sancevi,1570034566,2.782073467490529,0.08116634730629697,capacity-balanced inferred shortest-path assignment on OSM streets; not an as-built feeder
SYN-1640,365927134,Rimski Sancevi,903506470,2.0782554674905285,0.08116634730629697,capacity-balanced inferred shortest-path assignment on OSM streets; not an as-built feeder
SYN-1641,365927134,Rimski Sancevi,7287916291,2.8279894674905295,0.08116634730629697,capacity-balanced inferred shortest-path assignment on OSM streets; not an as-built feeder
SYN-1642,365927134,Rimski Sancevi,903506696,2.430654467490529,0.08116634730629697,capacity-balanced inferred shortest-path assignment on OSM streets; not an as-built feeder
SYN-1643,365927134,Rimski Sancevi,3555055610,2.492026467490529,0.08116634730629697,capacity-balanced inferred shortest-path assignment on OSM streets; not an as-built feeder
SYN-1644,365927134,Rimski Sancevi,1570034603,2.721284467490529,0.08116634730629697,capacity-balanced inferred shortest-path assignment on OSM streets; not an as-built feeder
SYN-1645,365927134,Rimski Sancevi,1213404046,3.0734654674905286,0.08116634730629697,capacity-balanced inferred shortest-path assignment on OSM streets; not an as-built feeder
SYN-1646,365927134,Rimski Sancevi,3073594793,1.684310467490529,0.08116634730629697,capacity-balanced inferred shortest-path assignment on OSM streets; not an as-built feeder
SYN-1647,365927134,Rimski Sancevi,3633632482,3.1385184674905293,0.08116634730629697,capacity-balanced inferred shortest-path assignment on OSM streets; not an as-built feeder
SYN-1648,365927134,Rimski Sancevi,903506470,2.0782554674905285,0.08116634730629697,capacity-balanced inferred shortest-path assignment on OSM streets; not an as-built feeder
SYN-1649,365927134,Rimski Sancevi,3077496852,2.932750467490529,0.08116634730629697,capacity-balanced inferred shortest-path assignment on OSM streets; not an as-built feeder
SYN-1650,365927134,Rimski Sancevi,903506191,2.284147467490529,0.08116634730629697,capacity-balanced inferred shortest-path assignment on OSM streets; not an as-built feeder
SYN-1651,365927134,Rimski Sancevi,3073594699,1.7517184674905288,0.08116634730629697,capacity-balanced inferred shortest-path assignment on OSM streets; not an as-built feeder
SYN-1652,365927134,Rimski Sancevi,1570034644,2.6550624674905303,0.08116634730629697,capacity-balanced inferred shortest-path assignment on OSM streets; not an as-built feeder
SYN-1653,365927134,Rimski Sancevi,3061990454,2.7738444674905294,0.08116634730629697,capacity-balanced inferred shortest-path assignment on OSM streets; not an as-built feeder
SYN-1654,365927134,Rimski Sancevi,3068199242,2.400518467490529,0.08116634730629697,capacity-balanced inferred shortest-path assignment on OSM streets; not an as-built feeder
SYN-1655,365927134,Rimski Sancevi,11891149883,1.5945694674905286,0.08116634730629697,capacity-balanced inferred shortest-path assignment on OSM streets; not an as-built feeder
SYN-1656,365927134,Rimski Sancevi,1570034612,2.432247467490529,0.08116634730629697,capacity-balanced inferred shortest-path assignment on OSM streets; not an as-built feeder
SYN-1657,365927134,Rimski Sancevi,9755780240,3.002013467490529,0.08116634730629697,capacity-balanced inferred shortest-path assignment on OSM streets; not an as-built feeder
SYN-1658,365927134,Rimski Sancevi,3589585387,2.530588467490529,0.08116634730629697,capacity-balanced inferred shortest-path assignment on OSM streets; not an as-built feeder
SYN-1659,365927134,Rimski Sancevi,1829028316,2.4130384674905296,0.08116634730629697,capacity-balanced inferred shortest-path assignment on OSM streets; not an as-built feeder
SYN-1660,365927134,Rimski Sancevi,3061990455,2.7638014674905294,0.08116634730629697,capacity-balanced inferred shortest-path assignment on OSM streets; not an as-built feeder
SYN-1661,365927134,Rimski Sancevi,3589585373,3.1989784674905284,0.08116634730629697,capacity-balanced inferred shortest-path assignment on OSM streets; not an as-built feeder
SYN-1662,365927134,Rimski Sancevi,14024414464,2.897929467490529,0.08116634730629697,capacity-balanced inferred shortest-path assignment on OSM streets; not an as-built feeder
SYN-1663,365927134,Rimski Sancevi,903506696,2.430654467490529,0.08116634730629697,capacity-balanced inferred shortest-path assignment on OSM streets; not an as-built feeder
SYN-1664,365927134,Rimski Sancevi,1570034629,2.615946467490529,0.08116634730629697,capacity-balanced inferred shortest-path assignment on OSM streets; not an as-built feeder
SYN-1665,365927134,Rimski Sancevi,903506470,2.0782554674905285,0.08116634730629697,capacity-balanced inferred shortest-path assignment on OSM streets; not an as-built feeder
SYN-1666,365927134,Rimski Sancevi,903506691,2.702035467490529,0.08116634730629697,capacity-balanced inferred shortest-path assignment on OSM streets; not an as-built feeder
SYN-1667,365927134,Rimski Sancevi,3073594760,1.757346467490529,0.08116634730629697,capacity-balanced inferred shortest-path assignment on OSM streets; not an as-built feeder
SYN-1668,365927134,Rimski Sancevi,2930903296,2.9664674674905296,0.08116634730629697,capacity-balanced inferred shortest-path assignment on OSM streets; not an as-built feeder
SYN-1669,365927134,Rimski Sancevi,9755780245,3.2761244674905297,0.08116634730629697,capacity-balanced inferred shortest-path assignment on OSM streets; not an as-built feeder
SYN-1670,365927134,Rimski Sancevi,903506604,2.8405824674905293,0.08116634730629697,capacity-balanced inferred shortest-path assignment on OSM streets; not an as-built feeder
SYN-1671,365927134,Rimski Sancevi,1570047999,2.025153467490529,0.08116634730629697,capacity-balanced inferred shortest-path assignment on OSM streets; not an as-built feeder
SYN-1672,365927134,Rimski Sancevi,3077901865,2.218200467490529,0.08116634730629697,capacity-balanced inferred shortest-path assignment on OSM streets; not an as-built feeder
SYN-1673,365927134,Rimski Sancevi,13858627177,2.60249346749053,0.08116634730629697,capacity-balanced inferred shortest-path assignment on OSM streets; not an as-built feeder
SYN-1674,365927134,Rimski Sancevi,3077901865,2.218200467490529,0.08116634730629697,capacity-balanced inferred shortest-path assignment on OSM streets; not an as-built feeder
SYN-1675,365927134,Rimski Sancevi,13858627176,2.70721546749053,0.08116634730629697,capacity-balanced inferred shortest-path assignment on OSM streets; not an as-built feeder
SYN-1676,365927134,Rimski Sancevi,3061990454,2.7738444674905294,0.08116634730629697,capacity-balanced inferred shortest-path assignment on OSM streets; not an as-built feeder
SYN-1677,365927134,Rimski Sancevi,3073594758,1.641967467490529,0.08116634730629697,capacity-balanced inferred shortest-path assignment on OSM streets; not an as-built feeder
SYN-1678,365927134,Rimski Sancevi,3633638425,2.526532467490529,0.08116634730629697,capacity-balanced inferred shortest-path assignment on OSM streets; not an as-built feeder
SYN-1679,365927134,Rimski Sancevi,3589585387,2.530588467490529,0.08116634730629697,capacity-balanced inferred shortest-path assignment on OSM streets; not an as-built feeder
SYN-1680,365927134,Rimski Sancevi,3061990456,2.6096494674905295,0.08116634730629697,capacity-balanced inferred shortest-path assignment on OSM streets; not an as-built feeder
SYN-1681,365927134,Rimski Sancevi,14024020268,2.8739754674905287,0.08116634730629697,capacity-balanced inferred shortest-path assignment on OSM streets; not an as-built feeder
SYN-1682,365927134,Rimski Sancevi,1829028316,2.4130384674905296,0.08116634730629697,capacity-balanced inferred shortest-path assignment on OSM streets; not an as-built feeder
SYN-1683,365927134,Rimski Sancevi,1213404094,3.0237634674905283,0.08116634730629697,capacity-balanced inferred shortest-path assignment on OSM streets; not an as-built feeder
SYN-1684,365927134,Rimski Sancevi,9755780244,3.2068164674905297,0.08116634730629697,capacity-balanced inferred shortest-path assignment on OSM streets; not an as-built feeder
SYN-1685,365927134,Rimski Sancevi,3073594425,1.9462384674905289,0.08116634730629697,capacity-balanced inferred shortest-path assignment on OSM streets; not an as-built feeder
SYN-1686,365927134,Rimski Sancevi,1570034612,2.432247467490529,0.08116634730629697,capacity-balanced inferred shortest-path assignment on OSM streets; not an as-built feeder
SYN-1687,365927134,Rimski Sancevi,3061990453,2.9156324674905294,0.08116634730629697,capacity-balanced inferred shortest-path assignment on OSM streets; not an as-built feeder
SYN-1688,365927134,Rimski Sancevi,13970884230,2.2735824674905296,0.08116634730629697,capacity-balanced inferred shortest-path assignment on OSM streets; not an as-built feeder
SYN-1689,365927134,Rimski Sancevi,13858631067,2.232390467490529,0.08116634730629697,capacity-balanced inferred shortest-path assignment on OSM streets; not an as-built feeder
SYN-1690,365927134,Rimski Sancevi,7287916294,2.4699124674905293,0.08116634730629697,capacity-balanced inferred shortest-path assignment on OSM streets; not an as-built feeder
SYN-1691,365927134,Rimski Sancevi,3061990454,2.7738444674905294,0.08116634730629697,capacity-balanced inferred shortest-path assignment on OSM streets; not an as-built feeder
SYN-1692,365927134,Rimski Sancevi,1570040061,2.757980467490529,0.08116634730629697,capacity-balanced inferred shortest-path assignment on OSM streets; not an as-built feeder
SYN-1693,365927134,Rimski Sancevi,3634586956,2.872358467490529,0.08116634730629697,capacity-balanced inferred shortest-path assignment on OSM streets; not an as-built feeder
SYN-1694,365927134,Rimski Sancevi,3589711759,2.983759467490529,0.08116634730629697,capacity-balanced inferred shortest-path assignment on OSM streets; not an as-built feeder
SYN-1695,365927134,Rimski Sancevi,3073594750,1.806025467490529,0.08116634730629697,capacity-balanced inferred shortest-path assignment on OSM streets; not an as-built feeder
SYN-1696,365927134,Rimski Sancevi,13858631067,2.232390467490529,0.08116634730629697,capacity-balanced inferred shortest-path assignment on OSM streets; not an as-built feeder
SYN-1697,365927134,Rimski Sancevi,3607737848,3.222550467490528,0.12320211547522061,capacity-balanced inferred shortest-path assignment on OSM streets; not an as-built feeder
SYN-1698,365927134,Rimski Sancevi,1205664487,3.8144334674905287,0.08404129195057779,capacity-balanced inferred shortest-path assignment on OSM streets; not an as-built feeder
SYN-1699,365927134,Rimski Sancevi,2894822518,3.4720814674905287,0.08404129195057779,capacity-balanced inferred shortest-path assignment on OSM streets; not an as-built feeder
SYN-1700,365927134,Rimski Sancevi,11716927632,3.637991467490529,0.08404129195057779,capacity-balanced inferred shortest-path assignment on OSM streets; not an as-built feeder
SYN-1701,365927134,Rimski Sancevi,1205664498,4.04137346749053,0.08404129195057779,capacity-balanced inferred shortest-path assignment on OSM streets; not an as-built feeder
SYN-1702,365927134,Rimski Sancevi,1205664487,3.8144334674905287,0.08404129195057779,capacity-balanced inferred shortest-path assignment on OSM streets; not an as-built feeder
SYN-1703,365927134,Rimski Sancevi,6804836899,3.4390114674905288,0.08404129195057779,capacity-balanced inferred shortest-path assignment on OSM streets; not an as-built feeder
SYN-1704,365927134,Rimski Sancevi,13409844254,3.4106904674905274,0.08404129195057779,capacity-balanced inferred shortest-path assignment on OSM streets; not an as-built feeder
SYN-1705,365927134,Rimski Sancevi,1205664499,3.5204304674905282,0.08404129195057779,capacity-balanced inferred shortest-path assignment on OSM streets; not an as-built feeder
SYN-1706,365927134,Rimski Sancevi,1205713395,3.6019314674905285,0.08404129195057779,capacity-balanced inferred shortest-path assignment on OSM streets; not an as-built feeder
SYN-1707,365927134,Rimski Sancevi,1205664499,3.5204304674905282,0.08404129195057779,capacity-balanced inferred shortest-path assignment on OSM streets; not an as-built feeder
SYN-1708,365927134,Rimski Sancevi,2524027922,3.8832504674905284,0.08404129195057779,capacity-balanced inferred shortest-path assignment on OSM streets; not an as-built feeder
SYN-1709,365927134,Rimski Sancevi,6804836905,3.5775574674905286,0.08404129195057779,capacity-balanced inferred shortest-path assignment on OSM streets; not an as-built feeder
SYN-1710,365927134,Rimski Sancevi,1205664487,3.8144334674905287,0.08404129195057779,capacity-balanced inferred shortest-path assignment on OSM streets; not an as-built feeder
SYN-1711,365927134,Rimski Sancevi,1205713514,3.9024604674905286,0.08404129195057779,capacity-balanced inferred shortest-path assignment on OSM streets; not an as-built feeder
SYN-1712,365927134,Rimski Sancevi,11890949336,3.9897814674905283,0.08404129195057779,capacity-balanced inferred shortest-path assignment on OSM streets; not an as-built feeder
SYN-1713,365927134,Rimski Sancevi,1205664490,3.6917114674905283,0.08404129195057779,capacity-balanced inferred shortest-path assignment on OSM streets; not an as-built feeder
SYN-1714,365927134,Rimski Sancevi,1205713395,3.6019314674905285,0.08404129195057779,capacity-balanced inferred shortest-path assignment on OSM streets; not an as-built feeder
SYN-1716,365927134,Rimski Sancevi,1205713509,3.719012467490529,0.08404129195057779,capacity-balanced inferred shortest-path assignment on OSM streets; not an as-built feeder
SYN-1720,365927134,Rimski Sancevi,6811637824,3.8091064674905297,0.08201334189745285,capacity-balanced inferred shortest-path assignment on OSM streets; not an as-built feeder
SYN-1723,365927134,Rimski Sancevi,3061873317,4.211680467490529,0.08201334189745285,capacity-balanced inferred shortest-path assignment on OSM streets; not an as-built feeder
SYN-1725,365927134,Rimski Sancevi,1205713611,3.9252694674905286,0.08201334189745285,capacity-balanced inferred shortest-path assignment on OSM streets; not an as-built feeder
SYN-1726,365927134,Rimski Sancevi,10979449104,3.4982484674905296,0.08201334189745285,capacity-balanced inferred shortest-path assignment on OSM streets; not an as-built feeder
SYN-1727,365927134,Rimski Sancevi,1205713400,3.9807394674905288,0.08201334189745285,capacity-balanced inferred shortest-path assignment on OSM streets; not an as-built feeder
SYN-1730,365927134,Rimski Sancevi,1205713527,4.123564467490529,0.08201334189745285,capacity-balanced inferred shortest-path assignment on OSM streets; not an as-built feeder
SYN-1731,365927134,Rimski Sancevi,3215487974,4.062950467490529,0.08201334189745285,capacity-balanced inferred shortest-path assignment on OSM streets; not an as-built feeder
SYN-1732,365927134,Rimski Sancevi,2683243692,4.00431546749053,0.08201334189745285,capacity-balanced inferred shortest-path assignment on OSM streets; not an as-built feeder
SYN-1733,365927134,Rimski Sancevi,6804836905,3.5775574674905286,0.08201334189745285,capacity-balanced inferred shortest-path assignment on OSM streets; not an as-built feeder
SYN-1734,365927134,Rimski Sancevi,3215617179,4.292593467490529,0.08201334189745285,capacity-balanced inferred shortest-path assignment on OSM streets; not an as-built feeder
SYN-1735,365927134,Rimski Sancevi,2683243689,3.91869946749053,0.08201334189745285,capacity-balanced inferred shortest-path assignment on OSM streets; not an as-built feeder
SYN-1737,365927134,Rimski Sancevi,6775149452,3.812238467490529,0.08201334189745285,capacity-balanced inferred shortest-path assignment on OSM streets; not an as-built feeder
SYN-1738,365927134,Rimski Sancevi,3641479210,4.240865467490529,0.08201334189745285,capacity-balanced inferred shortest-path assignment on OSM streets; not an as-built feeder
SYN-1742,365927134,Rimski Sancevi,1205713358,3.9893744674905287,0.08201334189745285,capacity-balanced inferred shortest-path assignment on OSM streets; not an as-built feeder
SYN-1744,365927134,Rimski Sancevi,10979462167,3.7142604674905297,0.08201334189745285,capacity-balanced inferred shortest-path assignment on OSM streets; not an as-built feeder
SYN-1746,365927134,Rimski Sancevi,10979462168,3.630245467490529,0.08201334189745285,capacity-balanced inferred shortest-path assignment on OSM streets; not an as-built feeder
SYN-1747,365927134,Rimski Sancevi,1205713558,4.081647467490529,0.08201334189745285,capacity-balanced inferred shortest-path assignment on OSM streets; not an as-built feeder
SYN-1748,365927134,Rimski Sancevi,3216357030,3.97029246749053,0.08201334189745285,capacity-balanced inferred shortest-path assignment on OSM streets; not an as-built feeder
SYN-1750,365927134,Rimski Sancevi,3215487961,4.34618346749053,0.08201334189745285,capacity-balanced inferred shortest-path assignment on OSM streets; not an as-built feeder
SYN-1752,365927134,Rimski Sancevi,6804836905,3.5775574674905286,0.08201334189745285,capacity-balanced inferred shortest-path assignment on OSM streets; not an as-built feeder
SYN-1753,365927134,Rimski Sancevi,3215488162,4.127438467490529,0.08201334189745285,capacity-balanced inferred shortest-path assignment on OSM streets; not an as-built feeder
SYN-1757,365927134,Rimski Sancevi,1205713485,4.0321244674905286,0.08201334189745285,capacity-balanced inferred shortest-path assignment on OSM streets; not an as-built feeder
SYN-1758,365927134,Rimski Sancevi,1207161717,3.8623864674905297,0.08201334189745285,capacity-balanced inferred shortest-path assignment on OSM streets; not an as-built feeder
SYN-1759,365927134,Rimski Sancevi,1205713400,3.9807394674905288,0.08201334189745285,capacity-balanced inferred shortest-path assignment on OSM streets; not an as-built feeder
SYN-1762,365927134,Rimski Sancevi,3071495673,3.426927467490529,0.0830481951415349,capacity-balanced inferred shortest-path assignment on OSM streets; not an as-built feeder
SYN-1763,365927134,Rimski Sancevi,3218086331,3.750121467490529,0.0830481951415349,capacity-balanced inferred shortest-path assignment on OSM streets; not an as-built feeder
SYN-1764,365927134,Rimski Sancevi,10983239764,3.73197146749053,0.0830481951415349,capacity-balanced inferred shortest-path assignment on OSM streets; not an as-built feeder
SYN-1765,365927134,Rimski Sancevi,3641058038,3.5268624674905302,0.0830481951415349,capacity-balanced inferred shortest-path assignment on OSM streets; not an as-built feeder
SYN-1766,365927134,Rimski Sancevi,2735418048,3.538126467490529,0.0830481951415349,capacity-balanced inferred shortest-path assignment on OSM streets; not an as-built feeder
SYN-1767,365927134,Rimski Sancevi,12892378932,3.8453314674905306,0.0830481951415349,capacity-balanced inferred shortest-path assignment on OSM streets; not an as-built feeder
SYN-1768,365927134,Rimski Sancevi,2735418052,3.7978244674905293,0.0830481951415349,capacity-balanced inferred shortest-path assignment on OSM streets; not an as-built feeder
SYN-1769,365927134,Rimski Sancevi,3641058055,3.54422046749053,0.0830481951415349,capacity-balanced inferred shortest-path assignment on OSM streets; not an as-built feeder
SYN-1770,365927134,Rimski Sancevi,3641058154,3.28545346749053,0.0830481951415349,capacity-balanced inferred shortest-path assignment on OSM streets; not an as-built feeder
SYN-1771,365927134,Rimski Sancevi,3061979770,3.2735324674905297,0.0830481951415349,capacity-balanced inferred shortest-path assignment on OSM streets; not an as-built feeder
SYN-1772,365927134,Rimski Sancevi,3641057836,3.78483146749053,0.0830481951415349,capacity-balanced inferred shortest-path assignment on OSM streets; not an as-built feeder
SYN-1773,365927134,Rimski Sancevi,3061979768,3.3022944674905297,0.0830481951415349,capacity-balanced inferred shortest-path assignment on OSM streets; not an as-built feeder
SYN-1774,365927134,Rimski Sancevi,2683255914,3.4589204674905294,0.0830481951415349,capacity-balanced inferred shortest-path assignment on OSM streets; not an as-built feeder
SYN-1775,365927134,Rimski Sancevi,3641058283,3.4165704674905295,0.0830481951415349,capacity-balanced inferred shortest-path assignment on OSM streets; not an as-built feeder
SYN-1776,365927134,Rimski Sancevi,3071495672,3.4072744674905295,0.0830481951415349,capacity-balanced inferred shortest-path assignment on OSM streets; not an as-built feeder
SYN-1789,365927134,Rimski Sancevi,2331640002,2.038090467490528,0.07941763664225465,capacity-balanced inferred shortest-path assignment on OSM streets; not an as-built feeder
SYN-1790,365927134,Rimski Sancevi,6539928969,2.159058467490528,0.07941763664225465,capacity-balanced inferred shortest-path assignment on OSM streets; not an as-built feeder
SYN-1791,365927134,Rimski Sancevi,6539928968,2.251185467490528,0.07941763664225465,capacity-balanced inferred shortest-path assignment on OSM streets; not an as-built feeder
SYN-1792,365927134,Rimski Sancevi,6547960371,1.8949484674905284,0.07941763664225465,capacity-balanced inferred shortest-path assignment on OSM streets; not an as-built feeder
SYN-1794,365927134,Rimski Sancevi,7044014478,5.2874754674905295,0.08204329491753014,capacity-balanced inferred shortest-path assignment on OSM streets; not an as-built feeder
SYN-1795,365927134,Rimski Sancevi,1241691396,5.01337546749053,0.08204329491753014,capacity-balanced inferred shortest-path assignment on OSM streets; not an as-built feeder
SYN-1796,365927134,Rimski Sancevi,1241691433,4.85245746749053,0.08204329491753014,capacity-balanced inferred shortest-path assignment on OSM streets; not an as-built feeder
SYN-1797,365927134,Rimski Sancevi,1241691421,5.10390446749053,0.08204329491753014,capacity-balanced inferred shortest-path assignment on OSM streets; not an as-built feeder
SYN-1798,365927134,Rimski Sancevi,1241691421,5.10390446749053,0.08204329491753014,capacity-balanced inferred shortest-path assignment on OSM streets; not an as-built feeder
SYN-1799,365927134,Rimski Sancevi,7044014475,5.03790546749053,0.08204329491753014,capacity-balanced inferred shortest-path assignment on OSM streets; not an as-built feeder
SYN-1800,365927134,Rimski Sancevi,1241691222,5.11383446749053,0.08204329491753014,capacity-balanced inferred shortest-path assignment on OSM streets; not an as-built feeder
SYN-1801,365927134,Rimski Sancevi,1241691433,4.85245746749053,0.08204329491753014,capacity-balanced inferred shortest-path assignment on OSM streets; not an as-built feeder
SYN-1802,365927134,Rimski Sancevi,1241691365,4.9216514674905305,0.08204329491753014,capacity-balanced inferred shortest-path assignment on OSM streets; not an as-built feeder
SYN-1803,365927134,Rimski Sancevi,1241691421,5.10390446749053,0.08204329491753014,capacity-balanced inferred shortest-path assignment on OSM streets; not an as-built feeder
SYN-1804,365927134,Rimski Sancevi,1241691418,4.968663467490531,0.08204329491753014,capacity-balanced inferred shortest-path assignment on OSM streets; not an as-built feeder
SYN-1805,365927134,Rimski Sancevi,1241691223,5.07440446749053,0.08204329491753014,capacity-balanced inferred shortest-path assignment on OSM streets; not an as-built feeder
SYN-1806,365927134,Rimski Sancevi,1241691375,5.01187246749053,0.08204329491753014,capacity-balanced inferred shortest-path assignment on OSM streets; not an as-built feeder
SYN-1807,365927134,Rimski Sancevi,1241691233,4.936331467490529,0.08204329491753014,capacity-balanced inferred shortest-path assignment on OSM streets; not an as-built feeder
SYN-1808,365927134,Rimski Sancevi,1241691254,4.774816467490529,0.08204329491753014,capacity-balanced inferred shortest-path assignment on OSM streets; not an as-built feeder
SYN-1809,365927134,Rimski Sancevi,1241691433,4.85245746749053,0.08204329491753014,capacity-balanced inferred shortest-path assignment on OSM streets; not an as-built feeder
SYN-1810,365927134,Rimski Sancevi,1241691421,5.10390446749053,0.08204329491753014,capacity-balanced inferred shortest-path assignment on OSM streets; not an as-built feeder
SYN-1811,365927134,Rimski Sancevi,1241691375,5.01187246749053,0.08204329491753014,capacity-balanced inferred shortest-path assignment on OSM streets; not an as-built feeder
SYN-1812,365927134,Rimski Sancevi,11727640503,3.82047846749053,0.08289836129809919,capacity-balanced inferred shortest-path assignment on OSM streets; not an as-built feeder
SYN-1813,365927134,Rimski Sancevi,11727640467,3.7276854674905304,0.08289836129809919,capacity-balanced inferred shortest-path assignment on OSM streets; not an as-built feeder
SYN-1814,365927134,Rimski Sancevi,11727640471,3.9264364674905305,0.08289836129809919,capacity-balanced inferred shortest-path assignment on OSM streets; not an as-built feeder
SYN-1815,365927134,Rimski Sancevi,11727640497,4.2038164674905305,0.08289836129809919,capacity-balanced inferred shortest-path assignment on OSM streets; not an as-built feeder
SYN-1816,365927134,Rimski Sancevi,11727640500,3.86663846749053,0.08289836129809919,capacity-balanced inferred shortest-path assignment on OSM streets; not an as-built feeder
SYN-1817,365927134,Rimski Sancevi,11727640490,3.7863144674905302,0.08289836129809919,capacity-balanced inferred shortest-path assignment on OSM streets; not an as-built feeder
SYN-1818,365927134,Rimski Sancevi,11727640468,3.8023304674905303,0.08289836129809919,capacity-balanced inferred shortest-path assignment on OSM streets; not an as-built feeder
SYN-1819,365927134,Rimski Sancevi,11727640472,3.9314614674905304,0.08289836129809919,capacity-balanced inferred shortest-path assignment on OSM streets; not an as-built feeder
SYN-1820,365927134,Rimski Sancevi,1241691350,3.74621646749053,0.08289836129809919,capacity-balanced inferred shortest-path assignment on OSM streets; not an as-built feeder
SYN-1821,365927134,Rimski Sancevi,11727640496,4.234540467490531,0.08289836129809919,capacity-balanced inferred shortest-path assignment on OSM streets; not an as-built feeder
SYN-1822,365927134,Rimski Sancevi,1241691277,5.05668546749053,0.08289836129809919,capacity-balanced inferred shortest-path assignment on OSM streets; not an as-built feeder
SYN-1823,365927134,Rimski Sancevi,11727640497,4.2038164674905305,0.08289836129809919,capacity-balanced inferred shortest-path assignment on OSM streets; not an as-built feeder
SYN-1824,365927134,Rimski Sancevi,11727640472,3.9314614674905304,0.08289836129809919,capacity-balanced inferred shortest-path assignment on OSM streets; not an as-built feeder
SYN-1825,365927134,Rimski Sancevi,1241691255,5.124587467490529,0.08289836129809919,capacity-balanced inferred shortest-path assignment on OSM streets; not an as-built feeder
SYN-1826,365927134,Rimski Sancevi,11727640472,3.9314614674905304,0.08289836129809919,capacity-balanced inferred shortest-path assignment on OSM streets; not an as-built feeder
SYN-1827,365927134,Rimski Sancevi,11727640496,4.234540467490531,0.08289836129809919,capacity-balanced inferred shortest-path assignment on OSM streets; not an as-built feeder
SYN-1828,365927134,Rimski Sancevi,11727640472,3.9314614674905304,0.08289836129809919,capacity-balanced inferred shortest-path assignment on OSM streets; not an as-built feeder
SYN-1829,365927134,Rimski Sancevi,11727640497,4.2038164674905305,0.08289836129809919,capacity-balanced inferred shortest-path assignment on OSM streets; not an as-built feeder
SYN-1830,365927134,Rimski Sancevi,1241691277,5.05668546749053,0.08289836129809919,capacity-balanced inferred shortest-path assignment on OSM streets; not an as-built feeder
SYN-1831,365927134,Rimski Sancevi,11727640500,3.86663846749053,0.08289836129809919,capacity-balanced inferred shortest-path assignment on OSM streets; not an as-built feeder
SYN-1832,365927134,Rimski Sancevi,1573806756,4.64497046749053,0.08186254873121504,capacity-balanced inferred shortest-path assignment on OSM streets; not an as-built feeder
SYN-1833,365927134,Rimski Sancevi,1573806714,4.68339646749053,0.08186254873121504,capacity-balanced inferred shortest-path assignment on OSM streets; not an as-built feeder
SYN-1834,365927134,Rimski Sancevi,3057570983,4.3104394674905295,0.08186254873121504,capacity-balanced inferred shortest-path assignment on OSM streets; not an as-built feeder
SYN-1835,365927134,Rimski Sancevi,1573806746,4.697510467490529,0.08186254873121504,capacity-balanced inferred shortest-path assignment on OSM streets; not an as-built feeder
SYN-1836,365927134,Rimski Sancevi,1573806709,4.8446124674905295,0.08186254873121504,capacity-balanced inferred shortest-path assignment on OSM streets; not an as-built feeder
SYN-1837,365927134,Rimski Sancevi,1573806726,4.74490246749053,0.08186254873121504,capacity-balanced inferred shortest-path assignment on OSM streets; not an as-built feeder
SYN-1838,365927134,Rimski Sancevi,1573806714,4.68339646749053,0.08186254873121504,capacity-balanced inferred shortest-path assignment on OSM streets; not an as-built feeder
SYN-1839,365927134,Rimski Sancevi,1573789194,4.71319946749053,0.08186254873121504,capacity-balanced inferred shortest-path assignment on OSM streets; not an as-built feeder
SYN-1840,365927134,Rimski Sancevi,1573806778,4.544138467490529,0.08186254873121504,capacity-balanced inferred shortest-path assignment on OSM streets; not an as-built feeder
SYN-1841,365927134,Rimski Sancevi,1573806758,4.526436467490529,0.08186254873121504,capacity-balanced inferred shortest-path assignment on OSM streets; not an as-built feeder
SYN-1842,365927134,Rimski Sancevi,1573806756,4.64497046749053,0.08186254873121504,capacity-balanced inferred shortest-path assignment on OSM streets; not an as-built feeder
SYN-1843,365927134,Rimski Sancevi,3057570983,4.3104394674905295,0.08186254873121504,capacity-balanced inferred shortest-path assignment on OSM streets; not an as-built feeder
SYN-1844,365927134,Rimski Sancevi,1241691305,3.91537546749053,0.08186254873121504,capacity-balanced inferred shortest-path assignment on OSM streets; not an as-built feeder
SYN-1845,365927134,Rimski Sancevi,1573806758,4.526436467490529,0.08186254873121504,capacity-balanced inferred shortest-path assignment on OSM streets; not an as-built feeder
SYN-1846,365927134,Rimski Sancevi,1573789159,4.722246467490528,0.08186254873121504,capacity-balanced inferred shortest-path assignment on OSM streets; not an as-built feeder
SYN-1847,365927134,Rimski Sancevi,1573789159,4.722246467490528,0.08186254873121504,capacity-balanced inferred shortest-path assignment on OSM streets; not an as-built feeder
SYN-1848,365927134,Rimski Sancevi,14023890787,3.8916344674905274,0.10790906058306923,capacity-balanced inferred shortest-path assignment on OSM streets; not an as-built feeder
SYN-1849,365927134,Rimski Sancevi,1570039883,3.998440467490528,0.10790906058306923,capacity-balanced inferred shortest-path assignment on OSM streets; not an as-built feeder
SYN-1850,365927134,Rimski Sancevi,1570040237,3.7516664674905287,0.1320104210369253,capacity-balanced inferred shortest-path assignment on OSM streets; not an as-built feeder
SYN-1851,365927134,Rimski Sancevi,14023890745,3.4917854674905286,0.10634857821217977,capacity-balanced inferred shortest-path assignment on OSM streets; not an as-built feeder
SYN-1852,365927134,Rimski Sancevi,1570039950,3.965455467490529,0.10634857821217977,capacity-balanced inferred shortest-path assignment on OSM streets; not an as-built feeder
SYN-1853,365927134,Rimski Sancevi,14023890775,3.9541334674905277,0.08575818589411639,capacity-balanced inferred shortest-path assignment on OSM streets; not an as-built feeder
SYN-1854,365927134,Rimski Sancevi,13155131658,4.049398467490529,0.08575818589411639,capacity-balanced inferred shortest-path assignment on OSM streets; not an as-built feeder
SYN-1855,365927134,Rimski Sancevi,13155131658,4.049398467490529,0.08575818589411639,capacity-balanced inferred shortest-path assignment on OSM streets; not an as-built feeder
SYN-1856,365927134,Rimski Sancevi,14023890793,3.7794584674905285,0.0954466934233237,capacity-balanced inferred shortest-path assignment on OSM streets; not an as-built feeder
SYN-1857,365927134,Rimski Sancevi,14023890791,3.7259374674905286,0.0954466934233237,capacity-balanced inferred shortest-path assignment on OSM streets; not an as-built feeder
SYN-1858,365927134,Rimski Sancevi,14023972084,3.311919467490529,0.08034031265341662,capacity-balanced inferred shortest-path assignment on OSM streets; not an as-built feeder
SYN-1859,365927134,Rimski Sancevi,1570039575,3.3709954674905283,0.08034031265341662,capacity-balanced inferred shortest-path assignment on OSM streets; not an as-built feeder
SYN-1860,365927134,Rimski Sancevi,1570039425,3.5238324674905286,0.08034031265341662,capacity-balanced inferred shortest-path assignment on OSM streets; not an as-built feeder
SYN-1861,365927134,Rimski Sancevi,1570039703,3.4215044674905286,0.08034031265341662,capacity-balanced inferred shortest-path assignment on OSM streets; not an as-built feeder
SYN-1862,365927134,Rimski Sancevi,1570039425,3.5238324674905286,0.08034031265341662,capacity-balanced inferred shortest-path assignment on OSM streets; not an as-built feeder
SYN-1863,365927134,Rimski Sancevi,1570039425,3.5238324674905286,0.08034031265341662,capacity-balanced inferred shortest-path assignment on OSM streets; not an as-built feeder
SYN-1864,365927134,Rimski Sancevi,14024020244,3.277800467490529,0.08932127276488315,capacity-balanced inferred shortest-path assignment on OSM streets; not an as-built feeder
SYN-1865,365927134,Rimski Sancevi,14024020260,3.0082444674905293,0.08932127276488315,capacity-balanced inferred shortest-path assignment on OSM streets; not an as-built feeder
SYN-1866,365927134,Rimski Sancevi,3057557535,3.496994467490529,0.08932127276488315,capacity-balanced inferred shortest-path assignment on OSM streets; not an as-built feeder
SYN-1867,365927134,Rimski Sancevi,14024020210,3.262831467490529,0.08932127276488315,capacity-balanced inferred shortest-path assignment on OSM streets; not an as-built feeder
SYN-1868,365927134,Rimski Sancevi,14024020256,3.090150467490529,0.07980355484120756,capacity-balanced inferred shortest-path assignment on OSM streets; not an as-built feeder
SYN-1869,365927134,Rimski Sancevi,14023972073,3.354559467490529,0.07980355484120756,capacity-balanced inferred shortest-path assignment on OSM streets; not an as-built feeder
SYN-1870,365927134,Rimski Sancevi,14024020204,3.268809467490529,0.07980355484120756,capacity-balanced inferred shortest-path assignment on OSM streets; not an as-built feeder
SYN-1871,365927134,Rimski Sancevi,14023972073,3.354559467490529,0.07980355484120756,capacity-balanced inferred shortest-path assignment on OSM streets; not an as-built feeder
SYN-1872,365927134,Rimski Sancevi,14024216966,3.2883624674905287,0.09213616147466681,capacity-balanced inferred shortest-path assignment on OSM streets; not an as-built feeder
SYN-1873,365927134,Rimski Sancevi,14024216970,3.322058467490529,0.06000892763443938,capacity-balanced inferred shortest-path assignment on OSM streets; not an as-built feeder
SYN-1874,365927134,Rimski Sancevi,14024239914,3.6437714674905286,0.06112118039579582,capacity-balanced inferred shortest-path assignment on OSM streets; not an as-built feeder
SYN-1875,365927134,Rimski Sancevi,3057636356,3.206199467490529,0.09961562273479622,capacity-balanced inferred shortest-path assignment on OSM streets; not an as-built feeder
SYN-1876,365927134,Rimski Sancevi,14024239971,3.276009467490529,0.09961562273479622,capacity-balanced inferred shortest-path assignment on OSM streets; not an as-built feeder
SYN-1877,365927134,Rimski Sancevi,3589711576,3.2257444674905296,0.09961562273479622,capacity-balanced inferred shortest-path assignment on OSM streets; not an as-built feeder
SYN-1878,365927134,Rimski Sancevi,1570039973,3.0569864674905287,0.09586425450357396,capacity-balanced inferred shortest-path assignment on OSM streets; not an as-built feeder
SYN-1879,365927134,Rimski Sancevi,14024414415,3.121763467490529,0.09586425450357396,capacity-balanced inferred shortest-path assignment on OSM streets; not an as-built feeder
SYN-1880,365927134,Rimski Sancevi,7467357116,3.071043467490529,0.09586425450357396,capacity-balanced inferred shortest-path assignment on OSM streets; not an as-built feeder
SYN-1881,365927134,Rimski Sancevi,11890993409,3.005118467490529,0.09586425450357396,capacity-balanced inferred shortest-path assignment on OSM streets; not an as-built feeder
SYN-1882,365927134,Rimski Sancevi,1570040061,2.757980467490529,0.07556330889924165,capacity-balanced inferred shortest-path assignment on OSM streets; not an as-built feeder
SYN-1883,365927134,Rimski Sancevi,1570039862,3.1273494674905296,0.07556330889924165,capacity-balanced inferred shortest-path assignment on OSM streets; not an as-built feeder
SYN-1884,365927134,Rimski Sancevi,1570040061,2.757980467490529,0.07556330889924165,capacity-balanced inferred shortest-path assignment on OSM streets; not an as-built feeder
SYN-1885,365927134,Rimski Sancevi,1570039564,3.71690146749053,0.1305934834979249,capacity-balanced inferred shortest-path assignment on OSM streets; not an as-built feeder
SYN-2012,365927134,Rimski Sancevi,1584108562,3.921891467490529,0.084112844873479,capacity-balanced inferred shortest-path assignment on OSM streets; not an as-built feeder
SYN-2013,365927134,Rimski Sancevi,1584108539,4.202601467490529,0.084112844873479,capacity-balanced inferred shortest-path assignment on OSM streets; not an as-built feeder
SYN-2014,365927134,Rimski Sancevi,10789885876,4.005901467490529,0.084112844873479,capacity-balanced inferred shortest-path assignment on OSM streets; not an as-built feeder
SYN-2015,365927134,Rimski Sancevi,1584108539,4.202601467490529,0.084112844873479,capacity-balanced inferred shortest-path assignment on OSM streets; not an as-built feeder
SYN-2037,365927134,Rimski Sancevi,3553575486,3.1488904674905305,0.043156150093296076,capacity-balanced inferred shortest-path assignment on OSM streets; not an as-built feeder
SYN-2038,365927134,Rimski Sancevi,3611741732,3.0825964674905304,0.11269714232147685,capacity-balanced inferred shortest-path assignment on OSM streets; not an as-built feeder
SYN-2039,365927134,Rimski Sancevi,3611741761,2.8764954674905288,0.054488425121489555,capacity-balanced inferred shortest-path assignment on OSM streets; not an as-built feeder
SYN-2174,365927134,Rimski Sancevi,11727637436,3.5455444674905303,0.08201236781454393,capacity-balanced inferred shortest-path assignment on OSM streets; not an as-built feeder
SYN-2175,365927134,Rimski Sancevi,11727637436,3.5455444674905303,0.08201236781454393,capacity-balanced inferred shortest-path assignment on OSM streets; not an as-built feeder
SYN-2176,365927134,Rimski Sancevi,6378516746,3.3496754674905307,0.08201236781454393,capacity-balanced inferred shortest-path assignment on OSM streets; not an as-built feeder
SYN-2177,365927134,Rimski Sancevi,1362401870,4.016209467490528,0.10064879891323754,capacity-balanced inferred shortest-path assignment on OSM streets; not an as-built feeder
SYN-2180,365927134,Rimski Sancevi,3561459730,2.0979644674905296,0.1269309051970553,capacity-balanced inferred shortest-path assignment on OSM streets; not an as-built feeder
SYN-2181,365927134,Rimski Sancevi,3561459730,2.0979644674905296,0.12637030432276464,capacity-balanced inferred shortest-path assignment on OSM streets; not an as-built feeder
SYN-2182,365927134,Rimski Sancevi,11530394609,0.9348774674905286,0.08330994516525969,capacity-balanced inferred shortest-path assignment on OSM streets; not an as-built feeder
SYN-2183,365927134,Rimski Sancevi,11530394608,0.9104154674905286,0.08330994516525969,capacity-balanced inferred shortest-path assignment on OSM streets; not an as-built feeder
SYN-2193,365927134,Rimski Sancevi,12660964933,3.806814467490529,0.08900909918758587,capacity-balanced inferred shortest-path assignment on OSM streets; not an as-built feeder
SYN-2194,365927134,Rimski Sancevi,13155131653,3.781920467490529,0.08900909918758587,capacity-balanced inferred shortest-path assignment on OSM streets; not an as-built feeder
SYN-2195,365927134,Rimski Sancevi,13155131647,3.8334164674905282,0.08900909918758587,capacity-balanced inferred shortest-path assignment on OSM streets; not an as-built feeder
SYN-2315,365927134,Rimski Sancevi,1570035447,1.5962864674905286,0.08224386226848486,capacity-balanced inferred shortest-path assignment on OSM streets; not an as-built feeder
SYN-2316,365927134,Rimski Sancevi,13474997781,2.41061546749053,0.08224386226848486,capacity-balanced inferred shortest-path assignment on OSM streets; not an as-built feeder
SYN-2317,365927134,Rimski Sancevi,1570035365,2.309573467490529,0.08224386226848486,capacity-balanced inferred shortest-path assignment on OSM streets; not an as-built feeder
SYN-2318,365927134,Rimski Sancevi,1570035361,2.16165146749053,0.08224386226848486,capacity-balanced inferred shortest-path assignment on OSM streets; not an as-built feeder
SYN-2319,365927134,Rimski Sancevi,3561459721,1.7224104674905294,0.08224386226848486,capacity-balanced inferred shortest-path assignment on OSM streets; not an as-built feeder
SYN-2320,365927134,Rimski Sancevi,3561109525,2.2690704674905295,0.08224386226848486,capacity-balanced inferred shortest-path assignment on OSM streets; not an as-built feeder
SYN-2321,365927134,Rimski Sancevi,2325392782,2.5081954674905296,0.08224386226848486,capacity-balanced inferred shortest-path assignment on OSM streets; not an as-built feeder
SYN-2322,365927134,Rimski Sancevi,1570034920,2.4966814674905295,0.08224386226848486,capacity-balanced inferred shortest-path assignment on OSM streets; not an as-built feeder
SYN-2323,365927134,Rimski Sancevi,3586747862,2.120551467490529,0.08224386226848486,capacity-balanced inferred shortest-path assignment on OSM streets; not an as-built feeder
SYN-2324,365927134,Rimski Sancevi,13474997781,2.41061546749053,0.08224386226848486,capacity-balanced inferred shortest-path assignment on OSM streets; not an as-built feeder
SYN-2325,365927134,Rimski Sancevi,1570034939,1.8124814674905287,0.08224386226848486,capacity-balanced inferred shortest-path assignment on OSM streets; not an as-built feeder
SYN-2326,365927134,Rimski Sancevi,1570034923,2.066270467490529,0.08224386226848486,capacity-balanced inferred shortest-path assignment on OSM streets; not an as-built feeder
SYN-2327,365927134,Rimski Sancevi,2325392782,2.5081954674905296,0.08224386226848486,capacity-balanced inferred shortest-path assignment on OSM streets; not an as-built feeder
SYN-2328,365927134,Rimski Sancevi,13474997781,2.41061546749053,0.08224386226848486,capacity-balanced inferred shortest-path assignment on OSM streets; not an as-built feeder
SYN-2329,365927134,Rimski Sancevi,3585428493,1.7379124674905284,0.08224386226848486,capacity-balanced inferred shortest-path assignment on OSM streets; not an as-built feeder
SYN-2330,365927134,Rimski Sancevi,1570034937,2.3504954674905294,0.08224386226848486,capacity-balanced inferred shortest-path assignment on OSM streets; not an as-built feeder
SYN-2331,365927134,Rimski Sancevi,1570034829,2.9772314674905296,0.08224386226848486,capacity-balanced inferred shortest-path assignment on OSM streets; not an as-built feeder
SYN-2332,365927134,Rimski Sancevi,12074832749,2.159640467490529,0.08224386226848486,capacity-balanced inferred shortest-path assignment on OSM streets; not an as-built feeder
SYN-2333,365927134,Rimski Sancevi,3561459730,2.0979644674905296,0.08224386226848486,capacity-balanced inferred shortest-path assignment on OSM streets; not an as-built feeder
SYN-2334,365927134,Rimski Sancevi,1570034923,2.066270467490529,0.08224386226848486,capacity-balanced inferred shortest-path assignment on OSM streets; not an as-built feeder
SYN-2335,365927134,Rimski Sancevi,12074832749,2.159640467490529,0.08224386226848486,capacity-balanced inferred shortest-path assignment on OSM streets; not an as-built feeder
SYN-2336,365927134,Rimski Sancevi,13474997780,2.3129694674905297,0.08224386226848486,capacity-balanced inferred shortest-path assignment on OSM streets; not an as-built feeder
SYN-2337,365927134,Rimski Sancevi,1362589431,1.7871914674905292,0.08224386226848486,capacity-balanced inferred shortest-path assignment on OSM streets; not an as-built feeder
SYN-2338,365927134,Rimski Sancevi,11890993423,2.265973467490529,0.08224386226848486,capacity-balanced inferred shortest-path assignment on OSM streets; not an as-built feeder
SYN-2339,365927134,Rimski Sancevi,3585428570,2.03204746749053,0.08224386226848486,capacity-balanced inferred shortest-path assignment on OSM streets; not an as-built feeder
SYN-2340,365927134,Rimski Sancevi,1570035453,1.5289964674905285,0.08224386226848486,capacity-balanced inferred shortest-path assignment on OSM streets; not an as-built feeder
SYN-2341,365927134,Rimski Sancevi,3585428570,2.03204746749053,0.08224386226848486,capacity-balanced inferred shortest-path assignment on OSM streets; not an as-built feeder
SYN-2342,365927134,Rimski Sancevi,1570035364,1.7061554674905284,0.08224386226848486,capacity-balanced inferred shortest-path assignment on OSM streets; not an as-built feeder
SYN-2343,365927134,Rimski Sancevi,1570035354,2.2816194674905295,0.08224386226848486,capacity-balanced inferred shortest-path assignment on OSM streets; not an as-built feeder
SYN-2344,365927134,Rimski Sancevi,2684772717,2.2106664674905296,0.08224386226848486,capacity-balanced inferred shortest-path assignment on OSM streets; not an as-built feeder
SYN-2345,365927134,Rimski Sancevi,13474997781,2.41061546749053,0.08224386226848486,capacity-balanced inferred shortest-path assignment on OSM streets; not an as-built feeder
SYN-2346,365927134,Rimski Sancevi,1570034901,1.9893314674905287,0.08224386226848486,capacity-balanced inferred shortest-path assignment on OSM streets; not an as-built feeder
SYN-2347,365927134,Rimski Sancevi,1570034901,1.9893314674905287,0.08224386226848486,capacity-balanced inferred shortest-path assignment on OSM streets; not an as-built feeder
SYN-2348,365927134,Rimski Sancevi,3569915495,1.8535584674905288,0.08224386226848486,capacity-balanced inferred shortest-path assignment on OSM streets; not an as-built feeder
SYN-2349,365927134,Rimski Sancevi,3768632860,2.5899304674905284,0.08224386226848486,capacity-balanced inferred shortest-path assignment on OSM streets; not an as-built feeder
SYN-2350,365927134,Rimski Sancevi,13474997781,2.41061546749053,0.08224386226848486,capacity-balanced inferred shortest-path assignment on OSM streets; not an as-built feeder
SYN-2351,365927134,Rimski Sancevi,1570035448,1.9474344674905295,0.08224386226848486,capacity-balanced inferred shortest-path assignment on OSM streets; not an as-built feeder
SYN-2352,365927134,Rimski Sancevi,1570034829,2.9772314674905296,0.08224386226848486,capacity-balanced inferred shortest-path assignment on OSM streets; not an as-built feeder
SYN-2353,365927134,Rimski Sancevi,1570034937,2.3504954674905294,0.08224386226848486,capacity-balanced inferred shortest-path assignment on OSM streets; not an as-built feeder
SYN-2354,365927134,Rimski Sancevi,1570035354,2.2816194674905295,0.08224386226848486,capacity-balanced inferred shortest-path assignment on OSM streets; not an as-built feeder
SYN-2355,365927134,Rimski Sancevi,13474997781,2.41061546749053,0.08224386226848486,capacity-balanced inferred shortest-path assignment on OSM streets; not an as-built feeder
SYN-2356,365927134,Rimski Sancevi,1570034829,2.9772314674905296,0.08224386226848486,capacity-balanced inferred shortest-path assignment on OSM streets; not an as-built feeder
SYN-2357,365927134,Rimski Sancevi,13474997781,2.41061546749053,0.08224386226848486,capacity-balanced inferred shortest-path assignment on OSM streets; not an as-built feeder
SYN-2358,365927134,Rimski Sancevi,1570034829,2.9772314674905296,0.08224386226848486,capacity-balanced inferred shortest-path assignment on OSM streets; not an as-built feeder
SYN-2359,365927134,Rimski Sancevi,3062163475,2.1931724674905295,0.08224386226848486,capacity-balanced inferred shortest-path assignment on OSM streets; not an as-built feeder
SYN-2360,365927134,Rimski Sancevi,13474997781,2.41061546749053,0.08224386226848486,capacity-balanced inferred shortest-path assignment on OSM streets; not an as-built feeder
SYN-2361,365927134,Rimski Sancevi,13474997780,2.3129694674905297,0.08224386226848486,capacity-balanced inferred shortest-path assignment on OSM streets; not an as-built feeder
SYN-2362,365927134,Rimski Sancevi,1570034937,2.3504954674905294,0.08224386226848486,capacity-balanced inferred shortest-path assignment on OSM streets; not an as-built feeder
SYN-2363,365927134,Rimski Sancevi,3062163474,1.8837714674905295,0.08224386226848486,capacity-balanced inferred shortest-path assignment on OSM streets; not an as-built feeder
SYN-2364,365927134,Rimski Sancevi,2684772719,2.3771974674905287,0.08224386226848486,capacity-balanced inferred shortest-path assignment on OSM streets; not an as-built feeder
SYN-2365,365927134,Rimski Sancevi,1570034937,2.3504954674905294,0.08224386226848486,capacity-balanced inferred shortest-path assignment on OSM streets; not an as-built feeder
SYN-2366,365927134,Rimski Sancevi,1570034937,2.3504954674905294,0.08224386226848486,capacity-balanced inferred shortest-path assignment on OSM streets; not an as-built feeder
SYN-2367,365927134,Rimski Sancevi,1570034939,1.8124814674905287,0.08224386226848486,capacity-balanced inferred shortest-path assignment on OSM streets; not an as-built feeder
SYN-2368,365927134,Rimski Sancevi,1362589364,1.8434904674905292,0.08224386226848486,capacity-balanced inferred shortest-path assignment on OSM streets; not an as-built feeder
SYN-2369,365927134,Rimski Sancevi,1570034897,2.61121246749053,0.08224386226848486,capacity-balanced inferred shortest-path assignment on OSM streets; not an as-built feeder
SYN-2370,365927134,Rimski Sancevi,13858627179,2.57058846749053,0.08224386226848486,capacity-balanced inferred shortest-path assignment on OSM streets; not an as-built feeder
SYN-2371,365927134,Rimski Sancevi,6378512268,3.3274754674905305,0.08469991083564858,capacity-balanced inferred shortest-path assignment on OSM streets; not an as-built feeder
SYN-2372,365927134,Rimski Sancevi,6378512268,3.3274754674905305,0.08469991083564858,capacity-balanced inferred shortest-path assignment on OSM streets; not an as-built feeder
SYN-2373,365927134,Rimski Sancevi,6378512268,3.3274754674905305,0.08469991083564858,capacity-balanced inferred shortest-path assignment on OSM streets; not an as-built feeder
SYN-2374,365927134,Rimski Sancevi,6773089867,2.4547504674905296,0.1040715114980656,capacity-balanced inferred shortest-path assignment on OSM streets; not an as-built feeder
SYN-2375,365927134,Rimski Sancevi,3561151910,2.827670467490529,0.1040715114980656,capacity-balanced inferred shortest-path assignment on OSM streets; not an as-built feeder
SYN-2376,365927134,Rimski Sancevi,3563691809,0.8147994674905287,0.14080569985863253,capacity-balanced inferred shortest-path assignment on OSM streets; not an as-built feeder
SYN-2393,365927134,Rimski Sancevi,7853810904,3.640983467490529,0.03865011774541539,capacity-balanced inferred shortest-path assignment on OSM streets; not an as-built feeder
SYN-2394,365927134,Rimski Sancevi,7853810899,3.6129334674905285,0.11662456440914697,capacity-balanced inferred shortest-path assignment on OSM streets; not an as-built feeder
SYN-2395,365927134,Rimski Sancevi,7853810889,3.2979034674905288,0.08064083699604149,capacity-balanced inferred shortest-path assignment on OSM streets; not an as-built feeder
SYN-2396,365927134,Rimski Sancevi,7853810889,3.2979034674905288,0.08064083699604149,capacity-balanced inferred shortest-path assignment on OSM streets; not an as-built feeder
SYN-2397,365927134,Rimski Sancevi,6700872962,5.29545946749053,0.09188243094721833,capacity-balanced inferred shortest-path assignment on OSM streets; not an as-built feeder
SYN-2398,365927134,Rimski Sancevi,3708826378,4.7857274674905295,0.09188243094721833,capacity-balanced inferred shortest-path assignment on OSM streets; not an as-built feeder
SYN-2411,365927134,Rimski Sancevi,3699875265,4.929204467490529,0.000866481850030159,capacity-balanced inferred shortest-path assignment on OSM streets; not an as-built feeder
SYN-0166,367560187,Futog,3525580296,0.467266,0.10627786898013533,capacity-balanced inferred shortest-path assignment on OSM streets; not an as-built feeder
SYN-0167,367560187,Futog,3525580299,0.801455,0.10627786898013533,capacity-balanced inferred shortest-path assignment on OSM streets; not an as-built feeder
SYN-0168,367560187,Futog,2338067579,2.865411,0.005466502850036216,capacity-balanced inferred shortest-path assignment on OSM streets; not an as-built feeder
SYN-0300,367560187,Futog,3208693238,1.786027,0.08142782528068361,capacity-balanced inferred shortest-path assignment on OSM streets; not an as-built feeder
SYN-0301,367560187,Futog,11360217031,1.3316850000000002,0.08142782528068361,capacity-balanced inferred shortest-path assignment on OSM streets; not an as-built feeder
SYN-0302,367560187,Futog,8900413006,2.168672,0.08142782528068361,capacity-balanced inferred shortest-path assignment on OSM streets; not an as-built feeder
SYN-0303,367560187,Futog,8222197850,1.3862799999999997,0.08142782528068361,capacity-balanced inferred shortest-path assignment on OSM streets; not an as-built feeder
SYN-0304,367560187,Futog,3530941038,1.7368409999999999,0.08142782528068361,capacity-balanced inferred shortest-path assignment on OSM streets; not an as-built feeder
SYN-0305,367560187,Futog,2334305023,1.8609509999999998,0.08142782528068361,capacity-balanced inferred shortest-path assignment on OSM streets; not an as-built feeder
SYN-0306,367560187,Futog,11360217034,1.4385899999999998,0.08142782528068361,capacity-balanced inferred shortest-path assignment on OSM streets; not an as-built feeder
SYN-0307,367560187,Futog,1240895885,2.0223400000000002,0.08142782528068361,capacity-balanced inferred shortest-path assignment on OSM streets; not an as-built feeder
SYN-0308,367560187,Futog,11846889912,2.2331079999999996,0.08142782528068361,capacity-balanced inferred shortest-path assignment on OSM streets; not an as-built feeder
SYN-0309,367560187,Futog,8202085085,0.901331,0.08142782528068361,capacity-balanced inferred shortest-path assignment on OSM streets; not an as-built feeder
SYN-0310,367560187,Futog,8205645445,1.908405,0.08142782528068361,capacity-balanced inferred shortest-path assignment on OSM streets; not an as-built feeder
SYN-0311,367560187,Futog,1240895856,1.299173,0.08142782528068361,capacity-balanced inferred shortest-path assignment on OSM streets; not an as-built feeder
SYN-0312,367560187,Futog,2334304780,1.9710809999999999,0.08142782528068361,capacity-balanced inferred shortest-path assignment on OSM streets; not an as-built feeder
SYN-0313,367560187,Futog,3208765294,1.548689,0.08142782528068361,capacity-balanced inferred shortest-path assignment on OSM streets; not an as-built feeder
SYN-0314,367560187,Futog,12514014217,1.213165,0.08142782528068361,capacity-balanced inferred shortest-path assignment on OSM streets; not an as-built feeder
SYN-0315,367560187,Futog,8201934561,1.409982,0.08142782528068361,capacity-balanced inferred shortest-path assignment on OSM streets; not an as-built feeder
SYN-0316,367560187,Futog,2334304779,1.9532469999999997,0.08142782528068361,capacity-balanced inferred shortest-path assignment on OSM streets; not an as-built feeder
SYN-0317,367560187,Futog,8222197851,1.5468659999999999,0.08142782528068361,capacity-balanced inferred shortest-path assignment on OSM streets; not an as-built feeder
SYN-0318,367560187,Futog,3530941038,1.7368409999999999,0.08142782528068361,capacity-balanced inferred shortest-path assignment on OSM streets; not an as-built feeder
SYN-0319,367560187,Futog,3139746764,1.867027,0.08142782528068361,capacity-balanced inferred shortest-path assignment on OSM streets; not an as-built feeder
SYN-0320,367560187,Futog,2334304780,1.9710809999999999,0.08142782528068361,capacity-balanced inferred shortest-path assignment on OSM streets; not an as-built feeder
SYN-0321,367560187,Futog,12514014222,1.169951,0.08142782528068361,capacity-balanced inferred shortest-path assignment on OSM streets; not an as-built feeder
SYN-0322,367560187,Futog,11360217034,1.4385899999999998,0.08142782528068361,capacity-balanced inferred shortest-path assignment on OSM streets; not an as-built feeder
SYN-0323,367560187,Futog,12514014224,1.3152150000000002,0.08142782528068361,capacity-balanced inferred shortest-path assignment on OSM streets; not an as-built feeder
SYN-0324,367560187,Futog,8205645445,1.908405,0.08142782528068361,capacity-balanced inferred shortest-path assignment on OSM streets; not an as-built feeder
SYN-0325,367560187,Futog,2334304929,1.5241010000000002,0.08142782528068361,capacity-balanced inferred shortest-path assignment on OSM streets; not an as-built feeder
SYN-0326,367560187,Futog,3530941038,1.7368409999999999,0.08142782528068361,capacity-balanced inferred shortest-path assignment on OSM streets; not an as-built feeder
SYN-0327,367560187,Futog,11360217031,1.3316850000000002,0.08142782528068361,capacity-balanced inferred shortest-path assignment on OSM streets; not an as-built feeder
SYN-0328,367560187,Futog,2334305003,1.753433,0.08142782528068361,capacity-balanced inferred shortest-path assignment on OSM streets; not an as-built feeder
SYN-0329,367560187,Futog,3549825558,2.207844,0.08142782528068361,capacity-balanced inferred shortest-path assignment on OSM streets; not an as-built feeder
SYN-0330,367560187,Futog,12514014220,0.9625880000000001,0.08142782528068361,capacity-balanced inferred shortest-path assignment on OSM streets; not an as-built feeder
SYN-0331,367560187,Futog,3208765294,1.548689,0.08142782528068361,capacity-balanced inferred shortest-path assignment on OSM streets; not an as-built feeder
SYN-0332,367560187,Futog,1240895821,1.595709,0.08142782528068361,capacity-balanced inferred shortest-path assignment on OSM streets; not an as-built feeder
SYN-0333,367560187,Futog,12514014225,1.5058600000000002,0.08142782528068361,capacity-balanced inferred shortest-path assignment on OSM streets; not an as-built feeder
SYN-0334,367560187,Futog,11847161123,1.185509,0.08142782528068361,capacity-balanced inferred shortest-path assignment on OSM streets; not an as-built feeder
SYN-0335,367560187,Futog,1360146652,1.966233,0.08142782528068361,capacity-balanced inferred shortest-path assignment on OSM streets; not an as-built feeder
SYN-0336,367560187,Futog,8202085086,0.9914769999999999,0.08142782528068361,capacity-balanced inferred shortest-path assignment on OSM streets; not an as-built feeder
SYN-0337,367560187,Futog,2334304758,0.765698,0.08142782528068361,capacity-balanced inferred shortest-path assignment on OSM streets; not an as-built feeder
SYN-0338,367560187,Futog,1240895886,1.6572730000000002,0.08142782528068361,capacity-balanced inferred shortest-path assignment on OSM streets; not an as-built feeder
SYN-0339,367560187,Futog,8201934561,1.409982,0.08142782528068361,capacity-balanced inferred shortest-path assignment on OSM streets; not an as-built feeder
SYN-0340,367560187,Futog,12921781508,1.446183,0.08142782528068361,capacity-balanced inferred shortest-path assignment on OSM streets; not an as-built feeder
SYN-0341,367560187,Futog,8202085084,1.081302,0.08142782528068361,capacity-balanced inferred shortest-path assignment on OSM streets; not an as-built feeder
SYN-0342,367560187,Futog,8201861215,1.72964,0.08142782528068361,capacity-balanced inferred shortest-path assignment on OSM streets; not an as-built feeder
SYN-0343,367560187,Futog,1240895856,1.299173,0.08142782528068361,capacity-balanced inferred shortest-path assignment on OSM streets; not an as-built feeder
SYN-0344,367560187,Futog,2334305051,1.897426,0.08142782528068361,capacity-balanced inferred shortest-path assignment on OSM streets; not an as-built feeder
SYN-0345,367560187,Futog,3208765282,1.5808250000000001,0.08142782528068361,capacity-balanced inferred shortest-path assignment on OSM streets; not an as-built feeder
SYN-0346,367560187,Futog,13898528862,1.8162,0.08142782528068361,capacity-balanced inferred shortest-path assignment on OSM streets; not an as-built feeder
SYN-0347,367560187,Futog,11847161123,1.185509,0.08142782528068361,capacity-balanced inferred shortest-path assignment on OSM streets; not an as-built feeder
SYN-0348,367560187,Futog,8201934390,1.296743,0.08142782528068361,capacity-balanced inferred shortest-path assignment on OSM streets; not an as-built feeder
SYN-0349,367560187,Futog,11360217014,1.016143,0.08142782528068361,capacity-balanced inferred shortest-path assignment on OSM streets; not an as-built feeder
SYN-0350,367560187,Futog,12514014225,1.5058600000000002,0.08142782528068361,capacity-balanced inferred shortest-path assignment on OSM streets; not an as-built feeder
SYN-0351,367560187,Futog,3531041072,1.764297,0.08142782528068361,capacity-balanced inferred shortest-path assignment on OSM streets; not an as-built feeder
SYN-0352,367560187,Futog,3139746764,1.867027,0.08142782528068361,capacity-balanced inferred shortest-path assignment on OSM streets; not an as-built feeder
SYN-0353,367560187,Futog,2334304761,0.818783,0.08142782528068361,capacity-balanced inferred shortest-path assignment on OSM streets; not an as-built feeder
SYN-0354,367560187,Futog,12514014210,1.058231,0.08142782528068361,capacity-balanced inferred shortest-path assignment on OSM streets; not an as-built feeder
SYN-0355,367560187,Futog,8205645445,1.908405,0.08142782528068361,capacity-balanced inferred shortest-path assignment on OSM streets; not an as-built feeder
SYN-0356,367560187,Futog,3208841044,2.001597,0.08142782528068361,capacity-balanced inferred shortest-path assignment on OSM streets; not an as-built feeder
SYN-0357,367560187,Futog,2334304915,2.084027,0.08142782528068361,capacity-balanced inferred shortest-path assignment on OSM streets; not an as-built feeder
SYN-0358,367560187,Futog,4189209011,1.9330739999999997,0.08142782528068361,capacity-balanced inferred shortest-path assignment on OSM streets; not an as-built feeder
SYN-0359,367560187,Futog,2334305105,2.405013,0.08142782528068361,capacity-balanced inferred shortest-path assignment on OSM streets; not an as-built feeder
SYN-0360,367560187,Futog,2334304910,2.260811,0.08142782528068361,capacity-balanced inferred shortest-path assignment on OSM streets; not an as-built feeder
SYN-0361,367560187,Futog,8202085085,0.901331,0.08142782528068361,capacity-balanced inferred shortest-path assignment on OSM streets; not an as-built feeder
SYN-0362,367560187,Futog,11903327501,2.085226,0.08142782528068361,capacity-balanced inferred shortest-path assignment on OSM streets; not an as-built feeder
SYN-0363,367560187,Futog,2334311037,2.193349,0.08142782528068361,capacity-balanced inferred shortest-path assignment on OSM streets; not an as-built feeder
SYN-0364,367560187,Futog,8201934390,1.296743,0.08142782528068361,capacity-balanced inferred shortest-path assignment on OSM streets; not an as-built feeder
SYN-0365,367560187,Futog,3531041072,1.764297,0.08142782528068361,capacity-balanced inferred shortest-path assignment on OSM streets; not an as-built feeder
SYN-0366,367560187,Futog,8202085086,0.9914769999999999,0.08142782528068361,capacity-balanced inferred shortest-path assignment on OSM streets; not an as-built feeder
SYN-0367,367560187,Futog,3549825558,2.207844,0.08142782528068361,capacity-balanced inferred shortest-path assignment on OSM streets; not an as-built feeder
SYN-0368,367560187,Futog,4189321351,2.521786,0.08142782528068361,capacity-balanced inferred shortest-path assignment on OSM streets; not an as-built feeder
SYN-0369,367560187,Futog,2334304956,1.668555,0.08142782528068361,capacity-balanced inferred shortest-path assignment on OSM streets; not an as-built feeder
SYN-0370,367560187,Futog,2334304748,1.437748,0.08142782528068361,capacity-balanced inferred shortest-path assignment on OSM streets; not an as-built feeder
SYN-0371,367560187,Futog,11847161123,1.185509,0.08142782528068361,capacity-balanced inferred shortest-path assignment on OSM streets; not an as-built feeder
SYN-0372,367560187,Futog,2685090208,1.720822,0.08142782528068361,capacity-balanced inferred shortest-path assignment on OSM streets; not an as-built feeder
SYN-0373,367560187,Futog,8205645444,1.947373,0.08142782528068361,capacity-balanced inferred shortest-path assignment on OSM streets; not an as-built feeder
SYN-0374,367560187,Futog,3208841044,2.001597,0.08142782528068361,capacity-balanced inferred shortest-path assignment on OSM streets; not an as-built feeder
SYN-0375,367560187,Futog,1360146652,1.966233,0.08142782528068361,capacity-balanced inferred shortest-path assignment on OSM streets; not an as-built feeder
SYN-0505,367560187,Futog,3549936045,2.4490979999999998,0.08641048912305523,capacity-balanced inferred shortest-path assignment on OSM streets; not an as-built feeder
SYN-0506,367560187,Futog,3549936045,2.4490979999999998,0.08641048912305523,capacity-balanced inferred shortest-path assignment on OSM streets; not an as-built feeder
SYN-0507,367560187,Futog,12976587634,2.4013149999999994,0.08641048912305523,capacity-balanced inferred shortest-path assignment on OSM streets; not an as-built feeder
SYN-0508,367560187,Futog,12976587638,2.479698,0.08641048912305523,capacity-balanced inferred shortest-path assignment on OSM streets; not an as-built feeder
SYN-0509,367560187,Futog,3549936045,2.4490979999999998,0.08641048912305523,capacity-balanced inferred shortest-path assignment on OSM streets; not an as-built feeder
SYN-0510,367560187,Futog,3549936045,2.4490979999999998,0.08641048912305523,capacity-balanced inferred shortest-path assignment on OSM streets; not an as-built feeder
SYN-0511,367560187,Futog,12976587636,2.405212,0.08641048912305523,capacity-balanced inferred shortest-path assignment on OSM streets; not an as-built feeder
SYN-0512,367560187,Futog,3549825556,2.310985,0.08641048912305523,capacity-balanced inferred shortest-path assignment on OSM streets; not an as-built feeder
SYN-0513,367560187,Futog,12976587635,2.4041409999999996,0.08641048912305523,capacity-balanced inferred shortest-path assignment on OSM streets; not an as-built feeder
SYN-0514,367560187,Futog,13888571312,2.9151779999999996,0.084945821710319,capacity-balanced inferred shortest-path assignment on OSM streets; not an as-built feeder
SYN-0515,367560187,Futog,2404594630,3.0545299999999997,0.084945821710319,capacity-balanced inferred shortest-path assignment on OSM streets; not an as-built feeder
SYN-0516,367560187,Futog,13888571313,2.8778959999999993,0.084945821710319,capacity-balanced inferred shortest-path assignment on OSM streets; not an as-built feeder
SYN-2018,367560187,Futog,11377497258,1.2068999999999999,0.04571921284410575,capacity-balanced inferred shortest-path assignment on OSM streets; not an as-built feeder
SYN-2024,367560187,Futog,2334326405,2.5527960000000003,0.09324588288656094,capacity-balanced inferred shortest-path assignment on OSM streets; not an as-built feeder
SYN-2025,367560187,Futog,9353172086,2.062388,0.09324588288656094,capacity-balanced inferred shortest-path assignment on OSM streets; not an as-built feeder
SYN-2026,367560187,Futog,9353172066,2.276829,0.09324588288656094,capacity-balanced inferred shortest-path assignment on OSM streets; not an as-built feeder
SYN-2027,367560187,Futog,9353172085,2.1866529999999997,0.09324588288656094,capacity-balanced inferred shortest-path assignment on OSM streets; not an as-built feeder
SYN-2028,367560187,Futog,9353172088,2.0449599999999997,0.09324588288656094,capacity-balanced inferred shortest-path assignment on OSM streets; not an as-built feeder
SYN-2029,367560187,Futog,9353172082,2.205209,0.07654684110398331,capacity-balanced inferred shortest-path assignment on OSM streets; not an as-built feeder
SYN-2030,367560187,Futog,9353172086,2.062388,0.07654684110398331,capacity-balanced inferred shortest-path assignment on OSM streets; not an as-built feeder
SYN-2031,367560187,Futog,3549615114,2.3032549999999996,0.010193019895743479,capacity-balanced inferred shortest-path assignment on OSM streets; not an as-built feeder
SYN-2032,367560187,Futog,11846889912,2.2331079999999996,0.0036099634887907304,capacity-balanced inferred shortest-path assignment on OSM streets; not an as-built feeder
SYN-2033,367560187,Futog,3549614385,2.2052699999999996,0.002563462057127135,capacity-balanced inferred shortest-path assignment on OSM streets; not an as-built feeder
SYN-2034,367560187,Futog,12976587632,2.2307349999999997,0.0401117689531384,capacity-balanced inferred shortest-path assignment on OSM streets; not an as-built feeder
SYN-2035,367560187,Futog,13888571347,2.9629459999999996,0.02659879065884287,capacity-balanced inferred shortest-path assignment on OSM streets; not an as-built feeder
SYN-2300,367560187,Futog,1353689825,2.5350079999999995,0.12130008007702582,capacity-balanced inferred shortest-path assignment on OSM streets; not an as-built feeder
SYN-2303,367560187,Futog,13888571323,3.0529729999999997,0.08504898608509662,capacity-balanced inferred shortest-path assignment on OSM streets; not an as-built feeder
SYN-2305,367560187,Futog,2334326349,2.7212729999999996,0.08504898608509662,capacity-balanced inferred shortest-path assignment on OSM streets; not an as-built feeder
SYN-2306,367560187,Futog,13888571323,3.0529729999999997,0.08504898608509662,capacity-balanced inferred shortest-path assignment on OSM streets; not an as-built feeder
SYN-2307,367560187,Futog,13888571323,3.0529729999999997,0.08504898608509662,capacity-balanced inferred shortest-path assignment on OSM streets; not an as-built feeder
SYN-2308,367560187,Futog,2404594714,3.079868999999999,0.08504898608509662,capacity-balanced inferred shortest-path assignment on OSM streets; not an as-built feeder
SYN-2310,367560187,Futog,13888571324,2.9966809999999997,0.08504898608509662,capacity-balanced inferred shortest-path assignment on OSM streets; not an as-built feeder
