synthetic_id,source_osm_id,source_name,delivery_station_id,primary_station_id,primary_station_name,delivery_voltage_kv,street_graph_node,route_distance_km,peak_demand_mw,provenance
SYN-0275,356832545,Novi Sad 1 - Ledinci,NS1,NS1,Novi Sad 1 - Ledinci,20.0,3177524998,2.170081,0.08526826370343647,capacity-balanced inferred shortest-path assignment on OSM streets; not an as-built feeder
SYN-0276,356832545,Novi Sad 1 - Ledinci,NS1,NS1,Novi Sad 1 - Ledinci,20.0,2024511966,2.118712,0.08526826370343647,capacity-balanced inferred shortest-path assignment on OSM streets; not an as-built feeder
SYN-0277,356832545,Novi Sad 1 - Ledinci,NS1,NS1,Novi Sad 1 - Ledinci,20.0,3177524992,2.366384,0.08526826370343647,capacity-balanced inferred shortest-path assignment on OSM streets; not an as-built feeder
SYN-1188,356832545,Novi Sad 1 - Ledinci,NS1,NS1,Novi Sad 1 - Ledinci,20.0,897250834,3.4480339999999994,0.08165032184301015,capacity-balanced inferred shortest-path assignment on OSM streets; not an as-built feeder
SYN-1190,356832545,Novi Sad 1 - Ledinci,NS1,NS1,Novi Sad 1 - Ledinci,20.0,520409585,3.614064999999999,0.08165032184301015,capacity-balanced inferred shortest-path assignment on OSM streets; not an as-built feeder
SYN-1199,356832545,Novi Sad 1 - Ledinci,NS1,NS1,Novi Sad 1 - Ledinci,20.0,3637128357,3.3850629999999997,0.08165032184301015,capacity-balanced inferred shortest-path assignment on OSM streets; not an as-built feeder
SYN-1208,356832545,Novi Sad 1 - Ledinci,NS1,NS1,Novi Sad 1 - Ledinci,20.0,13831273768,3.745530999999999,0.08165032184301015,capacity-balanced inferred shortest-path assignment on OSM streets; not an as-built feeder
SYN-1217,356832545,Novi Sad 1 - Ledinci,NS1,NS1,Novi Sad 1 - Ledinci,20.0,6770731825,3.2782519999999993,0.08165032184301015,capacity-balanced inferred shortest-path assignment on OSM streets; not an as-built feeder
SYN-1978,356832545,Novi Sad 1 - Ledinci,NS1,NS1,Novi Sad 1 - Ledinci,20.0,6777999545,3.889935,0.08142540794124,capacity-balanced inferred shortest-path assignment on OSM streets; not an as-built feeder
SYN-1979,356832545,Novi Sad 1 - Ledinci,NS1,NS1,Novi Sad 1 - Ledinci,20.0,3188356150,3.1684890000000006,0.08142540794124,capacity-balanced inferred shortest-path assignment on OSM streets; not an as-built feeder
SYN-1980,356832545,Novi Sad 1 - Ledinci,NS1,NS1,Novi Sad 1 - Ledinci,20.0,3179293105,2.7832250000000003,0.08142540794124,capacity-balanced inferred shortest-path assignment on OSM streets; not an as-built feeder
SYN-1981,356832545,Novi Sad 1 - Ledinci,NS1,NS1,Novi Sad 1 - Ledinci,20.0,3179293105,2.7832250000000003,0.08142540794124,capacity-balanced inferred shortest-path assignment on OSM streets; not an as-built feeder
SYN-1982,356832545,Novi Sad 1 - Ledinci,NS1,NS1,Novi Sad 1 - Ledinci,20.0,3179293095,3.2312109999999996,0.08142540794124,capacity-balanced inferred shortest-path assignment on OSM streets; not an as-built feeder
SYN-1983,356832545,Novi Sad 1 - Ledinci,NS1,NS1,Novi Sad 1 - Ledinci,20.0,3188396492,2.999247000000001,0.08142540794124,capacity-balanced inferred shortest-path assignment on OSM streets; not an as-built feeder
SYN-1984,356832545,Novi Sad 1 - Ledinci,NS1,NS1,Novi Sad 1 - Ledinci,20.0,2945715015,2.967406,0.08142540794124,capacity-balanced inferred shortest-path assignment on OSM streets; not an as-built feeder
SYN-1988,356832545,Novi Sad 1 - Ledinci,NS1,NS1,Novi Sad 1 - Ledinci,20.0,3179310126,1.6612430000000007,0.08214364961638476,capacity-balanced inferred shortest-path assignment on OSM streets; not an as-built feeder
SYN-1989,356832545,Novi Sad 1 - Ledinci,NS1,NS1,Novi Sad 1 - Ledinci,20.0,3179293045,2.365556,0.08214364961638476,capacity-balanced inferred shortest-path assignment on OSM streets; not an as-built feeder
SYN-1990,356832545,Novi Sad 1 - Ledinci,NS1,NS1,Novi Sad 1 - Ledinci,20.0,3179292962,1.3513049999999998,0.08214364961638476,capacity-balanced inferred shortest-path assignment on OSM streets; not an as-built feeder
SYN-1991,356832545,Novi Sad 1 - Ledinci,NS1,NS1,Novi Sad 1 - Ledinci,20.0,3179293020,1.5577680000000005,0.08214364961638476,capacity-balanced inferred shortest-path assignment on OSM streets; not an as-built feeder
SYN-1992,356832545,Novi Sad 1 - Ledinci,NS1,NS1,Novi Sad 1 - Ledinci,20.0,3179293011,1.9882850000000005,0.08214364961638476,capacity-balanced inferred shortest-path assignment on OSM streets; not an as-built feeder
SYN-1993,356832545,Novi Sad 1 - Ledinci,NS1,NS1,Novi Sad 1 - Ledinci,20.0,11379952143,2.3841760000000005,0.08214364961638476,capacity-balanced inferred shortest-path assignment on OSM streets; not an as-built feeder
SYN-1994,356832545,Novi Sad 1 - Ledinci,NS1,NS1,Novi Sad 1 - Ledinci,20.0,7605917377,1.8099910000000003,0.08214364961638476,capacity-balanced inferred shortest-path assignment on OSM streets; not an as-built feeder
SYN-1995,356832545,Novi Sad 1 - Ledinci,NS1,NS1,Novi Sad 1 - Ledinci,20.0,3179310151,1.8769600000000006,0.08214364961638476,capacity-balanced inferred shortest-path assignment on OSM streets; not an as-built feeder
SYN-1996,356832545,Novi Sad 1 - Ledinci,NS1,NS1,Novi Sad 1 - Ledinci,20.0,3179310156,1.6799550000000003,0.08214364961638476,capacity-balanced inferred shortest-path assignment on OSM streets; not an as-built feeder
SYN-1998,356832545,Novi Sad 1 - Ledinci,NS1,NS1,Novi Sad 1 - Ledinci,20.0,7605917377,1.8099910000000003,0.08214364961638476,capacity-balanced inferred shortest-path assignment on OSM streets; not an as-built feeder
SYN-2380,356832545,Novi Sad 1 - Ledinci,NS1,NS1,Novi Sad 1 - Ledinci,20.0,2320716798,0.191505,0.08021487392746472,capacity-balanced inferred shortest-path assignment on OSM streets; not an as-built feeder
SYN-2381,356832545,Novi Sad 1 - Ledinci,NS1,NS1,Novi Sad 1 - Ledinci,20.0,11078743902,0.33932,0.08021487392746472,capacity-balanced inferred shortest-path assignment on OSM streets; not an as-built feeder
SYN-2382,356832545,Novi Sad 1 - Ledinci,NS1,NS1,Novi Sad 1 - Ledinci,20.0,2320716781,0.313827,0.08021487392746472,capacity-balanced inferred shortest-path assignment on OSM streets; not an as-built feeder
SYN-2383,356832545,Novi Sad 1 - Ledinci,NS1,NS1,Novi Sad 1 - Ledinci,20.0,2320716795,0.8060409999999999,0.08021487392746472,capacity-balanced inferred shortest-path assignment on OSM streets; not an as-built feeder
SYN-2384,356832545,Novi Sad 1 - Ledinci,NS1,NS1,Novi Sad 1 - Ledinci,20.0,2320716820,0.8036769999999999,0.08021487392746472,capacity-balanced inferred shortest-path assignment on OSM streets; not an as-built feeder
SYN-2385,356832545,Novi Sad 1 - Ledinci,NS1,NS1,Novi Sad 1 - Ledinci,20.0,11078743902,0.33932,0.08021487392746472,capacity-balanced inferred shortest-path assignment on OSM streets; not an as-built feeder
SYN-2386,356832545,Novi Sad 1 - Ledinci,NS1,NS1,Novi Sad 1 - Ledinci,20.0,2320716796,0.853074,0.08021487392746472,capacity-balanced inferred shortest-path assignment on OSM streets; not an as-built feeder
SYN-2387,356832545,Novi Sad 1 - Ledinci,NS1,NS1,Novi Sad 1 - Ledinci,20.0,2320716798,0.191505,0.08021487392746472,capacity-balanced inferred shortest-path assignment on OSM streets; not an as-built feeder
SYN-2388,356832545,Novi Sad 1 - Ledinci,NS1,NS1,Novi Sad 1 - Ledinci,20.0,2320716802,0.927094,0.08021487392746472,capacity-balanced inferred shortest-path assignment on OSM streets; not an as-built feeder
SYN-2389,356832545,Novi Sad 1 - Ledinci,NS1,NS1,Novi Sad 1 - Ledinci,20.0,2320716795,0.8060409999999999,0.08021487392746472,capacity-balanced inferred shortest-path assignment on OSM streets; not an as-built feeder
SYN-2390,356832545,Novi Sad 1 - Ledinci,NS1,NS1,Novi Sad 1 - Ledinci,20.0,2320716820,0.8036769999999999,0.08021487392746472,capacity-balanced inferred shortest-path assignment on OSM streets; not an as-built feeder
SYN-2392,356832545,Novi Sad 1 - Ledinci,NS1,NS1,Novi Sad 1 - Ledinci,20.0,2320716798,0.191505,0.08021487392746472,capacity-balanced inferred shortest-path assignment on OSM streets; not an as-built feeder
SYN-2408,356832545,Novi Sad 1 - Ledinci,NS1,NS1,Novi Sad 1 - Ledinci,20.0,3090367491,4.754372,0.08096365388221036,capacity-balanced inferred shortest-path assignment on OSM streets; not an as-built feeder
SYN-2409,356832545,Novi Sad 1 - Ledinci,NS1,NS1,Novi Sad 1 - Ledinci,20.0,1739519723,4.735787,0.08096365388221036,capacity-balanced inferred shortest-path assignment on OSM streets; not an as-built feeder
SYN-2410,356832545,Novi Sad 1 - Ledinci,NS1,NS1,Novi Sad 1 - Ledinci,20.0,3401985478,4.714643,0.08096365388221036,capacity-balanced inferred shortest-path assignment on OSM streets; not an as-built feeder
SYN-2414,356832545,Novi Sad 1 - Ledinci,NS1,NS1,Novi Sad 1 - Ledinci,20.0,3128133049,3.1808870000000007,0.08121892608068448,capacity-balanced inferred shortest-path assignment on OSM streets; not an as-built feeder
SYN-2415,356832545,Novi Sad 1 - Ledinci,NS1,NS1,Novi Sad 1 - Ledinci,20.0,1229948882,3.3840069999999995,0.08121892608068448,capacity-balanced inferred shortest-path assignment on OSM streets; not an as-built feeder
SYN-2421,356832545,Novi Sad 1 - Ledinci,NS1,NS1,Novi Sad 1 - Ledinci,20.0,11338223917,2.586284000000001,0.08121892608068448,capacity-balanced inferred shortest-path assignment on OSM streets; not an as-built feeder
SYN-2431,356832545,Novi Sad 1 - Ledinci,NS1,NS1,Novi Sad 1 - Ledinci,20.0,1229948824,4.3222700000000005,0.08121892608068448,capacity-balanced inferred shortest-path assignment on OSM streets; not an as-built feeder
SYN-2440,356832545,Novi Sad 1 - Ledinci,NS1,NS1,Novi Sad 1 - Ledinci,20.0,11338223916,2.552948000000001,0.08121892608068448,capacity-balanced inferred shortest-path assignment on OSM streets; not an as-built feeder
SYN-2453,356832545,Novi Sad 1 - Ledinci,NS1,NS1,Novi Sad 1 - Ledinci,20.0,3181939391,2.6266990000000012,0.08121892608068448,capacity-balanced inferred shortest-path assignment on OSM streets; not an as-built feeder
SYN-2464,356832545,Novi Sad 1 - Ledinci,NS1,NS1,Novi Sad 1 - Ledinci,20.0,11338223916,2.552948000000001,0.08121892608068448,capacity-balanced inferred shortest-path assignment on OSM streets; not an as-built feeder
SYN-2485,356832545,Novi Sad 1 - Ledinci,NS1,NS1,Novi Sad 1 - Ledinci,20.0,11843495215,2.9770650000000005,0.08121892608068448,capacity-balanced inferred shortest-path assignment on OSM streets; not an as-built feeder
SYN-2489,356832545,Novi Sad 1 - Ledinci,NS1,NS1,Novi Sad 1 - Ledinci,20.0,2915831101,3.341224,0.08121892608068448,capacity-balanced inferred shortest-path assignment on OSM streets; not an as-built feeder
SYN-2502,356832545,Novi Sad 1 - Ledinci,NS1,NS1,Novi Sad 1 - Ledinci,20.0,1229948787,3.3104299999999998,0.08121892608068448,capacity-balanced inferred shortest-path assignment on OSM streets; not an as-built feeder
SYN-2517,356832545,Novi Sad 1 - Ledinci,NS1,NS1,Novi Sad 1 - Ledinci,20.0,3181797209,3.933438,0.08121892608068448,capacity-balanced inferred shortest-path assignment on OSM streets; not an as-built feeder
SYN-2528,356832545,Novi Sad 1 - Ledinci,NS1,NS1,Novi Sad 1 - Ledinci,20.0,1229948787,3.3104299999999998,0.08121892608068448,capacity-balanced inferred shortest-path assignment on OSM streets; not an as-built feeder
SYN-2538,356832545,Novi Sad 1 - Ledinci,NS1,NS1,Novi Sad 1 - Ledinci,20.0,3068139009,4.261898,0.08121892608068448,capacity-balanced inferred shortest-path assignment on OSM streets; not an as-built feeder
SYN-2552,356832545,Novi Sad 1 - Ledinci,NS1,NS1,Novi Sad 1 - Ledinci,20.0,10789918848,3.1207580000000004,0.08121892608068448,capacity-balanced inferred shortest-path assignment on OSM streets; not an as-built feeder
SYN-2564,356832545,Novi Sad 1 - Ledinci,NS1,NS1,Novi Sad 1 - Ledinci,20.0,2915831106,3.6844670000000006,0.08121892608068448,capacity-balanced inferred shortest-path assignment on OSM streets; not an as-built feeder
SYN-2580,356832545,Novi Sad 1 - Ledinci,NS1,NS1,Novi Sad 1 - Ledinci,20.0,11116155160,4.014891,0.08121892608068448,capacity-balanced inferred shortest-path assignment on OSM streets; not an as-built feeder
SYN-2592,356832545,Novi Sad 1 - Ledinci,NS1,NS1,Novi Sad 1 - Ledinci,20.0,3181892666,2.966867000000001,0.08121892608068448,capacity-balanced inferred shortest-path assignment on OSM streets; not an as-built feeder
SYN-2603,356832545,Novi Sad 1 - Ledinci,NS1,NS1,Novi Sad 1 - Ledinci,20.0,1213463478,2.884258,0.08121892608068448,capacity-balanced inferred shortest-path assignment on OSM streets; not an as-built feeder
SYN-2615,356832545,Novi Sad 1 - Ledinci,NS1,NS1,Novi Sad 1 - Ledinci,20.0,11116155158,4.138526,0.08121892608068448,capacity-balanced inferred shortest-path assignment on OSM streets; not an as-built feeder
SYN-2627,356832545,Novi Sad 1 - Ledinci,NS1,NS1,Novi Sad 1 - Ledinci,20.0,3403699291,4.455165,0.08121892608068448,capacity-balanced inferred shortest-path assignment on OSM streets; not an as-built feeder
SYN-2638,356832545,Novi Sad 1 - Ledinci,NS1,NS1,Novi Sad 1 - Ledinci,20.0,3181939391,2.6266990000000012,0.08121892608068448,capacity-balanced inferred shortest-path assignment on OSM streets; not an as-built feeder
SYN-2647,356832545,Novi Sad 1 - Ledinci,NS1,NS1,Novi Sad 1 - Ledinci,20.0,1229948858,3.2275699999999996,0.08121892608068448,capacity-balanced inferred shortest-path assignment on OSM streets; not an as-built feeder
SYN-0016,365786756,Novi Sad 5 - Detelinara,NS5,NS5,Novi Sad 5 - Detelinara,20.0,1585209327,2.054044474080763,0.08130101849576775,capacity-balanced inferred shortest-path assignment on OSM streets; not an as-built feeder
SYN-0017,365786756,Novi Sad 5 - Detelinara,NS5,NS5,Novi Sad 5 - Detelinara,20.0,1585209310,2.152021474080763,0.08130101849576775,capacity-balanced inferred shortest-path assignment on OSM streets; not an as-built feeder
SYN-0018,365786756,Novi Sad 5 - Detelinara,NS5,NS5,Novi Sad 5 - Detelinara,20.0,1585209327,2.054044474080763,0.08130101849576775,capacity-balanced inferred shortest-path assignment on OSM streets; not an as-built feeder
SYN-0021,365786756,Novi Sad 5 - Detelinara,NS5,NS5,Novi Sad 5 - Detelinara,20.0,1585209356,2.107699474080763,0.08130101849576775,capacity-balanced inferred shortest-path assignment on OSM streets; not an as-built feeder
SYN-0024,365786756,Novi Sad 5 - Detelinara,NS5,NS5,Novi Sad 5 - Detelinara,20.0,7548071093,1.866162474080763,0.08130101849576775,capacity-balanced inferred shortest-path assignment on OSM streets; not an as-built feeder
SYN-0027,365786756,Novi Sad 5 - Detelinara,NS5,NS5,Novi Sad 5 - Detelinara,20.0,1585209356,2.107699474080763,0.08130101849576775,capacity-balanced inferred shortest-path assignment on OSM streets; not an as-built feeder
SYN-0028,365786756,Novi Sad 5 - Detelinara,NS5,NS5,Novi Sad 5 - Detelinara,20.0,1585209297,1.885561474080763,0.08130101849576775,capacity-balanced inferred shortest-path assignment on OSM streets; not an as-built feeder
SYN-0031,365786756,Novi Sad 5 - Detelinara,NS5,NS5,Novi Sad 5 - Detelinara,20.0,1585209327,2.054044474080763,0.08130101849576775,capacity-balanced inferred shortest-path assignment on OSM streets; not an as-built feeder
SYN-0033,365786756,Novi Sad 5 - Detelinara,NS5,NS5,Novi Sad 5 - Detelinara,20.0,1585209204,1.846877474080763,0.08130101849576775,capacity-balanced inferred shortest-path assignment on OSM streets; not an as-built feeder
SYN-0036,365786756,Novi Sad 5 - Detelinara,NS5,NS5,Novi Sad 5 - Detelinara,20.0,7548113355,1.8071704740807628,0.08130101849576775,capacity-balanced inferred shortest-path assignment on OSM streets; not an as-built feeder
SYN-0041,365786756,Novi Sad 5 - Detelinara,NS5,NS5,Novi Sad 5 - Detelinara,20.0,1585209131,2.1678734740807633,0.08130101849576775,capacity-balanced inferred shortest-path assignment on OSM streets; not an as-built feeder
SYN-0044,365786756,Novi Sad 5 - Detelinara,NS5,NS5,Novi Sad 5 - Detelinara,20.0,1585209356,2.107699474080763,0.08130101849576775,capacity-balanced inferred shortest-path assignment on OSM streets; not an as-built feeder
SYN-0045,365786756,Novi Sad 5 - Detelinara,NS5,NS5,Novi Sad 5 - Detelinara,20.0,1585209310,2.152021474080763,0.08130101849576775,capacity-balanced inferred shortest-path assignment on OSM streets; not an as-built feeder
SYN-0048,365786756,Novi Sad 5 - Detelinara,NS5,NS5,Novi Sad 5 - Detelinara,20.0,1585209327,2.054044474080763,0.08130101849576775,capacity-balanced inferred shortest-path assignment on OSM streets; not an as-built feeder
SYN-0049,365786756,Novi Sad 5 - Detelinara,NS5,NS5,Novi Sad 5 - Detelinara,20.0,1585209131,2.1678734740807633,0.08130101849576775,capacity-balanced inferred shortest-path assignment on OSM streets; not an as-built feeder
SYN-0052,365786756,Novi Sad 5 - Detelinara,NS5,NS5,Novi Sad 5 - Detelinara,20.0,7548664096,3.3010084740807635,0.08211567805831187,capacity-balanced inferred shortest-path assignment on OSM streets; not an as-built feeder
SYN-0053,365786756,Novi Sad 5 - Detelinara,NS5,NS5,Novi Sad 5 - Detelinara,20.0,14027408200,3.1475544740807635,0.08211567805831187,capacity-balanced inferred shortest-path assignment on OSM streets; not an as-built feeder
SYN-0054,365786756,Novi Sad 5 - Detelinara,NS5,NS5,Novi Sad 5 - Detelinara,20.0,14027408200,3.1475544740807635,0.08211567805831187,capacity-balanced inferred shortest-path assignment on OSM streets; not an as-built feeder
SYN-0055,365786756,Novi Sad 5 - Detelinara,NS5,NS5,Novi Sad 5 - Detelinara,20.0,7548664096,3.3010084740807635,0.08211567805831187,capacity-balanced inferred shortest-path assignment on OSM streets; not an as-built feeder
SYN-0056,365786756,Novi Sad 5 - Detelinara,NS5,NS5,Novi Sad 5 - Detelinara,20.0,1574836281,3.0958204740807633,0.08211567805831187,capacity-balanced inferred shortest-path assignment on OSM streets; not an as-built feeder
SYN-0057,365786756,Novi Sad 5 - Detelinara,NS5,NS5,Novi Sad 5 - Detelinara,20.0,14027408200,3.1475544740807635,0.08211567805831187,capacity-balanced inferred shortest-path assignment on OSM streets; not an as-built feeder
SYN-0059,365786756,Novi Sad 5 - Detelinara,NS5,NS5,Novi Sad 5 - Detelinara,20.0,1553001148,2.9656064740807637,0.08211567805831187,capacity-balanced inferred shortest-path assignment on OSM streets; not an as-built feeder
SYN-0060,365786756,Novi Sad 5 - Detelinara,NS5,NS5,Novi Sad 5 - Detelinara,20.0,14027369454,2.6044014740807633,0.08211567805831187,capacity-balanced inferred shortest-path assignment on OSM streets; not an as-built feeder
SYN-0062,365786756,Novi Sad 5 - Detelinara,NS5,NS5,Novi Sad 5 - Detelinara,20.0,14027408200,3.1475544740807635,0.08211567805831187,capacity-balanced inferred shortest-path assignment on OSM streets; not an as-built feeder
SYN-0063,365786756,Novi Sad 5 - Detelinara,NS5,NS5,Novi Sad 5 - Detelinara,20.0,7548650532,3.079233474080763,0.08211567805831187,capacity-balanced inferred shortest-path assignment on OSM streets; not an as-built feeder
SYN-0064,365786756,Novi Sad 5 - Detelinara,NS5,NS5,Novi Sad 5 - Detelinara,20.0,1574836281,3.0958204740807633,0.08211567805831187,capacity-balanced inferred shortest-path assignment on OSM streets; not an as-built feeder
SYN-0066,365786756,Novi Sad 5 - Detelinara,NS5,NS5,Novi Sad 5 - Detelinara,20.0,14027408200,3.1475544740807635,0.08211567805831187,capacity-balanced inferred shortest-path assignment on OSM streets; not an as-built feeder
SYN-0067,365786756,Novi Sad 5 - Detelinara,NS5,NS5,Novi Sad 5 - Detelinara,20.0,1574830985,2.6404464740807634,0.08211567805831187,capacity-balanced inferred shortest-path assignment on OSM streets; not an as-built feeder
SYN-0069,365786756,Novi Sad 5 - Detelinara,NS5,NS5,Novi Sad 5 - Detelinara,20.0,7548676054,3.2390314740807638,0.08211567805831187,capacity-balanced inferred shortest-path assignment on OSM streets; not an as-built feeder
SYN-0070,365786756,Novi Sad 5 - Detelinara,NS5,NS5,Novi Sad 5 - Detelinara,20.0,1574831109,2.651931474080763,0.08211567805831187,capacity-balanced inferred shortest-path assignment on OSM streets; not an as-built feeder
SYN-0072,365786756,Novi Sad 5 - Detelinara,NS5,NS5,Novi Sad 5 - Detelinara,20.0,12620610833,2.785526474080763,0.08211567805831187,capacity-balanced inferred shortest-path assignment on OSM streets; not an as-built feeder
SYN-0073,365786756,Novi Sad 5 - Detelinara,NS5,NS5,Novi Sad 5 - Detelinara,20.0,7548676054,3.2390314740807638,0.08211567805831187,capacity-balanced inferred shortest-path assignment on OSM streets; not an as-built feeder
SYN-0075,365786756,Novi Sad 5 - Detelinara,NS5,NS5,Novi Sad 5 - Detelinara,20.0,14027408200,3.1475544740807635,0.08211567805831187,capacity-balanced inferred shortest-path assignment on OSM streets; not an as-built feeder
SYN-0077,365786756,Novi Sad 5 - Detelinara,NS5,NS5,Novi Sad 5 - Detelinara,20.0,7548650532,3.079233474080763,0.08211567805831187,capacity-balanced inferred shortest-path assignment on OSM streets; not an as-built feeder
SYN-0079,365786756,Novi Sad 5 - Detelinara,NS5,NS5,Novi Sad 5 - Detelinara,20.0,7548664095,3.3432064740807634,0.08211567805831187,capacity-balanced inferred shortest-path assignment on OSM streets; not an as-built feeder
SYN-0080,365786756,Novi Sad 5 - Detelinara,NS5,NS5,Novi Sad 5 - Detelinara,20.0,7548664096,3.3010084740807635,0.08211567805831187,capacity-balanced inferred shortest-path assignment on OSM streets; not an as-built feeder
SYN-0082,365786756,Novi Sad 5 - Detelinara,NS5,NS5,Novi Sad 5 - Detelinara,20.0,1574836287,3.270900474080763,0.08211567805831187,capacity-balanced inferred shortest-path assignment on OSM streets; not an as-built feeder
SYN-0083,365786756,Novi Sad 5 - Detelinara,NS5,NS5,Novi Sad 5 - Detelinara,20.0,1574836440,3.2925424740807636,0.08211567805831187,capacity-balanced inferred shortest-path assignment on OSM streets; not an as-built feeder
SYN-0085,365786756,Novi Sad 5 - Detelinara,NS5,NS5,Novi Sad 5 - Detelinara,20.0,7548650532,3.079233474080763,0.08211567805831187,capacity-balanced inferred shortest-path assignment on OSM streets; not an as-built feeder
SYN-0087,365786756,Novi Sad 5 - Detelinara,NS5,NS5,Novi Sad 5 - Detelinara,20.0,6438238124,3.278867474080763,0.08211567805831187,capacity-balanced inferred shortest-path assignment on OSM streets; not an as-built feeder
SYN-0108,365786756,Novi Sad 5 - Detelinara,NS5,NS5,Novi Sad 5 - Detelinara,20.0,6360046213,1.9099714740807632,0.08085023938795818,capacity-balanced inferred shortest-path assignment on OSM streets; not an as-built feeder
SYN-0109,365786756,Novi Sad 5 - Detelinara,NS5,NS5,Novi Sad 5 - Detelinara,20.0,9643308146,1.688367474080763,0.08085023938795818,capacity-balanced inferred shortest-path assignment on OSM streets; not an as-built feeder
SYN-0110,365786756,Novi Sad 5 - Detelinara,NS5,NS5,Novi Sad 5 - Detelinara,20.0,12232456478,1.872952474080763,0.08085023938795818,capacity-balanced inferred shortest-path assignment on OSM streets; not an as-built feeder
SYN-0111,365786756,Novi Sad 5 - Detelinara,NS5,NS5,Novi Sad 5 - Detelinara,20.0,5507645437,1.8583334740807627,0.08085023938795818,capacity-balanced inferred shortest-path assignment on OSM streets; not an as-built feeder
SYN-0112,365786756,Novi Sad 5 - Detelinara,NS5,NS5,Novi Sad 5 - Detelinara,20.0,9643308156,1.646264474080763,0.08085023938795818,capacity-balanced inferred shortest-path assignment on OSM streets; not an as-built feeder
SYN-0113,365786756,Novi Sad 5 - Detelinara,NS5,NS5,Novi Sad 5 - Detelinara,20.0,6360046213,1.9099714740807632,0.08085023938795818,capacity-balanced inferred shortest-path assignment on OSM streets; not an as-built feeder
SYN-0114,365786756,Novi Sad 5 - Detelinara,NS5,NS5,Novi Sad 5 - Detelinara,20.0,11192728802,1.9689374740807633,0.08085023938795818,capacity-balanced inferred shortest-path assignment on OSM streets; not an as-built feeder
SYN-0115,365786756,Novi Sad 5 - Detelinara,NS5,NS5,Novi Sad 5 - Detelinara,20.0,6360061042,1.4825664740807631,0.08085023938795818,capacity-balanced inferred shortest-path assignment on OSM streets; not an as-built feeder
SYN-0116,365786756,Novi Sad 5 - Detelinara,NS5,NS5,Novi Sad 5 - Detelinara,20.0,11940239884,1.9955464740807631,0.08085023938795818,capacity-balanced inferred shortest-path assignment on OSM streets; not an as-built feeder
SYN-0117,365786756,Novi Sad 5 - Detelinara,NS5,NS5,Novi Sad 5 - Detelinara,20.0,6360046212,2.064600474080763,0.08085023938795818,capacity-balanced inferred shortest-path assignment on OSM streets; not an as-built feeder
SYN-0118,365786756,Novi Sad 5 - Detelinara,NS5,NS5,Novi Sad 5 - Detelinara,20.0,6360046211,1.943127474080763,0.08085023938795818,capacity-balanced inferred shortest-path assignment on OSM streets; not an as-built feeder
SYN-0119,365786756,Novi Sad 5 - Detelinara,NS5,NS5,Novi Sad 5 - Detelinara,20.0,6360046094,1.8411334740807628,0.08085023938795818,capacity-balanced inferred shortest-path assignment on OSM streets; not an as-built feeder
SYN-0120,365786756,Novi Sad 5 - Detelinara,NS5,NS5,Novi Sad 5 - Detelinara,20.0,7548065886,2.1413054740807635,0.08085023938795818,capacity-balanced inferred shortest-path assignment on OSM streets; not an as-built feeder
SYN-0121,365786756,Novi Sad 5 - Detelinara,NS5,NS5,Novi Sad 5 - Detelinara,20.0,9643376429,1.8703024740807628,0.08085023938795818,capacity-balanced inferred shortest-path assignment on OSM streets; not an as-built feeder
SYN-0122,365786756,Novi Sad 5 - Detelinara,NS5,NS5,Novi Sad 5 - Detelinara,20.0,7548040680,2.150462474080763,0.08085023938795818,capacity-balanced inferred shortest-path assignment on OSM streets; not an as-built feeder
SYN-0123,365786756,Novi Sad 5 - Detelinara,NS5,NS5,Novi Sad 5 - Detelinara,20.0,7036256914,1.7256914740807632,0.08085023938795818,capacity-balanced inferred shortest-path assignment on OSM streets; not an as-built feeder
SYN-0124,365786756,Novi Sad 5 - Detelinara,NS5,NS5,Novi Sad 5 - Detelinara,20.0,7548028910,1.882458474080763,0.08085023938795818,capacity-balanced inferred shortest-path assignment on OSM streets; not an as-built feeder
SYN-0125,365786756,Novi Sad 5 - Detelinara,NS5,NS5,Novi Sad 5 - Detelinara,20.0,7036256914,1.7256914740807632,0.08085023938795818,capacity-balanced inferred shortest-path assignment on OSM streets; not an as-built feeder
SYN-0126,365786756,Novi Sad 5 - Detelinara,NS5,NS5,Novi Sad 5 - Detelinara,20.0,7035901615,2.0029264740807626,0.08085023938795818,capacity-balanced inferred shortest-path assignment on OSM streets; not an as-built feeder
SYN-0127,365786756,Novi Sad 5 - Detelinara,NS5,NS5,Novi Sad 5 - Detelinara,20.0,1077384864,1.917991474080763,0.08085023938795818,capacity-balanced inferred shortest-path assignment on OSM streets; not an as-built feeder
SYN-0128,365786756,Novi Sad 5 - Detelinara,NS5,NS5,Novi Sad 5 - Detelinara,20.0,11192728802,1.9689374740807633,0.08085023938795818,capacity-balanced inferred shortest-path assignment on OSM streets; not an as-built feeder
SYN-0129,365786756,Novi Sad 5 - Detelinara,NS5,NS5,Novi Sad 5 - Detelinara,20.0,6360046211,1.943127474080763,0.08085023938795818,capacity-balanced inferred shortest-path assignment on OSM streets; not an as-built feeder
SYN-0130,365786756,Novi Sad 5 - Detelinara,NS5,NS5,Novi Sad 5 - Detelinara,20.0,7040981026,1.7053604740807633,0.08085023938795818,capacity-balanced inferred shortest-path assignment on OSM streets; not an as-built feeder
SYN-0131,365786756,Novi Sad 5 - Detelinara,NS5,NS5,Novi Sad 5 - Detelinara,20.0,6360046093,1.828653474080763,0.08085023938795818,capacity-balanced inferred shortest-path assignment on OSM streets; not an as-built feeder
SYN-0132,365786756,Novi Sad 5 - Detelinara,NS5,NS5,Novi Sad 5 - Detelinara,20.0,1077384822,1.989029474080763,0.08085023938795818,capacity-balanced inferred shortest-path assignment on OSM streets; not an as-built feeder
SYN-0133,365786756,Novi Sad 5 - Detelinara,NS5,NS5,Novi Sad 5 - Detelinara,20.0,11940239884,1.9955464740807631,0.08085023938795818,capacity-balanced inferred shortest-path assignment on OSM streets; not an as-built feeder
SYN-0134,365786756,Novi Sad 5 - Detelinara,NS5,NS5,Novi Sad 5 - Detelinara,20.0,7036256913,1.7468934740807631,0.08085023938795818,capacity-balanced inferred shortest-path assignment on OSM streets; not an as-built feeder
SYN-0161,365786756,Novi Sad 5 - Detelinara,NS5,NS5,Novi Sad 5 - Detelinara,20.0,6381925712,1.8495404740807635,0.09200494416808638,capacity-balanced inferred shortest-path assignment on OSM streets; not an as-built feeder
SYN-0162,365786756,Novi Sad 5 - Detelinara,NS5,NS5,Novi Sad 5 - Detelinara,20.0,10702891188,1.8701624740807636,0.09200494416808638,capacity-balanced inferred shortest-path assignment on OSM streets; not an as-built feeder
SYN-0163,365786756,Novi Sad 5 - Detelinara,NS5,NS5,Novi Sad 5 - Detelinara,20.0,2341892425,1.8215644740807633,0.09200494416808638,capacity-balanced inferred shortest-path assignment on OSM streets; not an as-built feeder
SYN-0164,365786756,Novi Sad 5 - Detelinara,NS5,NS5,Novi Sad 5 - Detelinara,20.0,2341892483,1.4316984740807635,0.09200494416808638,capacity-balanced inferred shortest-path assignment on OSM streets; not an as-built feeder
SYN-0165,365786756,Novi Sad 5 - Detelinara,NS5,NS5,Novi Sad 5 - Detelinara,20.0,2341892494,1.609259474080763,0.09200494416808638,capacity-balanced inferred shortest-path assignment on OSM streets; not an as-built feeder
SYN-0170,365786756,Novi Sad 5 - Detelinara,NS5,NS5,Novi Sad 5 - Detelinara,20.0,3903310996,1.982940964753813,0.08487230266185147,capacity-balanced inferred shortest-path assignment on OSM streets; not an as-built feeder
SYN-0171,365786756,Novi Sad 5 - Detelinara,NS5,NS5,Novi Sad 5 - Detelinara,20.0,3903310996,1.982940964753813,0.08487230266185147,capacity-balanced inferred shortest-path assignment on OSM streets; not an as-built feeder
SYN-0172,365786756,Novi Sad 5 - Detelinara,NS5,NS5,Novi Sad 5 - Detelinara,20.0,9933900246,1.7907089647538128,0.08487230266185147,capacity-balanced inferred shortest-path assignment on OSM streets; not an as-built feeder
SYN-0173,365786756,Novi Sad 5 - Detelinara,NS5,NS5,Novi Sad 5 - Detelinara,20.0,3651348328,1.8761304740807632,0.08487230266185147,capacity-balanced inferred shortest-path assignment on OSM streets; not an as-built feeder
SYN-0174,365786756,Novi Sad 5 - Detelinara,NS5,NS5,Novi Sad 5 - Detelinara,20.0,12413763518,1.9371104740807632,0.08487230266185147,capacity-balanced inferred shortest-path assignment on OSM streets; not an as-built feeder
SYN-0175,365786756,Novi Sad 5 - Detelinara,NS5,NS5,Novi Sad 5 - Detelinara,20.0,12047356239,1.9194839647538129,0.08487230266185147,capacity-balanced inferred shortest-path assignment on OSM streets; not an as-built feeder
SYN-0176,365786756,Novi Sad 5 - Detelinara,NS5,NS5,Novi Sad 5 - Detelinara,20.0,12047356252,1.9027694740807632,0.08487230266185147,capacity-balanced inferred shortest-path assignment on OSM streets; not an as-built feeder
SYN-0177,365786756,Novi Sad 5 - Detelinara,NS5,NS5,Novi Sad 5 - Detelinara,20.0,3238423005,1.5240034740807633,0.07474397463995004,capacity-balanced inferred shortest-path assignment on OSM streets; not an as-built feeder
SYN-0178,365786756,Novi Sad 5 - Detelinara,NS5,NS5,Novi Sad 5 - Detelinara,20.0,7548687887,1.5863004740807634,0.07474397463995004,capacity-balanced inferred shortest-path assignment on OSM streets; not an as-built feeder
SYN-0182,365786756,Novi Sad 5 - Detelinara,NS5,NS5,Novi Sad 5 - Detelinara,20.0,10996970936,3.250793474080763,0.08130120928627742,capacity-balanced inferred shortest-path assignment on OSM streets; not an as-built feeder
SYN-0184,365786756,Novi Sad 5 - Detelinara,NS5,NS5,Novi Sad 5 - Detelinara,20.0,3728481184,3.516677474080763,0.08130120928627742,capacity-balanced inferred shortest-path assignment on OSM streets; not an as-built feeder
SYN-0185,365786756,Novi Sad 5 - Detelinara,NS5,NS5,Novi Sad 5 - Detelinara,20.0,3729701359,3.552601474080763,0.08130120928627742,capacity-balanced inferred shortest-path assignment on OSM streets; not an as-built feeder
SYN-0187,365786756,Novi Sad 5 - Detelinara,NS5,NS5,Novi Sad 5 - Detelinara,20.0,3729701404,3.416669474080763,0.08130120928627742,capacity-balanced inferred shortest-path assignment on OSM streets; not an as-built feeder
SYN-0189,365786756,Novi Sad 5 - Detelinara,NS5,NS5,Novi Sad 5 - Detelinara,20.0,11048774093,3.204963474080763,0.08130120928627742,capacity-balanced inferred shortest-path assignment on OSM streets; not an as-built feeder
SYN-0190,365786756,Novi Sad 5 - Detelinara,NS5,NS5,Novi Sad 5 - Detelinara,20.0,3627103645,3.566679474080763,0.08130120928627742,capacity-balanced inferred shortest-path assignment on OSM streets; not an as-built feeder
SYN-0191,365786756,Novi Sad 5 - Detelinara,NS5,NS5,Novi Sad 5 - Detelinara,20.0,3729701394,3.560998474080764,0.08130120928627742,capacity-balanced inferred shortest-path assignment on OSM streets; not an as-built feeder
SYN-0192,365786756,Novi Sad 5 - Detelinara,NS5,NS5,Novi Sad 5 - Detelinara,20.0,3728469430,3.529553474080763,0.08130120928627742,capacity-balanced inferred shortest-path assignment on OSM streets; not an as-built feeder
SYN-0195,365786756,Novi Sad 5 - Detelinara,NS5,NS5,Novi Sad 5 - Detelinara,20.0,12342358634,3.4371624740807634,0.08130120928627742,capacity-balanced inferred shortest-path assignment on OSM streets; not an as-built feeder
SYN-0196,365786756,Novi Sad 5 - Detelinara,NS5,NS5,Novi Sad 5 - Detelinara,20.0,10935361543,3.468967474080763,0.08130120928627742,capacity-balanced inferred shortest-path assignment on OSM streets; not an as-built feeder
SYN-0197,365786756,Novi Sad 5 - Detelinara,NS5,NS5,Novi Sad 5 - Detelinara,20.0,3729701372,3.4978404740807636,0.08130120928627742,capacity-balanced inferred shortest-path assignment on OSM streets; not an as-built feeder
SYN-0198,365786756,Novi Sad 5 - Detelinara,NS5,NS5,Novi Sad 5 - Detelinara,20.0,3728469725,3.5671844740807637,0.08130120928627742,capacity-balanced inferred shortest-path assignment on OSM streets; not an as-built feeder
SYN-0199,365786756,Novi Sad 5 - Detelinara,NS5,NS5,Novi Sad 5 - Detelinara,20.0,7548611254,3.044686474080763,0.08130120928627742,capacity-balanced inferred shortest-path assignment on OSM streets; not an as-built feeder
SYN-0201,365786756,Novi Sad 5 - Detelinara,NS5,NS5,Novi Sad 5 - Detelinara,20.0,3729701398,3.499707474080764,0.08130120928627742,capacity-balanced inferred shortest-path assignment on OSM streets; not an as-built feeder
SYN-0223,365786756,Novi Sad 5 - Detelinara,NS5,NS5,Novi Sad 5 - Detelinara,20.0,1573789300,4.795136474080763,0.08418688586033549,capacity-balanced inferred shortest-path assignment on OSM streets; not an as-built feeder
SYN-0224,365786756,Novi Sad 5 - Detelinara,NS5,NS5,Novi Sad 5 - Detelinara,20.0,12896988895,4.565228474080762,0.08418688586033549,capacity-balanced inferred shortest-path assignment on OSM streets; not an as-built feeder
SYN-0226,365786756,Novi Sad 5 - Detelinara,NS5,NS5,Novi Sad 5 - Detelinara,20.0,1573789197,4.4762684740807615,0.08418688586033549,capacity-balanced inferred shortest-path assignment on OSM streets; not an as-built feeder
SYN-0227,365786756,Novi Sad 5 - Detelinara,NS5,NS5,Novi Sad 5 - Detelinara,20.0,1573789197,4.4762684740807615,0.08418688586033549,capacity-balanced inferred shortest-path assignment on OSM streets; not an as-built feeder
SYN-0229,365786756,Novi Sad 5 - Detelinara,NS5,NS5,Novi Sad 5 - Detelinara,20.0,1573789182,4.577114474080763,0.08418688586033549,capacity-balanced inferred shortest-path assignment on OSM streets; not an as-built feeder
SYN-0231,365786756,Novi Sad 5 - Detelinara,NS5,NS5,Novi Sad 5 - Detelinara,20.0,12894990581,4.239721474080762,0.08418688586033549,capacity-balanced inferred shortest-path assignment on OSM streets; not an as-built feeder
SYN-0232,365786756,Novi Sad 5 - Detelinara,NS5,NS5,Novi Sad 5 - Detelinara,20.0,1573789171,4.3777534740807615,0.08418688586033549,capacity-balanced inferred shortest-path assignment on OSM streets; not an as-built feeder
SYN-0465,365786756,Novi Sad 5 - Detelinara,NS5,NS5,Novi Sad 5 - Detelinara,20.0,988900177,2.264103474080763,0.08109958028753993,capacity-balanced inferred shortest-path assignment on OSM streets; not an as-built feeder
SYN-0581,365786756,Novi Sad 5 - Detelinara,NS5,NS5,Novi Sad 5 - Detelinara,20.0,1570039464,4.490613474080761,0.09142350755752146,capacity-balanced inferred shortest-path assignment on OSM streets; not an as-built feeder
SYN-0582,365786756,Novi Sad 5 - Detelinara,NS5,NS5,Novi Sad 5 - Detelinara,20.0,1570039464,4.490613474080761,0.09142350755752146,capacity-balanced inferred shortest-path assignment on OSM streets; not an as-built feeder
SYN-0601,365786756,Novi Sad 5 - Detelinara,NS5,NS5,Novi Sad 5 - Detelinara,20.0,1570059645,5.677357474080763,0.08145478329174943,capacity-balanced inferred shortest-path assignment on OSM streets; not an as-built feeder
SYN-0602,365786756,Novi Sad 5 - Detelinara,NS5,NS5,Novi Sad 5 - Detelinara,20.0,6775300245,6.046025474080766,0.08145478329174943,capacity-balanced inferred shortest-path assignment on OSM streets; not an as-built feeder
SYN-0604,365786756,Novi Sad 5 - Detelinara,NS5,NS5,Novi Sad 5 - Detelinara,20.0,12558856947,5.5666544740807655,0.08145478329174943,capacity-balanced inferred shortest-path assignment on OSM streets; not an as-built feeder
SYN-0606,365786756,Novi Sad 5 - Detelinara,NS5,NS5,Novi Sad 5 - Detelinara,20.0,4821423703,5.988972474080766,0.08145478329174943,capacity-balanced inferred shortest-path assignment on OSM streets; not an as-built feeder
SYN-0609,365786756,Novi Sad 5 - Detelinara,NS5,NS5,Novi Sad 5 - Detelinara,20.0,12558792661,5.949436474080764,0.08145478329174943,capacity-balanced inferred shortest-path assignment on OSM streets; not an as-built feeder
SYN-0611,365786756,Novi Sad 5 - Detelinara,NS5,NS5,Novi Sad 5 - Detelinara,20.0,3218199830,5.945215474080767,0.08145478329174943,capacity-balanced inferred shortest-path assignment on OSM streets; not an as-built feeder
SYN-0636,365786756,Novi Sad 5 - Detelinara,NS5,NS5,Novi Sad 5 - Detelinara,20.0,2751831022,0.6722924740807632,0.0821080677887888,capacity-balanced inferred shortest-path assignment on OSM streets; not an as-built feeder
SYN-0638,365786756,Novi Sad 5 - Detelinara,NS5,NS5,Novi Sad 5 - Detelinara,20.0,13970306051,0.25664347408076316,0.0821080677887888,capacity-balanced inferred shortest-path assignment on OSM streets; not an as-built feeder
SYN-0639,365786756,Novi Sad 5 - Detelinara,NS5,NS5,Novi Sad 5 - Detelinara,20.0,3989559257,0.16444647408076316,0.0821080677887888,capacity-balanced inferred shortest-path assignment on OSM streets; not an as-built feeder
SYN-0642,365786756,Novi Sad 5 - Detelinara,NS5,NS5,Novi Sad 5 - Detelinara,20.0,3989558949,0.23085447408076315,0.0821080677887888,capacity-balanced inferred shortest-path assignment on OSM streets; not an as-built feeder
SYN-0644,365786756,Novi Sad 5 - Detelinara,NS5,NS5,Novi Sad 5 - Detelinara,20.0,1739519765,0.41390347408076317,0.0821080677887888,capacity-balanced inferred shortest-path assignment on OSM streets; not an as-built feeder
SYN-0646,365786756,Novi Sad 5 - Detelinara,NS5,NS5,Novi Sad 5 - Detelinara,20.0,3697990255,0.16980047408076313,0.0821080677887888,capacity-balanced inferred shortest-path assignment on OSM streets; not an as-built feeder
SYN-0647,365786756,Novi Sad 5 - Detelinara,NS5,NS5,Novi Sad 5 - Detelinara,20.0,1739519737,0.24158647408076314,0.0821080677887888,capacity-balanced inferred shortest-path assignment on OSM streets; not an as-built feeder
SYN-0648,365786756,Novi Sad 5 - Detelinara,NS5,NS5,Novi Sad 5 - Detelinara,20.0,11940239869,0.5690554740807631,0.0821080677887888,capacity-balanced inferred shortest-path assignment on OSM streets; not an as-built feeder
SYN-0649,365786756,Novi Sad 5 - Detelinara,NS5,NS5,Novi Sad 5 - Detelinara,20.0,8225965898,0.851195474080763,0.08057346115299518,capacity-balanced inferred shortest-path assignment on OSM streets; not an as-built feeder
SYN-0650,365786756,Novi Sad 5 - Detelinara,NS5,NS5,Novi Sad 5 - Detelinara,20.0,13962655053,0.7119694740807633,0.08057346115299518,capacity-balanced inferred shortest-path assignment on OSM streets; not an as-built feeder
SYN-0651,365786756,Novi Sad 5 - Detelinara,NS5,NS5,Novi Sad 5 - Detelinara,20.0,11331156159,0.481089474080763,0.08057346115299518,capacity-balanced inferred shortest-path assignment on OSM streets; not an as-built feeder
SYN-0652,365786756,Novi Sad 5 - Detelinara,NS5,NS5,Novi Sad 5 - Detelinara,20.0,8930122743,1.1013044740807627,0.08057346115299518,capacity-balanced inferred shortest-path assignment on OSM streets; not an as-built feeder
SYN-0653,365786756,Novi Sad 5 - Detelinara,NS5,NS5,Novi Sad 5 - Detelinara,20.0,11331156104,0.7525304740807631,0.08057346115299518,capacity-balanced inferred shortest-path assignment on OSM streets; not an as-built feeder
SYN-0654,365786756,Novi Sad 5 - Detelinara,NS5,NS5,Novi Sad 5 - Detelinara,20.0,6323067928,0.7474764740807631,0.08057346115299518,capacity-balanced inferred shortest-path assignment on OSM streets; not an as-built feeder
SYN-0655,365786756,Novi Sad 5 - Detelinara,NS5,NS5,Novi Sad 5 - Detelinara,20.0,9424923515,0.632451474080763,0.08057346115299518,capacity-balanced inferred shortest-path assignment on OSM streets; not an as-built feeder
SYN-0656,365786756,Novi Sad 5 - Detelinara,NS5,NS5,Novi Sad 5 - Detelinara,20.0,1302317103,0.7452714740807631,0.08057346115299518,capacity-balanced inferred shortest-path assignment on OSM streets; not an as-built feeder
SYN-0657,365786756,Novi Sad 5 - Detelinara,NS5,NS5,Novi Sad 5 - Detelinara,20.0,3989550237,0.596218474080763,0.08057346115299518,capacity-balanced inferred shortest-path assignment on OSM streets; not an as-built feeder
SYN-0658,365786756,Novi Sad 5 - Detelinara,NS5,NS5,Novi Sad 5 - Detelinara,20.0,13962655055,0.6317214740807631,0.08057346115299518,capacity-balanced inferred shortest-path assignment on OSM streets; not an as-built feeder
SYN-0659,365786756,Novi Sad 5 - Detelinara,NS5,NS5,Novi Sad 5 - Detelinara,20.0,8225873844,0.9918064740807627,0.08057346115299518,capacity-balanced inferred shortest-path assignment on OSM streets; not an as-built feeder
SYN-0660,365786756,Novi Sad 5 - Detelinara,NS5,NS5,Novi Sad 5 - Detelinara,20.0,13960585447,0.355641474080763,0.08057346115299518,capacity-balanced inferred shortest-path assignment on OSM streets; not an as-built feeder
SYN-0661,365786756,Novi Sad 5 - Detelinara,NS5,NS5,Novi Sad 5 - Detelinara,20.0,9424923497,0.652552474080763,0.08057346115299518,capacity-balanced inferred shortest-path assignment on OSM streets; not an as-built feeder
SYN-0662,365786756,Novi Sad 5 - Detelinara,NS5,NS5,Novi Sad 5 - Detelinara,20.0,11331156307,0.7400314740807631,0.08057346115299518,capacity-balanced inferred shortest-path assignment on OSM streets; not an as-built feeder
SYN-0663,365786756,Novi Sad 5 - Detelinara,NS5,NS5,Novi Sad 5 - Detelinara,20.0,9424923496,0.7087644740807629,0.08057346115299518,capacity-balanced inferred shortest-path assignment on OSM streets; not an as-built feeder
SYN-0664,365786756,Novi Sad 5 - Detelinara,NS5,NS5,Novi Sad 5 - Detelinara,20.0,8225965889,0.879150474080763,0.08057346115299518,capacity-balanced inferred shortest-path assignment on OSM streets; not an as-built feeder
SYN-0665,365786756,Novi Sad 5 - Detelinara,NS5,NS5,Novi Sad 5 - Detelinara,20.0,11940239896,1.3576614740807627,0.03223047049818775,capacity-balanced inferred shortest-path assignment on OSM streets; not an as-built feeder
SYN-0666,365786756,Novi Sad 5 - Detelinara,NS5,NS5,Novi Sad 5 - Detelinara,20.0,11940239905,1.3104294740807627,0.03223047049818775,capacity-balanced inferred shortest-path assignment on OSM streets; not an as-built feeder
SYN-0668,365786756,Novi Sad 5 - Detelinara,NS5,NS5,Novi Sad 5 - Detelinara,20.0,4025416679,0.8486154740807631,0.08113866795441325,capacity-balanced inferred shortest-path assignment on OSM streets; not an as-built feeder
SYN-0669,365786756,Novi Sad 5 - Detelinara,NS5,NS5,Novi Sad 5 - Detelinara,20.0,1077384871,1.675327474080763,0.08113866795441325,capacity-balanced inferred shortest-path assignment on OSM streets; not an as-built feeder
SYN-0670,365786756,Novi Sad 5 - Detelinara,NS5,NS5,Novi Sad 5 - Detelinara,20.0,1083543344,1.7522254740807632,0.08113866795441325,capacity-balanced inferred shortest-path assignment on OSM streets; not an as-built feeder
SYN-0672,365786756,Novi Sad 5 - Detelinara,NS5,NS5,Novi Sad 5 - Detelinara,20.0,6536666077,1.3883934740807629,0.08113866795441325,capacity-balanced inferred shortest-path assignment on OSM streets; not an as-built feeder
SYN-0674,365786756,Novi Sad 5 - Detelinara,NS5,NS5,Novi Sad 5 - Detelinara,20.0,3991148156,1.697769474080763,0.08113866795441325,capacity-balanced inferred shortest-path assignment on OSM streets; not an as-built feeder
SYN-0675,365786756,Novi Sad 5 - Detelinara,NS5,NS5,Novi Sad 5 - Detelinara,20.0,4023208343,0.723582474080763,0.08113866795441325,capacity-balanced inferred shortest-path assignment on OSM streets; not an as-built feeder
SYN-0676,365786756,Novi Sad 5 - Detelinara,NS5,NS5,Novi Sad 5 - Detelinara,20.0,11940301698,1.2008664740807629,0.08113866795441325,capacity-balanced inferred shortest-path assignment on OSM streets; not an as-built feeder
SYN-0677,365786756,Novi Sad 5 - Detelinara,NS5,NS5,Novi Sad 5 - Detelinara,20.0,676054827,2.1313624740807637,0.08113866795441325,capacity-balanced inferred shortest-path assignment on OSM streets; not an as-built feeder
SYN-0678,365786756,Novi Sad 5 - Detelinara,NS5,NS5,Novi Sad 5 - Detelinara,20.0,3071559770,2.6250274740807638,0.08113866795441325,capacity-balanced inferred shortest-path assignment on OSM streets; not an as-built feeder
SYN-0679,365786756,Novi Sad 5 - Detelinara,NS5,NS5,Novi Sad 5 - Detelinara,20.0,2947604829,1.6633174740807637,0.08113866795441325,capacity-balanced inferred shortest-path assignment on OSM streets; not an as-built feeder
SYN-0680,365786756,Novi Sad 5 - Detelinara,NS5,NS5,Novi Sad 5 - Detelinara,20.0,6310673814,0.8907024740807629,0.08113866795441325,capacity-balanced inferred shortest-path assignment on OSM streets; not an as-built feeder
SYN-0681,365786756,Novi Sad 5 - Detelinara,NS5,NS5,Novi Sad 5 - Detelinara,20.0,1077384842,1.542506474080763,0.08113866795441325,capacity-balanced inferred shortest-path assignment on OSM streets; not an as-built feeder
SYN-0684,365786756,Novi Sad 5 - Detelinara,NS5,NS5,Novi Sad 5 - Detelinara,20.0,6557557309,1.868684474080763,0.08113866795441325,capacity-balanced inferred shortest-path assignment on OSM streets; not an as-built feeder
SYN-0685,365786756,Novi Sad 5 - Detelinara,NS5,NS5,Novi Sad 5 - Detelinara,20.0,10979449038,0.866186474080763,0.08113866795441325,capacity-balanced inferred shortest-path assignment on OSM streets; not an as-built feeder
SYN-0687,365786756,Novi Sad 5 - Detelinara,NS5,NS5,Novi Sad 5 - Detelinara,20.0,519546039,1.2015404740807627,0.08113866795441325,capacity-balanced inferred shortest-path assignment on OSM streets; not an as-built feeder
SYN-0688,365786756,Novi Sad 5 - Detelinara,NS5,NS5,Novi Sad 5 - Detelinara,20.0,12549581810,0.786667474080763,0.08113866795441325,capacity-balanced inferred shortest-path assignment on OSM streets; not an as-built feeder
SYN-0689,365786756,Novi Sad 5 - Detelinara,NS5,NS5,Novi Sad 5 - Detelinara,20.0,11968059433,1.434444474080763,0.08113866795441325,capacity-balanced inferred shortest-path assignment on OSM streets; not an as-built feeder
SYN-0691,365786756,Novi Sad 5 - Detelinara,NS5,NS5,Novi Sad 5 - Detelinara,20.0,4011339667,1.3188504740807627,0.08113866795441325,capacity-balanced inferred shortest-path assignment on OSM streets; not an as-built feeder
SYN-0692,365786756,Novi Sad 5 - Detelinara,NS5,NS5,Novi Sad 5 - Detelinara,20.0,9643374952,0.825992474080763,0.08113866795441325,capacity-balanced inferred shortest-path assignment on OSM streets; not an as-built feeder
SYN-0694,365786756,Novi Sad 5 - Detelinara,NS5,NS5,Novi Sad 5 - Detelinara,20.0,3988948174,1.6264294740807634,0.08113866795441325,capacity-balanced inferred shortest-path assignment on OSM streets; not an as-built feeder
SYN-0696,365786756,Novi Sad 5 - Detelinara,NS5,NS5,Novi Sad 5 - Detelinara,20.0,6544637434,1.7671984740807631,0.08113866795441325,capacity-balanced inferred shortest-path assignment on OSM streets; not an as-built feeder
SYN-0698,365786756,Novi Sad 5 - Detelinara,NS5,NS5,Novi Sad 5 - Detelinara,20.0,4025464237,1.453089474080763,0.08113866795441325,capacity-balanced inferred shortest-path assignment on OSM streets; not an as-built feeder
SYN-0699,365786756,Novi Sad 5 - Detelinara,NS5,NS5,Novi Sad 5 - Detelinara,20.0,6916013451,1.207823474080763,0.08113866795441325,capacity-balanced inferred shortest-path assignment on OSM streets; not an as-built feeder
SYN-0700,365786756,Novi Sad 5 - Detelinara,NS5,NS5,Novi Sad 5 - Detelinara,20.0,4011339667,1.3188504740807627,0.08113866795441325,capacity-balanced inferred shortest-path assignment on OSM streets; not an as-built feeder
SYN-0701,365786756,Novi Sad 5 - Detelinara,NS5,NS5,Novi Sad 5 - Detelinara,20.0,4019717260,1.025141474080763,0.08113866795441325,capacity-balanced inferred shortest-path assignment on OSM streets; not an as-built feeder
SYN-0703,365786756,Novi Sad 5 - Detelinara,NS5,NS5,Novi Sad 5 - Detelinara,20.0,4011318062,0.9946214740807631,0.08113866795441325,capacity-balanced inferred shortest-path assignment on OSM streets; not an as-built feeder
SYN-0705,365786756,Novi Sad 5 - Detelinara,NS5,NS5,Novi Sad 5 - Detelinara,20.0,11346127856,1.158675474080763,0.08113866795441325,capacity-balanced inferred shortest-path assignment on OSM streets; not an as-built feeder
SYN-0706,365786756,Novi Sad 5 - Detelinara,NS5,NS5,Novi Sad 5 - Detelinara,20.0,1083543391,2.4863354740807626,0.08113866795441325,capacity-balanced inferred shortest-path assignment on OSM streets; not an as-built feeder
SYN-0707,365786756,Novi Sad 5 - Detelinara,NS5,NS5,Novi Sad 5 - Detelinara,20.0,519546051,1.0880234740807628,0.08113866795441325,capacity-balanced inferred shortest-path assignment on OSM streets; not an as-built feeder
SYN-0708,365786756,Novi Sad 5 - Detelinara,NS5,NS5,Novi Sad 5 - Detelinara,20.0,4032628555,1.596293474080763,0.08113866795441325,capacity-balanced inferred shortest-path assignment on OSM streets; not an as-built feeder
SYN-0709,365786756,Novi Sad 5 - Detelinara,NS5,NS5,Novi Sad 5 - Detelinara,20.0,4025464236,1.460036474080763,0.08113866795441325,capacity-balanced inferred shortest-path assignment on OSM streets; not an as-built feeder
SYN-0710,365786756,Novi Sad 5 - Detelinara,NS5,NS5,Novi Sad 5 - Detelinara,20.0,1230566079,1.701478474080763,0.08113866795441325,capacity-balanced inferred shortest-path assignment on OSM streets; not an as-built feeder
SYN-0711,365786756,Novi Sad 5 - Detelinara,NS5,NS5,Novi Sad 5 - Detelinara,20.0,6536669516,1.7020844740807628,0.08113866795441325,capacity-balanced inferred shortest-path assignment on OSM streets; not an as-built feeder
SYN-0712,365786756,Novi Sad 5 - Detelinara,NS5,NS5,Novi Sad 5 - Detelinara,20.0,4032689791,1.543392474080763,0.08113866795441325,capacity-balanced inferred shortest-path assignment on OSM streets; not an as-built feeder
SYN-0715,365786756,Novi Sad 5 - Detelinara,NS5,NS5,Novi Sad 5 - Detelinara,20.0,4011339686,1.2072124740807628,0.08113866795441325,capacity-balanced inferred shortest-path assignment on OSM streets; not an as-built feeder
SYN-0717,365786756,Novi Sad 5 - Detelinara,NS5,NS5,Novi Sad 5 - Detelinara,20.0,6904857661,1.7384904740807638,0.08113866795441325,capacity-balanced inferred shortest-path assignment on OSM streets; not an as-built feeder
SYN-0719,365786756,Novi Sad 5 - Detelinara,NS5,NS5,Novi Sad 5 - Detelinara,20.0,3071559768,2.549168474080764,0.08113866795441325,capacity-balanced inferred shortest-path assignment on OSM streets; not an as-built feeder
SYN-0720,365786756,Novi Sad 5 - Detelinara,NS5,NS5,Novi Sad 5 - Detelinara,20.0,6920271284,1.6046034740807635,0.08113866795441325,capacity-balanced inferred shortest-path assignment on OSM streets; not an as-built feeder
SYN-0722,365786756,Novi Sad 5 - Detelinara,NS5,NS5,Novi Sad 5 - Detelinara,20.0,1230566096,1.324715474080763,0.08113866795441325,capacity-balanced inferred shortest-path assignment on OSM streets; not an as-built feeder
SYN-0723,365786756,Novi Sad 5 - Detelinara,NS5,NS5,Novi Sad 5 - Detelinara,20.0,11346035372,2.262889474080763,0.08113866795441325,capacity-balanced inferred shortest-path assignment on OSM streets; not an as-built feeder
SYN-0724,365786756,Novi Sad 5 - Detelinara,NS5,NS5,Novi Sad 5 - Detelinara,20.0,6669328932,1.8957264740807636,0.08113866795441325,capacity-balanced inferred shortest-path assignment on OSM streets; not an as-built feeder
SYN-0725,365786756,Novi Sad 5 - Detelinara,NS5,NS5,Novi Sad 5 - Detelinara,20.0,4019717251,1.4452234740807628,0.08113866795441325,capacity-balanced inferred shortest-path assignment on OSM streets; not an as-built feeder
SYN-0726,365786756,Novi Sad 5 - Detelinara,NS5,NS5,Novi Sad 5 - Detelinara,20.0,3617270791,1.550158474080763,0.08113866795441325,capacity-balanced inferred shortest-path assignment on OSM streets; not an as-built feeder
SYN-0727,365786756,Novi Sad 5 - Detelinara,NS5,NS5,Novi Sad 5 - Detelinara,20.0,4032628570,1.624934474080763,0.08113866795441325,capacity-balanced inferred shortest-path assignment on OSM streets; not an as-built feeder
SYN-0729,365786756,Novi Sad 5 - Detelinara,NS5,NS5,Novi Sad 5 - Detelinara,20.0,4011289960,1.211255474080763,0.08113866795441325,capacity-balanced inferred shortest-path assignment on OSM streets; not an as-built feeder
SYN-0730,365786756,Novi Sad 5 - Detelinara,NS5,NS5,Novi Sad 5 - Detelinara,20.0,6924201707,1.3595324740807628,0.08113866795441325,capacity-balanced inferred shortest-path assignment on OSM streets; not an as-built feeder
SYN-0732,365786756,Novi Sad 5 - Detelinara,NS5,NS5,Novi Sad 5 - Detelinara,20.0,4011318066,0.8911354740807631,0.08113866795441325,capacity-balanced inferred shortest-path assignment on OSM streets; not an as-built feeder
SYN-0733,365786756,Novi Sad 5 - Detelinara,NS5,NS5,Novi Sad 5 - Detelinara,20.0,6918584586,1.4166814740807627,0.08113866795441325,capacity-balanced inferred shortest-path assignment on OSM streets; not an as-built feeder
SYN-0734,365786756,Novi Sad 5 - Detelinara,NS5,NS5,Novi Sad 5 - Detelinara,20.0,4032689791,1.543392474080763,0.08113866795441325,capacity-balanced inferred shortest-path assignment on OSM streets; not an as-built feeder
SYN-0735,365786756,Novi Sad 5 - Detelinara,NS5,NS5,Novi Sad 5 - Detelinara,20.0,4011339667,1.3188504740807627,0.08113866795441325,capacity-balanced inferred shortest-path assignment on OSM streets; not an as-built feeder
SYN-0741,365786756,Novi Sad 5 - Detelinara,NS5,NS5,Novi Sad 5 - Detelinara,20.0,3624018572,1.3071324740807628,0.08113866795441325,capacity-balanced inferred shortest-path assignment on OSM streets; not an as-built feeder
SYN-0742,365786756,Novi Sad 5 - Detelinara,NS5,NS5,Novi Sad 5 - Detelinara,20.0,4019717248,1.2607454740807627,0.08113866795441325,capacity-balanced inferred shortest-path assignment on OSM streets; not an as-built feeder
SYN-0743,365786756,Novi Sad 5 - Detelinara,NS5,NS5,Novi Sad 5 - Detelinara,20.0,12007515910,1.1735824740807632,0.08113866795441325,capacity-balanced inferred shortest-path assignment on OSM streets; not an as-built feeder
SYN-0745,365786756,Novi Sad 5 - Detelinara,NS5,NS5,Novi Sad 5 - Detelinara,20.0,6916426180,1.7111184740807626,0.08113866795441325,capacity-balanced inferred shortest-path assignment on OSM streets; not an as-built feeder
SYN-0746,365786756,Novi Sad 5 - Detelinara,NS5,NS5,Novi Sad 5 - Detelinara,20.0,2078935936,0.891134474080763,0.08113866795441325,capacity-balanced inferred shortest-path assignment on OSM streets; not an as-built feeder
SYN-0747,365786756,Novi Sad 5 - Detelinara,NS5,NS5,Novi Sad 5 - Detelinara,20.0,7132810651,2.6793984740807635,0.08113866795441325,capacity-balanced inferred shortest-path assignment on OSM streets; not an as-built feeder
SYN-0748,365786756,Novi Sad 5 - Detelinara,NS5,NS5,Novi Sad 5 - Detelinara,20.0,6918331417,1.6137024740807635,0.08113866795441325,capacity-balanced inferred shortest-path assignment on OSM streets; not an as-built feeder
SYN-0753,365786756,Novi Sad 5 - Detelinara,NS5,NS5,Novi Sad 5 - Detelinara,20.0,6801732809,1.2250654740807632,0.08113866795441325,capacity-balanced inferred shortest-path assignment on OSM streets; not an as-built feeder
SYN-0754,365786756,Novi Sad 5 - Detelinara,NS5,NS5,Novi Sad 5 - Detelinara,20.0,6538376395,1.4728314740807626,0.08113866795441325,capacity-balanced inferred shortest-path assignment on OSM streets; not an as-built feeder
SYN-0756,365786756,Novi Sad 5 - Detelinara,NS5,NS5,Novi Sad 5 - Detelinara,20.0,6557557310,1.9037174740807632,0.08113866795441325,capacity-balanced inferred shortest-path assignment on OSM streets; not an as-built feeder
SYN-0757,365786756,Novi Sad 5 - Detelinara,NS5,NS5,Novi Sad 5 - Detelinara,20.0,4011289954,1.277144474080763,0.08113866795441325,capacity-balanced inferred shortest-path assignment on OSM streets; not an as-built feeder
SYN-0762,365786756,Novi Sad 5 - Detelinara,NS5,NS5,Novi Sad 5 - Detelinara,20.0,3990996552,2.161143474080762,0.08113866795441325,capacity-balanced inferred shortest-path assignment on OSM streets; not an as-built feeder
SYN-0763,365786756,Novi Sad 5 - Detelinara,NS5,NS5,Novi Sad 5 - Detelinara,20.0,7636180176,1.9294514740807636,0.08113866795441325,capacity-balanced inferred shortest-path assignment on OSM streets; not an as-built feeder
SYN-0764,365786756,Novi Sad 5 - Detelinara,NS5,NS5,Novi Sad 5 - Detelinara,20.0,10702857155,2.3447284740807626,0.08113866795441325,capacity-balanced inferred shortest-path assignment on OSM streets; not an as-built feeder
SYN-0765,365786756,Novi Sad 5 - Detelinara,NS5,NS5,Novi Sad 5 - Detelinara,20.0,12549581810,0.786667474080763,0.08113866795441325,capacity-balanced inferred shortest-path assignment on OSM streets; not an as-built feeder
SYN-0766,365786756,Novi Sad 5 - Detelinara,NS5,NS5,Novi Sad 5 - Detelinara,20.0,4011289964,1.107776474080763,0.08113866795441325,capacity-balanced inferred shortest-path assignment on OSM streets; not an as-built feeder
SYN-0767,365786756,Novi Sad 5 - Detelinara,NS5,NS5,Novi Sad 5 - Detelinara,20.0,7116635918,2.3425666215381202,0.08113866795441325,capacity-balanced inferred shortest-path assignment on OSM streets; not an as-built feeder
SYN-0768,365786756,Novi Sad 5 - Detelinara,NS5,NS5,Novi Sad 5 - Detelinara,20.0,11888804063,1.5487134740807629,0.08113866795441325,capacity-balanced inferred shortest-path assignment on OSM streets; not an as-built feeder
SYN-0769,365786756,Novi Sad 5 - Detelinara,NS5,NS5,Novi Sad 5 - Detelinara,20.0,61828587,1.099721474080763,0.08113866795441325,capacity-balanced inferred shortest-path assignment on OSM streets; not an as-built feeder
SYN-0770,365786756,Novi Sad 5 - Detelinara,NS5,NS5,Novi Sad 5 - Detelinara,20.0,6567808361,1.6682604740807634,0.08113866795441325,capacity-balanced inferred shortest-path assignment on OSM streets; not an as-built feeder
SYN-0771,365786756,Novi Sad 5 - Detelinara,NS5,NS5,Novi Sad 5 - Detelinara,20.0,519546043,0.995152474080763,0.08113866795441325,capacity-balanced inferred shortest-path assignment on OSM streets; not an as-built feeder
SYN-0772,365786756,Novi Sad 5 - Detelinara,NS5,NS5,Novi Sad 5 - Detelinara,20.0,2077443686,2.1844834740807624,0.08113866795441325,capacity-balanced inferred shortest-path assignment on OSM streets; not an as-built feeder
SYN-0774,365786756,Novi Sad 5 - Detelinara,NS5,NS5,Novi Sad 5 - Detelinara,20.0,6511376110,1.4796994740807632,0.08113866795441325,capacity-balanced inferred shortest-path assignment on OSM streets; not an as-built feeder
SYN-0777,365786756,Novi Sad 5 - Detelinara,NS5,NS5,Novi Sad 5 - Detelinara,20.0,519546020,1.7786244740807629,0.08113866795441325,capacity-balanced inferred shortest-path assignment on OSM streets; not an as-built feeder
SYN-0778,365786756,Novi Sad 5 - Detelinara,NS5,NS5,Novi Sad 5 - Detelinara,20.0,519546017,1.729829474080763,0.08113866795441325,capacity-balanced inferred shortest-path assignment on OSM streets; not an as-built feeder
SYN-0811,365786756,Novi Sad 5 - Detelinara,NS5,NS5,Novi Sad 5 - Detelinara,20.0,13888608888,2.1925724740807633,0.08058300563545519,capacity-balanced inferred shortest-path assignment on OSM streets; not an as-built feeder
SYN-0812,365786756,Novi Sad 5 - Detelinara,NS5,NS5,Novi Sad 5 - Detelinara,20.0,1574840210,2.2529274740807637,0.08958893058820305,capacity-balanced inferred shortest-path assignment on OSM streets; not an as-built feeder
SYN-0813,365786756,Novi Sad 5 - Detelinara,NS5,NS5,Novi Sad 5 - Detelinara,20.0,1574840206,2.1993904740807633,0.08958893058820305,capacity-balanced inferred shortest-path assignment on OSM streets; not an as-built feeder
SYN-0814,365786756,Novi Sad 5 - Detelinara,NS5,NS5,Novi Sad 5 - Detelinara,20.0,1574840212,2.2630674740807635,0.08958893058820305,capacity-balanced inferred shortest-path assignment on OSM streets; not an as-built feeder
SYN-0815,365786756,Novi Sad 5 - Detelinara,NS5,NS5,Novi Sad 5 - Detelinara,20.0,14027369424,2.396030474080763,0.08958893058820305,capacity-balanced inferred shortest-path assignment on OSM streets; not an as-built feeder
SYN-0817,365786756,Novi Sad 5 - Detelinara,NS5,NS5,Novi Sad 5 - Detelinara,20.0,9643417521,3.650080474080762,0.08614112978670735,capacity-balanced inferred shortest-path assignment on OSM streets; not an as-built feeder
SYN-0818,365786756,Novi Sad 5 - Detelinara,NS5,NS5,Novi Sad 5 - Detelinara,20.0,9643417522,3.6546564740807614,0.08614112978670735,capacity-balanced inferred shortest-path assignment on OSM streets; not an as-built feeder
SYN-0843,365786756,Novi Sad 5 - Detelinara,NS5,NS5,Novi Sad 5 - Detelinara,20.0,12034834393,2.6129854740807628,0.0822290042051808,capacity-balanced inferred shortest-path assignment on OSM streets; not an as-built feeder
SYN-0844,365786756,Novi Sad 5 - Detelinara,NS5,NS5,Novi Sad 5 - Detelinara,20.0,1574838283,2.7120304740807644,0.0822290042051808,capacity-balanced inferred shortest-path assignment on OSM streets; not an as-built feeder
SYN-0846,365786756,Novi Sad 5 - Detelinara,NS5,NS5,Novi Sad 5 - Detelinara,20.0,1574838309,2.652904474080764,0.0822290042051808,capacity-balanced inferred shortest-path assignment on OSM streets; not an as-built feeder
SYN-0856,365786756,Novi Sad 5 - Detelinara,NS5,NS5,Novi Sad 5 - Detelinara,20.0,7548635004,3.1228734740807633,0.07603893455430819,capacity-balanced inferred shortest-path assignment on OSM streets; not an as-built feeder
SYN-0859,365786756,Novi Sad 5 - Detelinara,NS5,NS5,Novi Sad 5 - Detelinara,20.0,12620610822,3.3830704740807636,0.08228888918876397,capacity-balanced inferred shortest-path assignment on OSM streets; not an as-built feeder
SYN-0860,365786756,Novi Sad 5 - Detelinara,NS5,NS5,Novi Sad 5 - Detelinara,20.0,1574836489,3.4365964740807637,0.08228888918876397,capacity-balanced inferred shortest-path assignment on OSM streets; not an as-built feeder
SYN-0861,365786756,Novi Sad 5 - Detelinara,NS5,NS5,Novi Sad 5 - Detelinara,20.0,14026896186,3.308505474080764,0.08228888918876397,capacity-balanced inferred shortest-path assignment on OSM streets; not an as-built feeder
SYN-0862,365786756,Novi Sad 5 - Detelinara,NS5,NS5,Novi Sad 5 - Detelinara,20.0,12620610822,3.3830704740807636,0.08228888918876397,capacity-balanced inferred shortest-path assignment on OSM streets; not an as-built feeder
SYN-0864,365786756,Novi Sad 5 - Detelinara,NS5,NS5,Novi Sad 5 - Detelinara,20.0,1574836490,3.3688864740807634,0.08228888918876397,capacity-balanced inferred shortest-path assignment on OSM streets; not an as-built feeder
SYN-0865,365786756,Novi Sad 5 - Detelinara,NS5,NS5,Novi Sad 5 - Detelinara,20.0,14026896173,3.5143494740807637,0.08228888918876397,capacity-balanced inferred shortest-path assignment on OSM streets; not an as-built feeder
SYN-0866,365786756,Novi Sad 5 - Detelinara,NS5,NS5,Novi Sad 5 - Detelinara,20.0,14026896172,3.6274224740807637,0.08228888918876397,capacity-balanced inferred shortest-path assignment on OSM streets; not an as-built feeder
SYN-0867,365786756,Novi Sad 5 - Detelinara,NS5,NS5,Novi Sad 5 - Detelinara,20.0,1574836456,3.530363474080764,0.08228888918876397,capacity-balanced inferred shortest-path assignment on OSM streets; not an as-built feeder
SYN-0868,365786756,Novi Sad 5 - Detelinara,NS5,NS5,Novi Sad 5 - Detelinara,20.0,1574836456,3.530363474080764,0.08228888918876397,capacity-balanced inferred shortest-path assignment on OSM streets; not an as-built feeder
SYN-0869,365786756,Novi Sad 5 - Detelinara,NS5,NS5,Novi Sad 5 - Detelinara,20.0,11942436294,2.5226964740807634,0.08764076439048124,capacity-balanced inferred shortest-path assignment on OSM streets; not an as-built feeder
SYN-0870,365786756,Novi Sad 5 - Detelinara,NS5,NS5,Novi Sad 5 - Detelinara,20.0,11942436296,2.4814314740807637,0.08764076439048124,capacity-balanced inferred shortest-path assignment on OSM streets; not an as-built feeder
SYN-0871,365786756,Novi Sad 5 - Detelinara,NS5,NS5,Novi Sad 5 - Detelinara,20.0,11942436304,2.481198474080764,0.08764076439048124,capacity-balanced inferred shortest-path assignment on OSM streets; not an as-built feeder
SYN-0872,365786756,Novi Sad 5 - Detelinara,NS5,NS5,Novi Sad 5 - Detelinara,20.0,11942436303,2.500267474080764,0.08764076439048124,capacity-balanced inferred shortest-path assignment on OSM streets; not an as-built feeder
SYN-0873,365786756,Novi Sad 5 - Detelinara,NS5,NS5,Novi Sad 5 - Detelinara,20.0,3862642628,2.217661474080763,0.08764076439048124,capacity-balanced inferred shortest-path assignment on OSM streets; not an as-built feeder
SYN-0874,365786756,Novi Sad 5 - Detelinara,NS5,NS5,Novi Sad 5 - Detelinara,20.0,11942436309,2.5105274740807637,0.08764076439048124,capacity-balanced inferred shortest-path assignment on OSM streets; not an as-built feeder
SYN-0875,365786756,Novi Sad 5 - Detelinara,NS5,NS5,Novi Sad 5 - Detelinara,20.0,2756582493,2.2340364740807637,0.07279495986730254,capacity-balanced inferred shortest-path assignment on OSM streets; not an as-built feeder
SYN-0876,365786756,Novi Sad 5 - Detelinara,NS5,NS5,Novi Sad 5 - Detelinara,20.0,2756582543,2.223217474080763,0.07279495986730254,capacity-balanced inferred shortest-path assignment on OSM streets; not an as-built feeder
SYN-0877,365786756,Novi Sad 5 - Detelinara,NS5,NS5,Novi Sad 5 - Detelinara,20.0,9808440023,2.473939474080763,0.08261776005837652,capacity-balanced inferred shortest-path assignment on OSM streets; not an as-built feeder
SYN-0878,365786756,Novi Sad 5 - Detelinara,NS5,NS5,Novi Sad 5 - Detelinara,20.0,9204791946,2.341208474080763,0.08261776005837652,capacity-balanced inferred shortest-path assignment on OSM streets; not an as-built feeder
SYN-0879,365786756,Novi Sad 5 - Detelinara,NS5,NS5,Novi Sad 5 - Detelinara,20.0,3862657160,2.245813474080763,0.08261776005837652,capacity-balanced inferred shortest-path assignment on OSM streets; not an as-built feeder
SYN-0880,365786756,Novi Sad 5 - Detelinara,NS5,NS5,Novi Sad 5 - Detelinara,20.0,7548492117,2.8050744740807643,0.08261776005837652,capacity-balanced inferred shortest-path assignment on OSM streets; not an as-built feeder
SYN-0881,365786756,Novi Sad 5 - Detelinara,NS5,NS5,Novi Sad 5 - Detelinara,20.0,9204791939,2.321320474080763,0.08261776005837652,capacity-balanced inferred shortest-path assignment on OSM streets; not an as-built feeder
SYN-0882,365786756,Novi Sad 5 - Detelinara,NS5,NS5,Novi Sad 5 - Detelinara,20.0,9204791937,2.4798774740807636,0.08261776005837652,capacity-balanced inferred shortest-path assignment on OSM streets; not an as-built feeder
SYN-0883,365786756,Novi Sad 5 - Detelinara,NS5,NS5,Novi Sad 5 - Detelinara,20.0,9808438811,2.635837474080763,0.08261776005837652,capacity-balanced inferred shortest-path assignment on OSM streets; not an as-built feeder
SYN-0885,365786756,Novi Sad 5 - Detelinara,NS5,NS5,Novi Sad 5 - Detelinara,20.0,1553000828,2.871371474080763,0.08778429651613788,capacity-balanced inferred shortest-path assignment on OSM streets; not an as-built feeder
SYN-0886,365786756,Novi Sad 5 - Detelinara,NS5,NS5,Novi Sad 5 - Detelinara,20.0,1553000914,2.9223434740807632,0.08778429651613788,capacity-balanced inferred shortest-path assignment on OSM streets; not an as-built feeder
SYN-0887,365786756,Novi Sad 5 - Detelinara,NS5,NS5,Novi Sad 5 - Detelinara,20.0,14040577446,3.0575544740807636,0.08778429651613788,capacity-balanced inferred shortest-path assignment on OSM streets; not an as-built feeder
SYN-0888,365786756,Novi Sad 5 - Detelinara,NS5,NS5,Novi Sad 5 - Detelinara,20.0,6438238109,2.763589474080764,0.08778429651613788,capacity-balanced inferred shortest-path assignment on OSM streets; not an as-built feeder
SYN-0889,365786756,Novi Sad 5 - Detelinara,NS5,NS5,Novi Sad 5 - Detelinara,20.0,1553000935,2.909088474080763,0.08778429651613788,capacity-balanced inferred shortest-path assignment on OSM streets; not an as-built feeder
SYN-0890,365786756,Novi Sad 5 - Detelinara,NS5,NS5,Novi Sad 5 - Detelinara,20.0,14027369434,2.805017474080764,0.08778429651613788,capacity-balanced inferred shortest-path assignment on OSM streets; not an as-built feeder
SYN-0891,365786756,Novi Sad 5 - Detelinara,NS5,NS5,Novi Sad 5 - Detelinara,20.0,2994195272,3.2794444740807633,0.09098461976315418,capacity-balanced inferred shortest-path assignment on OSM streets; not an as-built feeder
SYN-0893,365786756,Novi Sad 5 - Detelinara,NS5,NS5,Novi Sad 5 - Detelinara,20.0,2994195266,3.1345874740807633,0.09098461976315418,capacity-balanced inferred shortest-path assignment on OSM streets; not an as-built feeder
SYN-0894,365786756,Novi Sad 5 - Detelinara,NS5,NS5,Novi Sad 5 - Detelinara,20.0,14027369435,3.2148624740807636,0.09098461976315418,capacity-balanced inferred shortest-path assignment on OSM streets; not an as-built feeder
SYN-0895,365786756,Novi Sad 5 - Detelinara,NS5,NS5,Novi Sad 5 - Detelinara,20.0,14027369450,3.0576394740807635,0.09098461976315418,capacity-balanced inferred shortest-path assignment on OSM streets; not an as-built feeder
SYN-0896,365786756,Novi Sad 5 - Detelinara,NS5,NS5,Novi Sad 5 - Detelinara,20.0,14027369444,3.196773474080764,0.09098461976315418,capacity-balanced inferred shortest-path assignment on OSM streets; not an as-built feeder
SYN-0899,365786756,Novi Sad 5 - Detelinara,NS5,NS5,Novi Sad 5 - Detelinara,20.0,1574831226,3.6475064740807643,0.08442534426558557,capacity-balanced inferred shortest-path assignment on OSM streets; not an as-built feeder
SYN-0900,365786756,Novi Sad 5 - Detelinara,NS5,NS5,Novi Sad 5 - Detelinara,20.0,14027369470,3.4638334740807633,0.08442534426558557,capacity-balanced inferred shortest-path assignment on OSM streets; not an as-built feeder
SYN-0901,365786756,Novi Sad 5 - Detelinara,NS5,NS5,Novi Sad 5 - Detelinara,20.0,1574831741,3.6740304740807637,0.08442534426558557,capacity-balanced inferred shortest-path assignment on OSM streets; not an as-built feeder
SYN-0902,365786756,Novi Sad 5 - Detelinara,NS5,NS5,Novi Sad 5 - Detelinara,20.0,14027369472,3.2431964740807633,0.08442534426558557,capacity-balanced inferred shortest-path assignment on OSM streets; not an as-built feeder
SYN-0903,365786756,Novi Sad 5 - Detelinara,NS5,NS5,Novi Sad 5 - Detelinara,20.0,1574831717,3.624133474080763,0.08442534426558557,capacity-balanced inferred shortest-path assignment on OSM streets; not an as-built feeder
SYN-0904,365786756,Novi Sad 5 - Detelinara,NS5,NS5,Novi Sad 5 - Detelinara,20.0,1574831717,3.624133474080763,0.08442534426558557,capacity-balanced inferred shortest-path assignment on OSM streets; not an as-built feeder
SYN-0905,365786756,Novi Sad 5 - Detelinara,NS5,NS5,Novi Sad 5 - Detelinara,20.0,3862681573,3.2410454740807637,0.08442534426558557,capacity-balanced inferred shortest-path assignment on OSM streets; not an as-built feeder
SYN-0906,365786756,Novi Sad 5 - Detelinara,NS5,NS5,Novi Sad 5 - Detelinara,20.0,1574831226,3.6475064740807643,0.08442534426558557,capacity-balanced inferred shortest-path assignment on OSM streets; not an as-built feeder
SYN-0907,365786756,Novi Sad 5 - Detelinara,NS5,NS5,Novi Sad 5 - Detelinara,20.0,1574831231,3.553639474080764,0.08442534426558557,capacity-balanced inferred shortest-path assignment on OSM streets; not an as-built feeder
SYN-0908,365786756,Novi Sad 5 - Detelinara,NS5,NS5,Novi Sad 5 - Detelinara,20.0,1574831231,3.553639474080764,0.08442534426558557,capacity-balanced inferred shortest-path assignment on OSM streets; not an as-built feeder
SYN-0909,365786756,Novi Sad 5 - Detelinara,NS5,NS5,Novi Sad 5 - Detelinara,20.0,14027369472,3.2431964740807633,0.08442534426558557,capacity-balanced inferred shortest-path assignment on OSM streets; not an as-built feeder
SYN-0910,365786756,Novi Sad 5 - Detelinara,NS5,NS5,Novi Sad 5 - Detelinara,20.0,14027369473,3.4208704740807634,0.08442534426558557,capacity-balanced inferred shortest-path assignment on OSM streets; not an as-built feeder
SYN-0917,365786756,Novi Sad 5 - Detelinara,NS5,NS5,Novi Sad 5 - Detelinara,20.0,11931661072,3.7761404740807634,0.084558305750245,capacity-balanced inferred shortest-path assignment on OSM streets; not an as-built feeder
SYN-0918,365786756,Novi Sad 5 - Detelinara,NS5,NS5,Novi Sad 5 - Detelinara,20.0,11931661077,3.6822784740807637,0.084558305750245,capacity-balanced inferred shortest-path assignment on OSM streets; not an as-built feeder
SYN-0919,365786756,Novi Sad 5 - Detelinara,NS5,NS5,Novi Sad 5 - Detelinara,20.0,14027369480,3.622986474080764,0.084558305750245,capacity-balanced inferred shortest-path assignment on OSM streets; not an as-built feeder
SYN-0920,365786756,Novi Sad 5 - Detelinara,NS5,NS5,Novi Sad 5 - Detelinara,20.0,14027369488,3.717012474080764,0.084558305750245,capacity-balanced inferred shortest-path assignment on OSM streets; not an as-built feeder
SYN-0921,365786756,Novi Sad 5 - Detelinara,NS5,NS5,Novi Sad 5 - Detelinara,20.0,14027369524,3.7120664740807636,0.084558305750245,capacity-balanced inferred shortest-path assignment on OSM streets; not an as-built feeder
SYN-0923,365786756,Novi Sad 5 - Detelinara,NS5,NS5,Novi Sad 5 - Detelinara,20.0,14027369482,3.7266324740807635,0.084558305750245,capacity-balanced inferred shortest-path assignment on OSM streets; not an as-built feeder
SYN-0924,365786756,Novi Sad 5 - Detelinara,NS5,NS5,Novi Sad 5 - Detelinara,20.0,1574831756,3.869905474080764,0.084558305750245,capacity-balanced inferred shortest-path assignment on OSM streets; not an as-built feeder
SYN-0926,365786756,Novi Sad 5 - Detelinara,NS5,NS5,Novi Sad 5 - Detelinara,20.0,1574831930,4.065621474080764,0.08501018699651383,capacity-balanced inferred shortest-path assignment on OSM streets; not an as-built feeder
SYN-0927,365786756,Novi Sad 5 - Detelinara,NS5,NS5,Novi Sad 5 - Detelinara,20.0,1574831904,3.9807394740807647,0.08501018699651383,capacity-balanced inferred shortest-path assignment on OSM streets; not an as-built feeder
SYN-0928,365786756,Novi Sad 5 - Detelinara,NS5,NS5,Novi Sad 5 - Detelinara,20.0,1574831911,3.9859744740807646,0.08501018699651383,capacity-balanced inferred shortest-path assignment on OSM streets; not an as-built feeder
SYN-0930,365786756,Novi Sad 5 - Detelinara,NS5,NS5,Novi Sad 5 - Detelinara,20.0,1574831911,3.9859744740807646,0.08501018699651383,capacity-balanced inferred shortest-path assignment on OSM streets; not an as-built feeder
SYN-0932,365786756,Novi Sad 5 - Detelinara,NS5,NS5,Novi Sad 5 - Detelinara,20.0,3768673026,4.0803474740807655,0.08501018699651383,capacity-balanced inferred shortest-path assignment on OSM streets; not an as-built feeder
SYN-0933,365786756,Novi Sad 5 - Detelinara,NS5,NS5,Novi Sad 5 - Detelinara,20.0,3768673018,4.119887474080763,0.08501018699651383,capacity-balanced inferred shortest-path assignment on OSM streets; not an as-built feeder
SYN-0934,365786756,Novi Sad 5 - Detelinara,NS5,NS5,Novi Sad 5 - Detelinara,20.0,14026481365,3.2806924740807646,0.09664860024593916,capacity-balanced inferred shortest-path assignment on OSM streets; not an as-built feeder
SYN-0936,365786756,Novi Sad 5 - Detelinara,NS5,NS5,Novi Sad 5 - Detelinara,20.0,1574826347,4.242035474080764,0.08371634229410581,capacity-balanced inferred shortest-path assignment on OSM streets; not an as-built feeder
SYN-0937,365786756,Novi Sad 5 - Detelinara,NS5,NS5,Novi Sad 5 - Detelinara,20.0,1574826338,3.8144614740807645,0.08371634229410581,capacity-balanced inferred shortest-path assignment on OSM streets; not an as-built feeder
SYN-0939,365786756,Novi Sad 5 - Detelinara,NS5,NS5,Novi Sad 5 - Detelinara,20.0,1574826477,4.0542694740807645,0.08371634229410581,capacity-balanced inferred shortest-path assignment on OSM streets; not an as-built feeder
SYN-0940,365786756,Novi Sad 5 - Detelinara,NS5,NS5,Novi Sad 5 - Detelinara,20.0,1574826460,4.152355474080764,0.08371634229410581,capacity-balanced inferred shortest-path assignment on OSM streets; not an as-built feeder
SYN-0942,365786756,Novi Sad 5 - Detelinara,NS5,NS5,Novi Sad 5 - Detelinara,20.0,1574826371,4.2233034740807645,0.08371634229410581,capacity-balanced inferred shortest-path assignment on OSM streets; not an as-built feeder
SYN-0944,365786756,Novi Sad 5 - Detelinara,NS5,NS5,Novi Sad 5 - Detelinara,20.0,1574826378,4.101090474080765,0.08371634229410581,capacity-balanced inferred shortest-path assignment on OSM streets; not an as-built feeder
SYN-0945,365786756,Novi Sad 5 - Detelinara,NS5,NS5,Novi Sad 5 - Detelinara,20.0,1574826468,4.144847474080764,0.08371634229410581,capacity-balanced inferred shortest-path assignment on OSM streets; not an as-built feeder
SYN-0947,365786756,Novi Sad 5 - Detelinara,NS5,NS5,Novi Sad 5 - Detelinara,20.0,14026481363,3.3371594740807646,0.10979100541744942,capacity-balanced inferred shortest-path assignment on OSM streets; not an as-built feeder
SYN-0948,365786756,Novi Sad 5 - Detelinara,NS5,NS5,Novi Sad 5 - Detelinara,20.0,11931716706,4.297851474080764,0.08327617222077015,capacity-balanced inferred shortest-path assignment on OSM streets; not an as-built feeder
SYN-0949,365786756,Novi Sad 5 - Detelinara,NS5,NS5,Novi Sad 5 - Detelinara,20.0,1574826592,4.205296474080765,0.08327617222077015,capacity-balanced inferred shortest-path assignment on OSM streets; not an as-built feeder
SYN-0951,365786756,Novi Sad 5 - Detelinara,NS5,NS5,Novi Sad 5 - Detelinara,20.0,11931716701,4.045803474080765,0.08327617222077015,capacity-balanced inferred shortest-path assignment on OSM streets; not an as-built feeder
SYN-0953,365786756,Novi Sad 5 - Detelinara,NS5,NS5,Novi Sad 5 - Detelinara,20.0,1574826582,4.167241474080764,0.08327617222077015,capacity-balanced inferred shortest-path assignment on OSM streets; not an as-built feeder
SYN-0954,365786756,Novi Sad 5 - Detelinara,NS5,NS5,Novi Sad 5 - Detelinara,20.0,14026481320,3.9017504740807643,0.08327617222077015,capacity-balanced inferred shortest-path assignment on OSM streets; not an as-built feeder
SYN-0956,365786756,Novi Sad 5 - Detelinara,NS5,NS5,Novi Sad 5 - Detelinara,20.0,2404598378,4.059031474080764,0.08327617222077015,capacity-balanced inferred shortest-path assignment on OSM streets; not an as-built feeder
SYN-0957,365786756,Novi Sad 5 - Detelinara,NS5,NS5,Novi Sad 5 - Detelinara,20.0,14026481335,4.237714474080765,0.08327617222077015,capacity-balanced inferred shortest-path assignment on OSM streets; not an as-built feeder
SYN-0959,365786756,Novi Sad 5 - Detelinara,NS5,NS5,Novi Sad 5 - Detelinara,20.0,3869516386,4.000289474080764,0.08327617222077015,capacity-balanced inferred shortest-path assignment on OSM streets; not an as-built feeder
SYN-0962,365786756,Novi Sad 5 - Detelinara,NS5,NS5,Novi Sad 5 - Detelinara,20.0,12201255460,3.466745474080764,0.10156705698141293,capacity-balanced inferred shortest-path assignment on OSM streets; not an as-built feeder
SYN-0971,365786756,Novi Sad 5 - Detelinara,NS5,NS5,Novi Sad 5 - Detelinara,20.0,14026481397,4.110878474080764,0.08446176109665789,capacity-balanced inferred shortest-path assignment on OSM streets; not an as-built feeder
SYN-0973,365786756,Novi Sad 5 - Detelinara,NS5,NS5,Novi Sad 5 - Detelinara,20.0,14026481393,4.362418474080763,0.08446176109665789,capacity-balanced inferred shortest-path assignment on OSM streets; not an as-built feeder
SYN-0975,365786756,Novi Sad 5 - Detelinara,NS5,NS5,Novi Sad 5 - Detelinara,20.0,3768673023,4.055588474080765,0.08446176109665789,capacity-balanced inferred shortest-path assignment on OSM streets; not an as-built feeder
SYN-0979,365786756,Novi Sad 5 - Detelinara,NS5,NS5,Novi Sad 5 - Detelinara,20.0,11931789136,4.0711194740807635,0.08671067615566586,capacity-balanced inferred shortest-path assignment on OSM streets; not an as-built feeder
SYN-0986,365786756,Novi Sad 5 - Detelinara,NS5,NS5,Novi Sad 5 - Detelinara,20.0,14026896158,4.003844474080763,0.09097452145896895,capacity-balanced inferred shortest-path assignment on OSM streets; not an as-built feeder
SYN-0998,365786756,Novi Sad 5 - Detelinara,NS5,NS5,Novi Sad 5 - Detelinara,20.0,9737749553,1.562929474080763,0.011340652789392832,capacity-balanced inferred shortest-path assignment on OSM streets; not an as-built feeder
SYN-0999,365786756,Novi Sad 5 - Detelinara,NS5,NS5,Novi Sad 5 - Detelinara,20.0,3925238934,1.7023584740807636,0.021200233196774734,capacity-balanced inferred shortest-path assignment on OSM streets; not an as-built feeder
SYN-1000,365786756,Novi Sad 5 - Detelinara,NS5,NS5,Novi Sad 5 - Detelinara,20.0,4729703169,2.498486474080764,0.09853472636248474,capacity-balanced inferred shortest-path assignment on OSM streets; not an as-built feeder
SYN-1002,365786756,Novi Sad 5 - Detelinara,NS5,NS5,Novi Sad 5 - Detelinara,20.0,3903311002,2.0672554740807634,0.10188693377714216,capacity-balanced inferred shortest-path assignment on OSM streets; not an as-built feeder
SYN-1004,365786756,Novi Sad 5 - Detelinara,NS5,NS5,Novi Sad 5 - Detelinara,20.0,12413763527,1.7224269647538126,0.0832157134766236,capacity-balanced inferred shortest-path assignment on OSM streets; not an as-built feeder
SYN-1094,365786756,Novi Sad 5 - Detelinara,NS5,NS5,Novi Sad 5 - Detelinara,20.0,6360046056,2.119948474080763,0.11314664046547679,capacity-balanced inferred shortest-path assignment on OSM streets; not an as-built feeder
SYN-1101,365786756,Novi Sad 5 - Detelinara,NS5,NS5,Novi Sad 5 - Detelinara,20.0,1585209319,2.1891804740807634,0.08593927035087974,capacity-balanced inferred shortest-path assignment on OSM streets; not an as-built feeder
SYN-1102,365786756,Novi Sad 5 - Detelinara,NS5,NS5,Novi Sad 5 - Detelinara,20.0,1585209153,2.080507474080763,0.08593927035087974,capacity-balanced inferred shortest-path assignment on OSM streets; not an as-built feeder
SYN-1105,365786756,Novi Sad 5 - Detelinara,NS5,NS5,Novi Sad 5 - Detelinara,20.0,366255570,1.4011984740807633,0.08572411945660337,capacity-balanced inferred shortest-path assignment on OSM streets; not an as-built feeder
SYN-1106,365786756,Novi Sad 5 - Detelinara,NS5,NS5,Novi Sad 5 - Detelinara,20.0,366255613,1.2504524740807628,0.08572411945660337,capacity-balanced inferred shortest-path assignment on OSM streets; not an as-built feeder
SYN-1107,365786756,Novi Sad 5 - Detelinara,NS5,NS5,Novi Sad 5 - Detelinara,20.0,366255613,1.2504524740807628,0.08572411945660337,capacity-balanced inferred shortest-path assignment on OSM streets; not an as-built feeder
SYN-1108,365786756,Novi Sad 5 - Detelinara,NS5,NS5,Novi Sad 5 - Detelinara,20.0,8852269104,1.5078124740807628,0.08572411945660337,capacity-balanced inferred shortest-path assignment on OSM streets; not an as-built feeder
SYN-1109,365786756,Novi Sad 5 - Detelinara,NS5,NS5,Novi Sad 5 - Detelinara,20.0,12047356225,1.5983294740807632,0.08572411945660337,capacity-balanced inferred shortest-path assignment on OSM streets; not an as-built feeder
SYN-1110,365786756,Novi Sad 5 - Detelinara,NS5,NS5,Novi Sad 5 - Detelinara,20.0,3910292810,1.391351474080763,0.08572411945660337,capacity-balanced inferred shortest-path assignment on OSM streets; not an as-built feeder
SYN-1111,365786756,Novi Sad 5 - Detelinara,NS5,NS5,Novi Sad 5 - Detelinara,20.0,3910292797,1.720559474080763,0.08572411945660337,capacity-balanced inferred shortest-path assignment on OSM streets; not an as-built feeder
SYN-1112,365786756,Novi Sad 5 - Detelinara,NS5,NS5,Novi Sad 5 - Detelinara,20.0,3910293991,1.253362474080763,0.08572411945660337,capacity-balanced inferred shortest-path assignment on OSM streets; not an as-built feeder
SYN-1113,365786756,Novi Sad 5 - Detelinara,NS5,NS5,Novi Sad 5 - Detelinara,20.0,366255613,1.2504524740807628,0.08572411945660337,capacity-balanced inferred shortest-path assignment on OSM streets; not an as-built feeder
SYN-1114,365786756,Novi Sad 5 - Detelinara,NS5,NS5,Novi Sad 5 - Detelinara,20.0,11346257121,1.3041654740807633,0.0807147206331648,capacity-balanced inferred shortest-path assignment on OSM streets; not an as-built feeder
SYN-1115,365786756,Novi Sad 5 - Detelinara,NS5,NS5,Novi Sad 5 - Detelinara,20.0,3926855120,1.201411474080763,0.0807147206331648,capacity-balanced inferred shortest-path assignment on OSM streets; not an as-built feeder
SYN-1116,365786756,Novi Sad 5 - Detelinara,NS5,NS5,Novi Sad 5 - Detelinara,20.0,3926855157,0.9175214740807628,0.0807147206331648,capacity-balanced inferred shortest-path assignment on OSM streets; not an as-built feeder
SYN-1117,365786756,Novi Sad 5 - Detelinara,NS5,NS5,Novi Sad 5 - Detelinara,20.0,3647246933,0.9607154740807633,0.0807147206331648,capacity-balanced inferred shortest-path assignment on OSM streets; not an as-built feeder
SYN-1118,365786756,Novi Sad 5 - Detelinara,NS5,NS5,Novi Sad 5 - Detelinara,20.0,11893389933,1.0314644740807635,0.0807147206331648,capacity-balanced inferred shortest-path assignment on OSM streets; not an as-built feeder
SYN-1119,365786756,Novi Sad 5 - Detelinara,NS5,NS5,Novi Sad 5 - Detelinara,20.0,11346257121,1.3041654740807633,0.0807147206331648,capacity-balanced inferred shortest-path assignment on OSM streets; not an as-built feeder
SYN-1120,365786756,Novi Sad 5 - Detelinara,NS5,NS5,Novi Sad 5 - Detelinara,20.0,3926854982,1.2633114740807632,0.0807147206331648,capacity-balanced inferred shortest-path assignment on OSM streets; not an as-built feeder
SYN-1121,365786756,Novi Sad 5 - Detelinara,NS5,NS5,Novi Sad 5 - Detelinara,20.0,3925323977,1.1102874740807633,0.0807147206331648,capacity-balanced inferred shortest-path assignment on OSM streets; not an as-built feeder
SYN-1122,365786756,Novi Sad 5 - Detelinara,NS5,NS5,Novi Sad 5 - Detelinara,20.0,3926855078,1.3034544740807639,0.0807147206331648,capacity-balanced inferred shortest-path assignment on OSM streets; not an as-built feeder
SYN-1123,365786756,Novi Sad 5 - Detelinara,NS5,NS5,Novi Sad 5 - Detelinara,20.0,11346257121,1.3041654740807633,0.0807147206331648,capacity-balanced inferred shortest-path assignment on OSM streets; not an as-built feeder
SYN-1124,365786756,Novi Sad 5 - Detelinara,NS5,NS5,Novi Sad 5 - Detelinara,20.0,3918097554,0.799807474080763,0.0807147206331648,capacity-balanced inferred shortest-path assignment on OSM streets; not an as-built feeder
SYN-1125,365786756,Novi Sad 5 - Detelinara,NS5,NS5,Novi Sad 5 - Detelinara,20.0,9511122060,1.1070384740807633,0.0807147206331648,capacity-balanced inferred shortest-path assignment on OSM streets; not an as-built feeder
SYN-1126,365786756,Novi Sad 5 - Detelinara,NS5,NS5,Novi Sad 5 - Detelinara,20.0,366255621,1.210891474080764,0.0807147206331648,capacity-balanced inferred shortest-path assignment on OSM streets; not an as-built feeder
SYN-1127,365786756,Novi Sad 5 - Detelinara,NS5,NS5,Novi Sad 5 - Detelinara,20.0,3926855167,0.9069154740807632,0.0807147206331648,capacity-balanced inferred shortest-path assignment on OSM streets; not an as-built feeder
SYN-1128,365786756,Novi Sad 5 - Detelinara,NS5,NS5,Novi Sad 5 - Detelinara,20.0,3926855167,0.9069154740807632,0.0807147206331648,capacity-balanced inferred shortest-path assignment on OSM streets; not an as-built feeder
SYN-1129,365786756,Novi Sad 5 - Detelinara,NS5,NS5,Novi Sad 5 - Detelinara,20.0,3925324016,1.1911524740807633,0.0807147206331648,capacity-balanced inferred shortest-path assignment on OSM streets; not an as-built feeder
SYN-1130,365786756,Novi Sad 5 - Detelinara,NS5,NS5,Novi Sad 5 - Detelinara,20.0,3926854990,1.0408314740807627,0.0807147206331648,capacity-balanced inferred shortest-path assignment on OSM streets; not an as-built feeder
SYN-1131,365786756,Novi Sad 5 - Detelinara,NS5,NS5,Novi Sad 5 - Detelinara,20.0,3926855189,1.0662234740807635,0.0807147206331648,capacity-balanced inferred shortest-path assignment on OSM streets; not an as-built feeder
SYN-1132,365786756,Novi Sad 5 - Detelinara,NS5,NS5,Novi Sad 5 - Detelinara,20.0,3926855032,1.5231744740807631,0.0807147206331648,capacity-balanced inferred shortest-path assignment on OSM streets; not an as-built feeder
SYN-1133,365786756,Novi Sad 5 - Detelinara,NS5,NS5,Novi Sad 5 - Detelinara,20.0,1227873688,1.6143964740807637,0.08568843100980822,capacity-balanced inferred shortest-path assignment on OSM streets; not an as-built feeder
SYN-1134,365786756,Novi Sad 5 - Detelinara,NS5,NS5,Novi Sad 5 - Detelinara,20.0,6801630383,1.416006474080763,0.08568843100980822,capacity-balanced inferred shortest-path assignment on OSM streets; not an as-built feeder
SYN-1135,365786756,Novi Sad 5 - Detelinara,NS5,NS5,Novi Sad 5 - Detelinara,20.0,1204284612,1.793023474080763,0.08568843100980822,capacity-balanced inferred shortest-path assignment on OSM streets; not an as-built feeder
SYN-1136,365786756,Novi Sad 5 - Detelinara,NS5,NS5,Novi Sad 5 - Detelinara,20.0,11957238073,1.5296044740807637,0.08568843100980822,capacity-balanced inferred shortest-path assignment on OSM streets; not an as-built feeder
SYN-1137,365786756,Novi Sad 5 - Detelinara,NS5,NS5,Novi Sad 5 - Detelinara,20.0,1227873742,1.4160474740807636,0.08568843100980822,capacity-balanced inferred shortest-path assignment on OSM streets; not an as-built feeder
SYN-1138,365786756,Novi Sad 5 - Detelinara,NS5,NS5,Novi Sad 5 - Detelinara,20.0,3925238908,1.6798774740807632,0.08568843100980822,capacity-balanced inferred shortest-path assignment on OSM streets; not an as-built feeder
SYN-1139,365786756,Novi Sad 5 - Detelinara,NS5,NS5,Novi Sad 5 - Detelinara,20.0,3925238926,1.8362694740807632,0.08568843100980822,capacity-balanced inferred shortest-path assignment on OSM streets; not an as-built feeder
SYN-1140,365786756,Novi Sad 5 - Detelinara,NS5,NS5,Novi Sad 5 - Detelinara,20.0,6801630381,1.4581784740807637,0.08568843100980822,capacity-balanced inferred shortest-path assignment on OSM streets; not an as-built feeder
SYN-1141,365786756,Novi Sad 5 - Detelinara,NS5,NS5,Novi Sad 5 - Detelinara,20.0,6538277149,1.6905034740807634,0.08568843100980822,capacity-balanced inferred shortest-path assignment on OSM streets; not an as-built feeder
SYN-1142,365786756,Novi Sad 5 - Detelinara,NS5,NS5,Novi Sad 5 - Detelinara,20.0,8012471432,1.7053484740807632,0.08568843100980822,capacity-balanced inferred shortest-path assignment on OSM streets; not an as-built feeder
SYN-1143,365786756,Novi Sad 5 - Detelinara,NS5,NS5,Novi Sad 5 - Detelinara,20.0,3925311204,1.1847834740807632,0.08568843100980822,capacity-balanced inferred shortest-path assignment on OSM streets; not an as-built feeder
SYN-1144,365786756,Novi Sad 5 - Detelinara,NS5,NS5,Novi Sad 5 - Detelinara,20.0,3908432245,1.0081374740807634,0.0817721612040847,capacity-balanced inferred shortest-path assignment on OSM streets; not an as-built feeder
SYN-1145,365786756,Novi Sad 5 - Detelinara,NS5,NS5,Novi Sad 5 - Detelinara,20.0,1227873781,1.075917964753813,0.0817721612040847,capacity-balanced inferred shortest-path assignment on OSM streets; not an as-built feeder
SYN-1146,365786756,Novi Sad 5 - Detelinara,NS5,NS5,Novi Sad 5 - Detelinara,20.0,1227873623,1.258880964753813,0.0817721612040847,capacity-balanced inferred shortest-path assignment on OSM streets; not an as-built feeder
SYN-1147,365786756,Novi Sad 5 - Detelinara,NS5,NS5,Novi Sad 5 - Detelinara,20.0,13092770706,1.047318964753813,0.0817721612040847,capacity-balanced inferred shortest-path assignment on OSM streets; not an as-built feeder
SYN-1148,365786756,Novi Sad 5 - Detelinara,NS5,NS5,Novi Sad 5 - Detelinara,20.0,1224518250,1.1944764740807634,0.0817721612040847,capacity-balanced inferred shortest-path assignment on OSM streets; not an as-built feeder
SYN-1149,365786756,Novi Sad 5 - Detelinara,NS5,NS5,Novi Sad 5 - Detelinara,20.0,10759360577,1.1283929647538131,0.0817721612040847,capacity-balanced inferred shortest-path assignment on OSM streets; not an as-built feeder
SYN-1150,365786756,Novi Sad 5 - Detelinara,NS5,NS5,Novi Sad 5 - Detelinara,20.0,7741895617,1.3973339647538128,0.0817721612040847,capacity-balanced inferred shortest-path assignment on OSM streets; not an as-built feeder
SYN-1151,365786756,Novi Sad 5 - Detelinara,NS5,NS5,Novi Sad 5 - Detelinara,20.0,1227873748,1.169455964753813,0.0817721612040847,capacity-balanced inferred shortest-path assignment on OSM streets; not an as-built feeder
SYN-1152,365786756,Novi Sad 5 - Detelinara,NS5,NS5,Novi Sad 5 - Detelinara,20.0,1227873693,1.0337484740807634,0.0817721612040847,capacity-balanced inferred shortest-path assignment on OSM streets; not an as-built feeder
SYN-1153,365786756,Novi Sad 5 - Detelinara,NS5,NS5,Novi Sad 5 - Detelinara,20.0,3909116309,1.4344454740807633,0.0817721612040847,capacity-balanced inferred shortest-path assignment on OSM streets; not an as-built feeder
SYN-1154,365786756,Novi Sad 5 - Detelinara,NS5,NS5,Novi Sad 5 - Detelinara,20.0,367929205,1.058119964753813,0.0817721612040847,capacity-balanced inferred shortest-path assignment on OSM streets; not an as-built feeder
SYN-1155,365786756,Novi Sad 5 - Detelinara,NS5,NS5,Novi Sad 5 - Detelinara,20.0,8612313672,1.114537964753813,0.0817721612040847,capacity-balanced inferred shortest-path assignment on OSM streets; not an as-built feeder
SYN-1156,365786756,Novi Sad 5 - Detelinara,NS5,NS5,Novi Sad 5 - Detelinara,20.0,10759360578,1.0933939647538131,0.0817721612040847,capacity-balanced inferred shortest-path assignment on OSM streets; not an as-built feeder
SYN-1157,365786756,Novi Sad 5 - Detelinara,NS5,NS5,Novi Sad 5 - Detelinara,20.0,1224518274,1.2422834740807636,0.0817721612040847,capacity-balanced inferred shortest-path assignment on OSM streets; not an as-built feeder
SYN-1158,365786756,Novi Sad 5 - Detelinara,NS5,NS5,Novi Sad 5 - Detelinara,20.0,13092770709,0.9488999647538131,0.0817721612040847,capacity-balanced inferred shortest-path assignment on OSM streets; not an as-built feeder
SYN-1159,365786756,Novi Sad 5 - Detelinara,NS5,NS5,Novi Sad 5 - Detelinara,20.0,3908331759,1.151642964753813,0.0817721612040847,capacity-balanced inferred shortest-path assignment on OSM streets; not an as-built feeder
SYN-1160,365786756,Novi Sad 5 - Detelinara,NS5,NS5,Novi Sad 5 - Detelinara,20.0,3651425575,0.8777094740807633,0.0817721612040847,capacity-balanced inferred shortest-path assignment on OSM streets; not an as-built feeder
SYN-1161,365786756,Novi Sad 5 - Detelinara,NS5,NS5,Novi Sad 5 - Detelinara,20.0,1673202838,1.2786579647538125,0.0817721612040847,capacity-balanced inferred shortest-path assignment on OSM streets; not an as-built feeder
SYN-1162,365786756,Novi Sad 5 - Detelinara,NS5,NS5,Novi Sad 5 - Detelinara,20.0,3909169237,1.1835564740807636,0.0817721612040847,capacity-balanced inferred shortest-path assignment on OSM streets; not an as-built feeder
SYN-1163,365786756,Novi Sad 5 - Detelinara,NS5,NS5,Novi Sad 5 - Detelinara,20.0,1227873783,0.9819384740807633,0.0817721612040847,capacity-balanced inferred shortest-path assignment on OSM streets; not an as-built feeder
SYN-1164,365786756,Novi Sad 5 - Detelinara,NS5,NS5,Novi Sad 5 - Detelinara,20.0,3908377540,1.116825964753813,0.0817721612040847,capacity-balanced inferred shortest-path assignment on OSM streets; not an as-built feeder
SYN-1165,365786756,Novi Sad 5 - Detelinara,NS5,NS5,Novi Sad 5 - Detelinara,20.0,8612313667,1.175207964753813,0.0817721612040847,capacity-balanced inferred shortest-path assignment on OSM streets; not an as-built feeder
SYN-1166,365786756,Novi Sad 5 - Detelinara,NS5,NS5,Novi Sad 5 - Detelinara,20.0,1739553286,1.3364779647538128,0.0817721612040847,capacity-balanced inferred shortest-path assignment on OSM streets; not an as-built feeder
SYN-1174,365786756,Novi Sad 5 - Detelinara,NS5,NS5,Novi Sad 5 - Detelinara,20.0,2024555715,1.4337504740807634,0.08055051890143806,capacity-balanced inferred shortest-path assignment on OSM streets; not an as-built feeder
SYN-1180,365786756,Novi Sad 5 - Detelinara,NS5,NS5,Novi Sad 5 - Detelinara,20.0,3906581194,1.5278764740807633,0.08055051890143806,capacity-balanced inferred shortest-path assignment on OSM streets; not an as-built feeder
SYN-1182,365786756,Novi Sad 5 - Detelinara,NS5,NS5,Novi Sad 5 - Detelinara,20.0,367929199,1.4158154740807634,0.08055051890143806,capacity-balanced inferred shortest-path assignment on OSM streets; not an as-built feeder
SYN-1184,365786756,Novi Sad 5 - Detelinara,NS5,NS5,Novi Sad 5 - Detelinara,20.0,2024543990,1.5868634740807634,0.08055051890143806,capacity-balanced inferred shortest-path assignment on OSM streets; not an as-built feeder
SYN-1278,365786756,Novi Sad 5 - Detelinara,NS5,NS5,Novi Sad 5 - Detelinara,20.0,13829878940,1.9901694740807638,0.08327225010919932,capacity-balanced inferred shortest-path assignment on OSM streets; not an as-built feeder
SYN-1282,365786756,Novi Sad 5 - Detelinara,NS5,NS5,Novi Sad 5 - Detelinara,20.0,60614301,1.7314944740807636,0.08327225010919932,capacity-balanced inferred shortest-path assignment on OSM streets; not an as-built feeder
SYN-1285,365786756,Novi Sad 5 - Detelinara,NS5,NS5,Novi Sad 5 - Detelinara,20.0,3925238934,1.7023584740807636,0.08327225010919932,capacity-balanced inferred shortest-path assignment on OSM streets; not an as-built feeder
SYN-1290,365786756,Novi Sad 5 - Detelinara,NS5,NS5,Novi Sad 5 - Detelinara,20.0,2965976843,1.888132474080764,0.08327225010919932,capacity-balanced inferred shortest-path assignment on OSM streets; not an as-built feeder
SYN-1299,365786756,Novi Sad 5 - Detelinara,NS5,NS5,Novi Sad 5 - Detelinara,20.0,3896618656,1.6344404740807628,0.07686990387753198,capacity-balanced inferred shortest-path assignment on OSM streets; not an as-built feeder
SYN-1300,365786756,Novi Sad 5 - Detelinara,NS5,NS5,Novi Sad 5 - Detelinara,20.0,4734172076,1.740831474080763,0.07686990387753198,capacity-balanced inferred shortest-path assignment on OSM streets; not an as-built feeder
SYN-1301,365786756,Novi Sad 5 - Detelinara,NS5,NS5,Novi Sad 5 - Detelinara,20.0,12883401131,1.8905904740807635,0.12988357260322664,capacity-balanced inferred shortest-path assignment on OSM streets; not an as-built feeder
SYN-1640,365786756,Novi Sad 5 - Detelinara,NS5,NS5,Novi Sad 5 - Detelinara,20.0,903506470,5.471244474080761,0.08116634730629697,capacity-balanced inferred shortest-path assignment on OSM streets; not an as-built feeder
SYN-1641,365786756,Novi Sad 5 - Detelinara,NS5,NS5,Novi Sad 5 - Detelinara,20.0,7287916291,4.60758147408076,0.08116634730629697,capacity-balanced inferred shortest-path assignment on OSM streets; not an as-built feeder
SYN-1643,365786756,Novi Sad 5 - Detelinara,NS5,NS5,Novi Sad 5 - Detelinara,20.0,3555055610,5.165989474080763,0.08116634730629697,capacity-balanced inferred shortest-path assignment on OSM streets; not an as-built feeder
SYN-1644,365786756,Novi Sad 5 - Detelinara,NS5,NS5,Novi Sad 5 - Detelinara,20.0,1570034603,5.479876474080765,0.08116634730629697,capacity-balanced inferred shortest-path assignment on OSM streets; not an as-built feeder
SYN-1645,365786756,Novi Sad 5 - Detelinara,NS5,NS5,Novi Sad 5 - Detelinara,20.0,1213404046,4.754584474080764,0.08116634730629697,capacity-balanced inferred shortest-path assignment on OSM streets; not an as-built feeder
SYN-1647,365786756,Novi Sad 5 - Detelinara,NS5,NS5,Novi Sad 5 - Detelinara,20.0,3633632482,4.918110474080761,0.08116634730629697,capacity-balanced inferred shortest-path assignment on OSM streets; not an as-built feeder
SYN-1649,365786756,Novi Sad 5 - Detelinara,NS5,NS5,Novi Sad 5 - Detelinara,20.0,3077496852,5.209009474080764,0.08116634730629697,capacity-balanced inferred shortest-path assignment on OSM streets; not an as-built feeder
SYN-1650,365786756,Novi Sad 5 - Detelinara,NS5,NS5,Novi Sad 5 - Detelinara,20.0,903506191,5.27528747408076,0.08116634730629697,capacity-balanced inferred shortest-path assignment on OSM streets; not an as-built feeder
SYN-1652,365786756,Novi Sad 5 - Detelinara,NS5,NS5,Novi Sad 5 - Detelinara,20.0,1570034644,5.612754474080764,0.08116634730629697,capacity-balanced inferred shortest-path assignment on OSM streets; not an as-built feeder
SYN-1653,365786756,Novi Sad 5 - Detelinara,NS5,NS5,Novi Sad 5 - Detelinara,20.0,3061990454,4.746189474080764,0.08116634730629697,capacity-balanced inferred shortest-path assignment on OSM streets; not an as-built feeder
SYN-1656,365786756,Novi Sad 5 - Detelinara,NS5,NS5,Novi Sad 5 - Detelinara,20.0,1570034612,5.234172474080764,0.08116634730629697,capacity-balanced inferred shortest-path assignment on OSM streets; not an as-built feeder
SYN-1657,365786756,Novi Sad 5 - Detelinara,NS5,NS5,Novi Sad 5 - Detelinara,20.0,9755780240,4.288309474080761,0.08116634730629697,capacity-balanced inferred shortest-path assignment on OSM streets; not an as-built feeder
SYN-1658,365786756,Novi Sad 5 - Detelinara,NS5,NS5,Novi Sad 5 - Detelinara,20.0,3589585387,5.3325134740807645,0.08116634730629697,capacity-balanced inferred shortest-path assignment on OSM streets; not an as-built feeder
SYN-1659,365786756,Novi Sad 5 - Detelinara,NS5,NS5,Novi Sad 5 - Detelinara,20.0,1829028316,5.367626474080761,0.08116634730629697,capacity-balanced inferred shortest-path assignment on OSM streets; not an as-built feeder
SYN-1662,365786756,Novi Sad 5 - Detelinara,NS5,NS5,Novi Sad 5 - Detelinara,20.0,14024414464,5.056263474080764,0.08116634730629697,capacity-balanced inferred shortest-path assignment on OSM streets; not an as-built feeder
SYN-1663,365786756,Novi Sad 5 - Detelinara,NS5,NS5,Novi Sad 5 - Detelinara,20.0,903506696,4.99638047408076,0.08116634730629697,capacity-balanced inferred shortest-path assignment on OSM streets; not an as-built feeder
SYN-1665,365786756,Novi Sad 5 - Detelinara,NS5,NS5,Novi Sad 5 - Detelinara,20.0,903506470,5.471244474080761,0.08116634730629697,capacity-balanced inferred shortest-path assignment on OSM streets; not an as-built feeder
SYN-1666,365786756,Novi Sad 5 - Detelinara,NS5,NS5,Novi Sad 5 - Detelinara,20.0,903506691,4.978294474080763,0.08116634730629697,capacity-balanced inferred shortest-path assignment on OSM streets; not an as-built feeder
SYN-1669,365786756,Novi Sad 5 - Detelinara,NS5,NS5,Novi Sad 5 - Detelinara,20.0,9755780245,4.329565474080764,0.08116634730629697,capacity-balanced inferred shortest-path assignment on OSM streets; not an as-built feeder
SYN-1671,365786756,Novi Sad 5 - Detelinara,NS5,NS5,Novi Sad 5 - Detelinara,20.0,1570047999,5.388561474080761,0.08116634730629697,capacity-balanced inferred shortest-path assignment on OSM streets; not an as-built feeder
SYN-1673,365786756,Novi Sad 5 - Detelinara,NS5,NS5,Novi Sad 5 - Detelinara,20.0,13858627177,5.729133474080762,0.08116634730629697,capacity-balanced inferred shortest-path assignment on OSM streets; not an as-built feeder
SYN-1674,365786756,Novi Sad 5 - Detelinara,NS5,NS5,Novi Sad 5 - Detelinara,20.0,3077901865,5.3412344740807605,0.08116634730629697,capacity-balanced inferred shortest-path assignment on OSM streets; not an as-built feeder
SYN-1676,365786756,Novi Sad 5 - Detelinara,NS5,NS5,Novi Sad 5 - Detelinara,20.0,3061990454,4.746189474080764,0.08116634730629697,capacity-balanced inferred shortest-path assignment on OSM streets; not an as-built feeder
SYN-1679,365786756,Novi Sad 5 - Detelinara,NS5,NS5,Novi Sad 5 - Detelinara,20.0,3589585387,5.3325134740807645,0.08116634730629697,capacity-balanced inferred shortest-path assignment on OSM streets; not an as-built feeder
SYN-1681,365786756,Novi Sad 5 - Detelinara,NS5,NS5,Novi Sad 5 - Detelinara,20.0,14024020268,5.327185474080764,0.08116634730629697,capacity-balanced inferred shortest-path assignment on OSM streets; not an as-built feeder
SYN-1683,365786756,Novi Sad 5 - Detelinara,NS5,NS5,Novi Sad 5 - Detelinara,20.0,1213404094,4.704882474080764,0.08116634730629697,capacity-balanced inferred shortest-path assignment on OSM streets; not an as-built feeder
SYN-1686,365786756,Novi Sad 5 - Detelinara,NS5,NS5,Novi Sad 5 - Detelinara,20.0,1570034612,5.234172474080764,0.08116634730629697,capacity-balanced inferred shortest-path assignment on OSM streets; not an as-built feeder
SYN-1688,365786756,Novi Sad 5 - Detelinara,NS5,NS5,Novi Sad 5 - Detelinara,20.0,13970884230,5.228170474080761,0.08116634730629697,capacity-balanced inferred shortest-path assignment on OSM streets; not an as-built feeder
SYN-1691,365786756,Novi Sad 5 - Detelinara,NS5,NS5,Novi Sad 5 - Detelinara,20.0,3061990454,4.746189474080764,0.08116634730629697,capacity-balanced inferred shortest-path assignment on OSM streets; not an as-built feeder
SYN-1693,365786756,Novi Sad 5 - Detelinara,NS5,NS5,Novi Sad 5 - Detelinara,20.0,3634586956,4.744153474080766,0.08116634730629697,capacity-balanced inferred shortest-path assignment on OSM streets; not an as-built feeder
SYN-1832,365786756,Novi Sad 5 - Detelinara,NS5,NS5,Novi Sad 5 - Detelinara,20.0,1573806756,5.155019474080761,0.08186254873121504,capacity-balanced inferred shortest-path assignment on OSM streets; not an as-built feeder
SYN-1833,365786756,Novi Sad 5 - Detelinara,NS5,NS5,Novi Sad 5 - Detelinara,20.0,1573806714,5.193445474080762,0.08186254873121504,capacity-balanced inferred shortest-path assignment on OSM streets; not an as-built feeder
SYN-1835,365786756,Novi Sad 5 - Detelinara,NS5,NS5,Novi Sad 5 - Detelinara,20.0,1573806746,5.207559474080761,0.08186254873121504,capacity-balanced inferred shortest-path assignment on OSM streets; not an as-built feeder
SYN-1837,365786756,Novi Sad 5 - Detelinara,NS5,NS5,Novi Sad 5 - Detelinara,20.0,1573806726,5.254951474080761,0.08186254873121504,capacity-balanced inferred shortest-path assignment on OSM streets; not an as-built feeder
SYN-1838,365786756,Novi Sad 5 - Detelinara,NS5,NS5,Novi Sad 5 - Detelinara,20.0,1573806714,5.193445474080762,0.08186254873121504,capacity-balanced inferred shortest-path assignment on OSM streets; not an as-built feeder
SYN-1840,365786756,Novi Sad 5 - Detelinara,NS5,NS5,Novi Sad 5 - Detelinara,20.0,1573806778,5.054187474080761,0.08186254873121504,capacity-balanced inferred shortest-path assignment on OSM streets; not an as-built feeder
SYN-1841,365786756,Novi Sad 5 - Detelinara,NS5,NS5,Novi Sad 5 - Detelinara,20.0,1573806758,5.03648547408076,0.08186254873121504,capacity-balanced inferred shortest-path assignment on OSM streets; not an as-built feeder
SYN-1843,365786756,Novi Sad 5 - Detelinara,NS5,NS5,Novi Sad 5 - Detelinara,20.0,3057570983,5.7145634740807605,0.08186254873121504,capacity-balanced inferred shortest-path assignment on OSM streets; not an as-built feeder
SYN-1845,365786756,Novi Sad 5 - Detelinara,NS5,NS5,Novi Sad 5 - Detelinara,20.0,1573806758,5.03648547408076,0.08186254873121504,capacity-balanced inferred shortest-path assignment on OSM streets; not an as-built feeder
SYN-1846,365786756,Novi Sad 5 - Detelinara,NS5,NS5,Novi Sad 5 - Detelinara,20.0,1573789159,4.638118474080762,0.08186254873121504,capacity-balanced inferred shortest-path assignment on OSM streets; not an as-built feeder
SYN-1849,365786756,Novi Sad 5 - Detelinara,NS5,NS5,Novi Sad 5 - Detelinara,20.0,1570039883,4.208797474080761,0.10790906058306923,capacity-balanced inferred shortest-path assignment on OSM streets; not an as-built feeder
SYN-1853,365786756,Novi Sad 5 - Detelinara,NS5,NS5,Novi Sad 5 - Detelinara,20.0,14023890775,4.439834474080761,0.08575818589411639,capacity-balanced inferred shortest-path assignment on OSM streets; not an as-built feeder
SYN-1854,365786756,Novi Sad 5 - Detelinara,NS5,NS5,Novi Sad 5 - Detelinara,20.0,13155131658,4.599393474080761,0.08575818589411639,capacity-balanced inferred shortest-path assignment on OSM streets; not an as-built feeder
SYN-1855,365786756,Novi Sad 5 - Detelinara,NS5,NS5,Novi Sad 5 - Detelinara,20.0,13155131658,4.599393474080761,0.08575818589411639,capacity-balanced inferred shortest-path assignment on OSM streets; not an as-built feeder
SYN-1856,365786756,Novi Sad 5 - Detelinara,NS5,NS5,Novi Sad 5 - Detelinara,20.0,14023890793,4.495780474080761,0.0954466934233237,capacity-balanced inferred shortest-path assignment on OSM streets; not an as-built feeder
SYN-1857,365786756,Novi Sad 5 - Detelinara,NS5,NS5,Novi Sad 5 - Detelinara,20.0,14023890791,4.54843747408076,0.0954466934233237,capacity-balanced inferred shortest-path assignment on OSM streets; not an as-built feeder
SYN-1896,365786756,Novi Sad 5 - Detelinara,NS5,NS5,Novi Sad 5 - Detelinara,20.0,1574836492,3.5256994740807635,0.08202108293031513,capacity-balanced inferred shortest-path assignment on OSM streets; not an as-built feeder
SYN-1897,365786756,Novi Sad 5 - Detelinara,NS5,NS5,Novi Sad 5 - Detelinara,20.0,1574836492,3.5256994740807635,0.08202108293031513,capacity-balanced inferred shortest-path assignment on OSM streets; not an as-built feeder
SYN-1900,365786756,Novi Sad 5 - Detelinara,NS5,NS5,Novi Sad 5 - Detelinara,20.0,14026481342,3.810846474080764,0.09127340161321941,capacity-balanced inferred shortest-path assignment on OSM streets; not an as-built feeder
SYN-1901,365786756,Novi Sad 5 - Detelinara,NS5,NS5,Novi Sad 5 - Detelinara,20.0,14026481342,3.810846474080764,0.09127340161321941,capacity-balanced inferred shortest-path assignment on OSM streets; not an as-built feeder
SYN-2130,365786756,Novi Sad 5 - Detelinara,NS5,NS5,Novi Sad 5 - Detelinara,20.0,7548113354,1.7256334740807628,0.07673667629944989,capacity-balanced inferred shortest-path assignment on OSM streets; not an as-built feeder
SYN-2131,365786756,Novi Sad 5 - Detelinara,NS5,NS5,Novi Sad 5 - Detelinara,20.0,6249956417,1.8014814740807632,0.07673667629944989,capacity-balanced inferred shortest-path assignment on OSM streets; not an as-built feeder
SYN-2132,365786756,Novi Sad 5 - Detelinara,NS5,NS5,Novi Sad 5 - Detelinara,20.0,6249956406,1.731279474080763,0.07673667629944989,capacity-balanced inferred shortest-path assignment on OSM streets; not an as-built feeder
SYN-2133,365786756,Novi Sad 5 - Detelinara,NS5,NS5,Novi Sad 5 - Detelinara,20.0,13845342069,2.620714474080762,0.04724838696286625,capacity-balanced inferred shortest-path assignment on OSM streets; not an as-built feeder
SYN-2134,365786756,Novi Sad 5 - Detelinara,NS5,NS5,Novi Sad 5 - Detelinara,20.0,12847048467,2.082159474080763,0.0905020660613206,capacity-balanced inferred shortest-path assignment on OSM streets; not an as-built feeder
SYN-2135,365786756,Novi Sad 5 - Detelinara,NS5,NS5,Novi Sad 5 - Detelinara,20.0,12402072280,2.206699474080762,0.0905020660613206,capacity-balanced inferred shortest-path assignment on OSM streets; not an as-built feeder
SYN-2177,365786756,Novi Sad 5 - Detelinara,NS5,NS5,Novi Sad 5 - Detelinara,20.0,1362401870,4.184951474080762,0.10064879891323754,capacity-balanced inferred shortest-path assignment on OSM streets; not an as-built feeder
SYN-2178,365786756,Novi Sad 5 - Detelinara,NS5,NS5,Novi Sad 5 - Detelinara,20.0,2018989001,3.316606474080764,0.10064879891323754,capacity-balanced inferred shortest-path assignment on OSM streets; not an as-built feeder
SYN-2179,365786756,Novi Sad 5 - Detelinara,NS5,NS5,Novi Sad 5 - Detelinara,20.0,13889407493,1.860325474080763,0.13307216793971333,capacity-balanced inferred shortest-path assignment on OSM streets; not an as-built feeder
SYN-2184,365786756,Novi Sad 5 - Detelinara,NS5,NS5,Novi Sad 5 - Detelinara,20.0,9110333503,2.208280474080763,0.024964211881999324,capacity-balanced inferred shortest-path assignment on OSM streets; not an as-built feeder
SYN-2190,365786756,Novi Sad 5 - Detelinara,NS5,NS5,Novi Sad 5 - Detelinara,20.0,10695067711,1.8349984740807626,0.01685659439553236,capacity-balanced inferred shortest-path assignment on OSM streets; not an as-built feeder
SYN-2193,365786756,Novi Sad 5 - Detelinara,NS5,NS5,Novi Sad 5 - Detelinara,20.0,12660964933,4.9264194740807605,0.08900909918758587,capacity-balanced inferred shortest-path assignment on OSM streets; not an as-built feeder
SYN-2194,365786756,Novi Sad 5 - Detelinara,NS5,NS5,Novi Sad 5 - Detelinara,20.0,13155131653,4.851503474080761,0.08900909918758587,capacity-balanced inferred shortest-path assignment on OSM streets; not an as-built feeder
SYN-2195,365786756,Novi Sad 5 - Detelinara,NS5,NS5,Novi Sad 5 - Detelinara,20.0,13155131647,4.538581474080762,0.08900909918758587,capacity-balanced inferred shortest-path assignment on OSM streets; not an as-built feeder
SYN-2196,365786756,Novi Sad 5 - Detelinara,NS5,NS5,Novi Sad 5 - Detelinara,20.0,5974425053,0.39551947408076327,0.13855635670690467,capacity-balanced inferred shortest-path assignment on OSM streets; not an as-built feeder
SYN-2298,365786756,Novi Sad 5 - Detelinara,NS5,NS5,Novi Sad 5 - Detelinara,20.0,3647223238,1.4389384740807634,0.0940595158791672,capacity-balanced inferred shortest-path assignment on OSM streets; not an as-built feeder
SYN-2299,365786756,Novi Sad 5 - Detelinara,NS5,NS5,Novi Sad 5 - Detelinara,20.0,3651425616,1.5004044740807632,0.0940595158791672,capacity-balanced inferred shortest-path assignment on OSM streets; not an as-built feeder
SYN-2309,365786756,Novi Sad 5 - Detelinara,NS5,NS5,Novi Sad 5 - Detelinara,20.0,13227754379,4.086614474080765,0.08504898608509662,capacity-balanced inferred shortest-path assignment on OSM streets; not an as-built feeder
SYN-2311,365786756,Novi Sad 5 - Detelinara,NS5,NS5,Novi Sad 5 - Detelinara,20.0,13888571493,2.9532984740807624,0.08206914106186373,capacity-balanced inferred shortest-path assignment on OSM streets; not an as-built feeder
SYN-2312,365786756,Novi Sad 5 - Detelinara,NS5,NS5,Novi Sad 5 - Detelinara,20.0,13888571487,2.938046474080763,0.08206914106186373,capacity-balanced inferred shortest-path assignment on OSM streets; not an as-built feeder
SYN-2313,365786756,Novi Sad 5 - Detelinara,NS5,NS5,Novi Sad 5 - Detelinara,20.0,13888571499,2.758736474080763,0.08206914106186373,capacity-balanced inferred shortest-path assignment on OSM streets; not an as-built feeder
SYN-2314,365786756,Novi Sad 5 - Detelinara,NS5,NS5,Novi Sad 5 - Detelinara,20.0,13888571505,2.775327474080763,0.08206914106186373,capacity-balanced inferred shortest-path assignment on OSM streets; not an as-built feeder
SYN-2377,365786756,Novi Sad 5 - Detelinara,NS5,NS5,Novi Sad 5 - Detelinara,20.0,1574826590,4.275917474080765,0.0987231604007108,capacity-balanced inferred shortest-path assignment on OSM streets; not an as-built feeder
SYN-2378,365786756,Novi Sad 5 - Detelinara,NS5,NS5,Novi Sad 5 - Detelinara,20.0,1574826595,4.457520474080765,0.0987231604007108,capacity-balanced inferred shortest-path assignment on OSM streets; not an as-built feeder
SYN-2401,365786756,Novi Sad 5 - Detelinara,NS5,NS5,Novi Sad 5 - Detelinara,20.0,3862561238,2.6668494740807622,0.08322368687178594,capacity-balanced inferred shortest-path assignment on OSM streets; not an as-built feeder
SYN-2402,365786756,Novi Sad 5 - Detelinara,NS5,NS5,Novi Sad 5 - Detelinara,20.0,1553013765,2.797091474080763,0.08322368687178594,capacity-balanced inferred shortest-path assignment on OSM streets; not an as-built feeder
SYN-2403,365786756,Novi Sad 5 - Detelinara,NS5,NS5,Novi Sad 5 - Detelinara,20.0,1574841760,2.790988474080764,0.08322368687178594,capacity-balanced inferred shortest-path assignment on OSM streets; not an as-built feeder
SYN-2405,365786756,Novi Sad 5 - Detelinara,NS5,NS5,Novi Sad 5 - Detelinara,20.0,1553013560,2.6954694740807636,0.08322368687178594,capacity-balanced inferred shortest-path assignment on OSM streets; not an as-built feeder
SYN-2406,365786756,Novi Sad 5 - Detelinara,NS5,NS5,Novi Sad 5 - Detelinara,20.0,14027369401,2.5792634740807636,0.08322368687178594,capacity-balanced inferred shortest-path assignment on OSM streets; not an as-built feeder
SYN-2407,365786756,Novi Sad 5 - Detelinara,NS5,NS5,Novi Sad 5 - Detelinara,20.0,1574841743,2.840535474080763,0.08322368687178594,capacity-balanced inferred shortest-path assignment on OSM streets; not an as-built feeder
SYN-2624,365786756,Novi Sad 5 - Detelinara,NS5,NS5,Novi Sad 5 - Detelinara,20.0,1213463704,3.818406474080763,0.08121892608068448,capacity-balanced inferred shortest-path assignment on OSM streets; not an as-built feeder
SYN-2626,365786756,Novi Sad 5 - Detelinara,NS5,NS5,Novi Sad 5 - Detelinara,20.0,11409525647,3.7656234740807633,0.08121892608068448,capacity-balanced inferred shortest-path assignment on OSM streets; not an as-built feeder
SYN-2646,365786756,Novi Sad 5 - Detelinara,NS5,NS5,Novi Sad 5 - Detelinara,20.0,3181939439,3.425186474080764,0.08121892608068448,capacity-balanced inferred shortest-path assignment on OSM streets; not an as-built feeder
SYN-0013,1431014564,Novi Sad 6 - Miseluk,NS6,NS6,Novi Sad 6 - Miseluk,20.0,12088120837,2.269514,0.007869628280903738,capacity-balanced inferred shortest-path assignment on OSM streets; not an as-built feeder
SYN-0156,1431014564,Novi Sad 6 - Miseluk,NS6,NS6,Novi Sad 6 - Miseluk,20.0,12307253255,1.519548,0.024882743324906965,capacity-balanced inferred shortest-path assignment on OSM streets; not an as-built feeder
SYN-0244,1431014564,Novi Sad 6 - Miseluk,NS6,NS6,Novi Sad 6 - Miseluk,20.0,3175714135,3.6271388514365785,0.07956963735604525,capacity-balanced inferred shortest-path assignment on OSM streets; not an as-built feeder
SYN-0245,1431014564,Novi Sad 6 - Miseluk,NS6,NS6,Novi Sad 6 - Miseluk,20.0,3175714135,3.6271388514365785,0.07956963735604525,capacity-balanced inferred shortest-path assignment on OSM streets; not an as-built feeder
SYN-0246,1431014564,Novi Sad 6 - Miseluk,NS6,NS6,Novi Sad 6 - Miseluk,20.0,3175714135,3.6271388514365785,0.07956963735604525,capacity-balanced inferred shortest-path assignment on OSM streets; not an as-built feeder
SYN-0247,1431014564,Novi Sad 6 - Miseluk,NS6,NS6,Novi Sad 6 - Miseluk,20.0,3175714135,3.6271388514365785,0.07956963735604525,capacity-balanced inferred shortest-path assignment on OSM streets; not an as-built feeder
SYN-0248,1431014564,Novi Sad 6 - Miseluk,NS6,NS6,Novi Sad 6 - Miseluk,20.0,1578002560,3.2899538514365783,0.08910097715333921,capacity-balanced inferred shortest-path assignment on OSM streets; not an as-built feeder
SYN-0249,1431014564,Novi Sad 6 - Miseluk,NS6,NS6,Novi Sad 6 - Miseluk,20.0,1578002560,3.2899538514365783,0.08910097715333921,capacity-balanced inferred shortest-path assignment on OSM streets; not an as-built feeder
SYN-0250,1431014564,Novi Sad 6 - Miseluk,NS6,NS6,Novi Sad 6 - Miseluk,20.0,1573819049,3.3860878514365784,0.08910097715333921,capacity-balanced inferred shortest-path assignment on OSM streets; not an as-built feeder
SYN-0251,1431014564,Novi Sad 6 - Miseluk,NS6,NS6,Novi Sad 6 - Miseluk,20.0,1573819032,3.3210008514365787,0.0748973735354794,capacity-balanced inferred shortest-path assignment on OSM streets; not an as-built feeder
SYN-0252,1431014564,Novi Sad 6 - Miseluk,NS6,NS6,Novi Sad 6 - Miseluk,20.0,11830432106,3.5958808514365788,0.0748973735354794,capacity-balanced inferred shortest-path assignment on OSM streets; not an as-built feeder
SYN-0253,1431014564,Novi Sad 6 - Miseluk,NS6,NS6,Novi Sad 6 - Miseluk,20.0,11931707942,4.267208851436579,0.08386703373228063,capacity-balanced inferred shortest-path assignment on OSM streets; not an as-built feeder
SYN-0254,1431014564,Novi Sad 6 - Miseluk,NS6,NS6,Novi Sad 6 - Miseluk,20.0,1573824996,4.317572851436578,0.08386703373228063,capacity-balanced inferred shortest-path assignment on OSM streets; not an as-built feeder
SYN-0255,1431014564,Novi Sad 6 - Miseluk,NS6,NS6,Novi Sad 6 - Miseluk,20.0,1573824990,4.329558851436579,0.08386703373228063,capacity-balanced inferred shortest-path assignment on OSM streets; not an as-built feeder
SYN-0260,1431014564,Novi Sad 6 - Miseluk,NS6,NS6,Novi Sad 6 - Miseluk,20.0,11943259758,3.1708258514365784,0.0880683881108606,capacity-balanced inferred shortest-path assignment on OSM streets; not an as-built feeder
SYN-0261,1431014564,Novi Sad 6 - Miseluk,NS6,NS6,Novi Sad 6 - Miseluk,20.0,1573819211,3.402167851436579,0.0880683881108606,capacity-balanced inferred shortest-path assignment on OSM streets; not an as-built feeder
SYN-0262,1431014564,Novi Sad 6 - Miseluk,NS6,NS6,Novi Sad 6 - Miseluk,20.0,1573819017,3.2785708514365783,0.0880683881108606,capacity-balanced inferred shortest-path assignment on OSM streets; not an as-built feeder
SYN-0263,1431014564,Novi Sad 6 - Miseluk,NS6,NS6,Novi Sad 6 - Miseluk,20.0,1230711399,3.3305538514365787,0.0880683881108606,capacity-balanced inferred shortest-path assignment on OSM streets; not an as-built feeder
SYN-0264,1431014564,Novi Sad 6 - Miseluk,NS6,NS6,Novi Sad 6 - Miseluk,20.0,1573819241,3.430611851436579,0.0880683881108606,capacity-balanced inferred shortest-path assignment on OSM streets; not an as-built feeder
SYN-0265,1431014564,Novi Sad 6 - Miseluk,NS6,NS6,Novi Sad 6 - Miseluk,20.0,1573819177,3.390990851436579,0.0880683881108606,capacity-balanced inferred shortest-path assignment on OSM streets; not an as-built feeder
SYN-0267,1431014564,Novi Sad 6 - Miseluk,NS6,NS6,Novi Sad 6 - Miseluk,20.0,10718888916,3.4313588514365794,0.0880683881108606,capacity-balanced inferred shortest-path assignment on OSM streets; not an as-built feeder
SYN-0268,1431014564,Novi Sad 6 - Miseluk,NS6,NS6,Novi Sad 6 - Miseluk,20.0,1578002836,3.822454851436578,0.08876588049991732,capacity-balanced inferred shortest-path assignment on OSM streets; not an as-built feeder
SYN-0269,1431014564,Novi Sad 6 - Miseluk,NS6,NS6,Novi Sad 6 - Miseluk,20.0,1578002836,3.822454851436578,0.08876588049991732,capacity-balanced inferred shortest-path assignment on OSM streets; not an as-built feeder
SYN-0270,1431014564,Novi Sad 6 - Miseluk,NS6,NS6,Novi Sad 6 - Miseluk,20.0,1578002966,3.9400468514365783,0.08876588049991732,capacity-balanced inferred shortest-path assignment on OSM streets; not an as-built feeder
SYN-0271,1431014564,Novi Sad 6 - Miseluk,NS6,NS6,Novi Sad 6 - Miseluk,20.0,10979742430,3.8858478514365786,0.08876588049991732,capacity-balanced inferred shortest-path assignment on OSM streets; not an as-built feeder
SYN-0273,1431014564,Novi Sad 6 - Miseluk,NS6,NS6,Novi Sad 6 - Miseluk,20.0,1578003037,4.054642851436578,0.08876588049991732,capacity-balanced inferred shortest-path assignment on OSM streets; not an as-built feeder
SYN-0376,1431014564,Novi Sad 6 - Miseluk,NS6,NS6,Novi Sad 6 - Miseluk,20.0,380632349,3.393137999999998,0.08109958028753993,capacity-balanced inferred shortest-path assignment on OSM streets; not an as-built feeder
SYN-0378,1431014564,Novi Sad 6 - Miseluk,NS6,NS6,Novi Sad 6 - Miseluk,20.0,11348804801,3.4813350000000023,0.08109958028753993,capacity-balanced inferred shortest-path assignment on OSM streets; not an as-built feeder
SYN-0385,1431014564,Novi Sad 6 - Miseluk,NS6,NS6,Novi Sad 6 - Miseluk,20.0,6772562392,4.513957999999998,0.08109958028753993,capacity-balanced inferred shortest-path assignment on OSM streets; not an as-built feeder
SYN-0386,1431014564,Novi Sad 6 - Miseluk,NS6,NS6,Novi Sad 6 - Miseluk,20.0,3975545996,3.6120269999999985,0.08109958028753993,capacity-balanced inferred shortest-path assignment on OSM streets; not an as-built feeder
SYN-0387,1431014564,Novi Sad 6 - Miseluk,NS6,NS6,Novi Sad 6 - Miseluk,20.0,553495024,3.2796189999999985,0.08109958028753993,capacity-balanced inferred shortest-path assignment on OSM streets; not an as-built feeder
SYN-0389,1431014564,Novi Sad 6 - Miseluk,NS6,NS6,Novi Sad 6 - Miseluk,20.0,3972275927,3.4861649999999975,0.08109958028753993,capacity-balanced inferred shortest-path assignment on OSM streets; not an as-built feeder
SYN-0400,1431014564,Novi Sad 6 - Miseluk,NS6,NS6,Novi Sad 6 - Miseluk,20.0,1230711427,3.8247889999999973,0.08109958028753993,capacity-balanced inferred shortest-path assignment on OSM streets; not an as-built feeder
SYN-0405,1431014564,Novi Sad 6 - Miseluk,NS6,NS6,Novi Sad 6 - Miseluk,20.0,6801756035,3.901276999999998,0.08109958028753993,capacity-balanced inferred shortest-path assignment on OSM streets; not an as-built feeder
SYN-0409,1431014564,Novi Sad 6 - Miseluk,NS6,NS6,Novi Sad 6 - Miseluk,20.0,3026990106,3.9111419999999986,0.08109958028753993,capacity-balanced inferred shortest-path assignment on OSM streets; not an as-built feeder
SYN-0414,1431014564,Novi Sad 6 - Miseluk,NS6,NS6,Novi Sad 6 - Miseluk,20.0,11346037267,3.5944510000000025,0.08109958028753993,capacity-balanced inferred shortest-path assignment on OSM streets; not an as-built feeder
SYN-0420,1431014564,Novi Sad 6 - Miseluk,NS6,NS6,Novi Sad 6 - Miseluk,20.0,4073078978,3.4931279999999982,0.08109958028753993,capacity-balanced inferred shortest-path assignment on OSM streets; not an as-built feeder
SYN-0427,1431014564,Novi Sad 6 - Miseluk,NS6,NS6,Novi Sad 6 - Miseluk,20.0,11940499915,4.528396999999998,0.08109958028753993,capacity-balanced inferred shortest-path assignment on OSM streets; not an as-built feeder
SYN-0433,1431014564,Novi Sad 6 - Miseluk,NS6,NS6,Novi Sad 6 - Miseluk,20.0,10915842957,3.3099399999999983,0.08109958028753993,capacity-balanced inferred shortest-path assignment on OSM streets; not an as-built feeder
SYN-0440,1431014564,Novi Sad 6 - Miseluk,NS6,NS6,Novi Sad 6 - Miseluk,20.0,1083543595,3.9390569999999983,0.08109958028753993,capacity-balanced inferred shortest-path assignment on OSM streets; not an as-built feeder
SYN-0443,1431014564,Novi Sad 6 - Miseluk,NS6,NS6,Novi Sad 6 - Miseluk,20.0,3027682817,4.1556669999999984,0.08109958028753993,capacity-balanced inferred shortest-path assignment on OSM streets; not an as-built feeder
SYN-0449,1431014564,Novi Sad 6 - Miseluk,NS6,NS6,Novi Sad 6 - Miseluk,20.0,60885024,4.279762999999998,0.08109958028753993,capacity-balanced inferred shortest-path assignment on OSM streets; not an as-built feeder
SYN-0451,1431014564,Novi Sad 6 - Miseluk,NS6,NS6,Novi Sad 6 - Miseluk,20.0,3792366291,3.604754999999998,0.08109958028753993,capacity-balanced inferred shortest-path assignment on OSM streets; not an as-built feeder
SYN-0459,1431014564,Novi Sad 6 - Miseluk,NS6,NS6,Novi Sad 6 - Miseluk,20.0,11346037267,3.5944510000000025,0.08109958028753993,capacity-balanced inferred shortest-path assignment on OSM streets; not an as-built feeder
SYN-0462,1431014564,Novi Sad 6 - Miseluk,NS6,NS6,Novi Sad 6 - Miseluk,20.0,11888442647,4.138499999999999,0.08109958028753993,capacity-balanced inferred shortest-path assignment on OSM streets; not an as-built feeder
SYN-0467,1431014564,Novi Sad 6 - Miseluk,NS6,NS6,Novi Sad 6 - Miseluk,20.0,13971341264,3.4557569999999984,0.08109958028753993,capacity-balanced inferred shortest-path assignment on OSM streets; not an as-built feeder
SYN-0473,1431014564,Novi Sad 6 - Miseluk,NS6,NS6,Novi Sad 6 - Miseluk,20.0,61969053,4.361579999999998,0.08109958028753993,capacity-balanced inferred shortest-path assignment on OSM streets; not an as-built feeder
SYN-0477,1431014564,Novi Sad 6 - Miseluk,NS6,NS6,Novi Sad 6 - Miseluk,20.0,12585143121,3.1816789999999973,0.08109958028753993,capacity-balanced inferred shortest-path assignment on OSM streets; not an as-built feeder
SYN-0483,1431014564,Novi Sad 6 - Miseluk,NS6,NS6,Novi Sad 6 - Miseluk,20.0,3972275926,3.445113999999998,0.08109958028753993,capacity-balanced inferred shortest-path assignment on OSM streets; not an as-built feeder
SYN-0487,1431014564,Novi Sad 6 - Miseluk,NS6,NS6,Novi Sad 6 - Miseluk,20.0,3972275944,3.9614809999999983,0.08109958028753993,capacity-balanced inferred shortest-path assignment on OSM streets; not an as-built feeder
SYN-0494,1431014564,Novi Sad 6 - Miseluk,NS6,NS6,Novi Sad 6 - Miseluk,20.0,1083543228,4.034272999999998,0.08109958028753993,capacity-balanced inferred shortest-path assignment on OSM streets; not an as-built feeder
SYN-0498,1431014564,Novi Sad 6 - Miseluk,NS6,NS6,Novi Sad 6 - Miseluk,20.0,3026990106,3.9111419999999986,0.08109958028753993,capacity-balanced inferred shortest-path assignment on OSM streets; not an as-built feeder
SYN-0502,1431014564,Novi Sad 6 - Miseluk,NS6,NS6,Novi Sad 6 - Miseluk,20.0,2320638505,3.771502999999998,0.08109958028753993,capacity-balanced inferred shortest-path assignment on OSM streets; not an as-built feeder
SYN-0596,1431014564,Novi Sad 6 - Miseluk,NS6,NS6,Novi Sad 6 - Miseluk,20.0,6775300235,6.954729000000002,0.08145478329174943,capacity-balanced inferred shortest-path assignment on OSM streets; not an as-built feeder
SYN-0597,1431014564,Novi Sad 6 - Miseluk,NS6,NS6,Novi Sad 6 - Miseluk,20.0,3218160271,6.321302000000001,0.08145478329174943,capacity-balanced inferred shortest-path assignment on OSM streets; not an as-built feeder
SYN-0598,1431014564,Novi Sad 6 - Miseluk,NS6,NS6,Novi Sad 6 - Miseluk,20.0,2683255945,6.392094000000001,0.08145478329174943,capacity-balanced inferred shortest-path assignment on OSM streets; not an as-built feeder
SYN-0600,1431014564,Novi Sad 6 - Miseluk,NS6,NS6,Novi Sad 6 - Miseluk,20.0,1570059555,6.552130000000003,0.08145478329174943,capacity-balanced inferred shortest-path assignment on OSM streets; not an as-built feeder
SYN-0603,1431014564,Novi Sad 6 - Miseluk,NS6,NS6,Novi Sad 6 - Miseluk,20.0,12558809464,6.356605000000004,0.08145478329174943,capacity-balanced inferred shortest-path assignment on OSM streets; not an as-built feeder
SYN-0608,1431014564,Novi Sad 6 - Miseluk,NS6,NS6,Novi Sad 6 - Miseluk,20.0,4821423706,6.762693000000004,0.08145478329174943,capacity-balanced inferred shortest-path assignment on OSM streets; not an as-built feeder
SYN-0760,1431014564,Novi Sad 6 - Miseluk,NS6,NS6,Novi Sad 6 - Miseluk,20.0,4053023186,4.901245,0.08113866795441325,capacity-balanced inferred shortest-path assignment on OSM streets; not an as-built feeder
SYN-0775,1431014564,Novi Sad 6 - Miseluk,NS6,NS6,Novi Sad 6 - Miseluk,20.0,6557557313,4.788809000000001,0.08113866795441325,capacity-balanced inferred shortest-path assignment on OSM streets; not an as-built feeder
SYN-0828,1431014564,Novi Sad 6 - Miseluk,NS6,NS6,Novi Sad 6 - Miseluk,20.0,5863252151,3.2494368514365775,0.0836975701487259,capacity-balanced inferred shortest-path assignment on OSM streets; not an as-built feeder
SYN-1305,1431014564,Novi Sad 6 - Miseluk,NS6,NS6,Novi Sad 6 - Miseluk,20.0,12846998713,3.5961179999999984,0.08289884156787268,capacity-balanced inferred shortest-path assignment on OSM streets; not an as-built feeder
SYN-1309,1431014564,Novi Sad 6 - Miseluk,NS6,NS6,Novi Sad 6 - Miseluk,20.0,3093974820,3.3663109999999987,0.08289884156787268,capacity-balanced inferred shortest-path assignment on OSM streets; not an as-built feeder
SYN-1311,1431014564,Novi Sad 6 - Miseluk,NS6,NS6,Novi Sad 6 - Miseluk,20.0,12846998713,3.5961179999999984,0.08289884156787268,capacity-balanced inferred shortest-path assignment on OSM streets; not an as-built feeder
SYN-1313,1431014564,Novi Sad 6 - Miseluk,NS6,NS6,Novi Sad 6 - Miseluk,20.0,1585163342,3.2430249999999994,0.08289884156787268,capacity-balanced inferred shortest-path assignment on OSM streets; not an as-built feeder
SYN-1320,1431014564,Novi Sad 6 - Miseluk,NS6,NS6,Novi Sad 6 - Miseluk,20.0,3856092278,2.7834760000000003,0.08254392043616059,capacity-balanced inferred shortest-path assignment on OSM streets; not an as-built feeder
SYN-1324,1431014564,Novi Sad 6 - Miseluk,NS6,NS6,Novi Sad 6 - Miseluk,20.0,13025690822,2.9324380000000003,0.08254392043616059,capacity-balanced inferred shortest-path assignment on OSM streets; not an as-built feeder
SYN-1326,1431014564,Novi Sad 6 - Miseluk,NS6,NS6,Novi Sad 6 - Miseluk,20.0,13850704344,3.1736750000000002,0.08254392043616059,capacity-balanced inferred shortest-path assignment on OSM streets; not an as-built feeder
SYN-1329,1431014564,Novi Sad 6 - Miseluk,NS6,NS6,Novi Sad 6 - Miseluk,20.0,3856092278,2.7834760000000003,0.08254392043616059,capacity-balanced inferred shortest-path assignment on OSM streets; not an as-built feeder
SYN-1335,1431014564,Novi Sad 6 - Miseluk,NS6,NS6,Novi Sad 6 - Miseluk,20.0,11391437066,3.3540520000000007,0.08254392043616059,capacity-balanced inferred shortest-path assignment on OSM streets; not an as-built feeder
SYN-1351,1431014564,Novi Sad 6 - Miseluk,NS6,NS6,Novi Sad 6 - Miseluk,20.0,12395763065,3.0994159999999997,0.08263500812547525,capacity-balanced inferred shortest-path assignment on OSM streets; not an as-built feeder
SYN-1353,1431014564,Novi Sad 6 - Miseluk,NS6,NS6,Novi Sad 6 - Miseluk,20.0,1140885214,3.0473939999999984,0.08263500812547525,capacity-balanced inferred shortest-path assignment on OSM streets; not an as-built feeder
SYN-1355,1431014564,Novi Sad 6 - Miseluk,NS6,NS6,Novi Sad 6 - Miseluk,20.0,3832438689,3.424474,0.08263500812547525,capacity-balanced inferred shortest-path assignment on OSM streets; not an as-built feeder
SYN-1357,1431014564,Novi Sad 6 - Miseluk,NS6,NS6,Novi Sad 6 - Miseluk,20.0,566481632,2.795289999999999,0.08263500812547525,capacity-balanced inferred shortest-path assignment on OSM streets; not an as-built feeder
SYN-1358,1431014564,Novi Sad 6 - Miseluk,NS6,NS6,Novi Sad 6 - Miseluk,20.0,2031431037,2.851636999999999,0.08263500812547525,capacity-balanced inferred shortest-path assignment on OSM streets; not an as-built feeder
SYN-1359,1431014564,Novi Sad 6 - Miseluk,NS6,NS6,Novi Sad 6 - Miseluk,20.0,13260388784,2.743165999999999,0.08263500812547525,capacity-balanced inferred shortest-path assignment on OSM streets; not an as-built feeder
SYN-1364,1431014564,Novi Sad 6 - Miseluk,NS6,NS6,Novi Sad 6 - Miseluk,20.0,1140885214,3.0473939999999984,0.08263500812547525,capacity-balanced inferred shortest-path assignment on OSM streets; not an as-built feeder
SYN-1365,1431014564,Novi Sad 6 - Miseluk,NS6,NS6,Novi Sad 6 - Miseluk,20.0,11322986916,3.079423,0.08263500812547525,capacity-balanced inferred shortest-path assignment on OSM streets; not an as-built feeder
SYN-1374,1431014564,Novi Sad 6 - Miseluk,NS6,NS6,Novi Sad 6 - Miseluk,20.0,1140885164,3.381364000000001,0.08263500812547525,capacity-balanced inferred shortest-path assignment on OSM streets; not an as-built feeder
SYN-1376,1431014564,Novi Sad 6 - Miseluk,NS6,NS6,Novi Sad 6 - Miseluk,20.0,13265062850,3.5557930000000004,0.08263500812547525,capacity-balanced inferred shortest-path assignment on OSM streets; not an as-built feeder
SYN-1378,1431014564,Novi Sad 6 - Miseluk,NS6,NS6,Novi Sad 6 - Miseluk,20.0,13885838179,2.8069259999999994,0.08263500812547525,capacity-balanced inferred shortest-path assignment on OSM streets; not an as-built feeder
SYN-1382,1431014564,Novi Sad 6 - Miseluk,NS6,NS6,Novi Sad 6 - Miseluk,20.0,1453875469,2.7076829999999994,0.08263500812547525,capacity-balanced inferred shortest-path assignment on OSM streets; not an as-built feeder
SYN-1384,1431014564,Novi Sad 6 - Miseluk,NS6,NS6,Novi Sad 6 - Miseluk,20.0,10557415612,3.0364449999999996,0.03459332080147912,capacity-balanced inferred shortest-path assignment on OSM streets; not an as-built feeder
SYN-1385,1431014564,Novi Sad 6 - Miseluk,NS6,NS6,Novi Sad 6 - Miseluk,20.0,12393802711,2.4621699999999995,0.08430394237714357,capacity-balanced inferred shortest-path assignment on OSM streets; not an as-built feeder
SYN-1386,1431014564,Novi Sad 6 - Miseluk,NS6,NS6,Novi Sad 6 - Miseluk,20.0,2050669648,2.6489889999999994,0.08430394237714357,capacity-balanced inferred shortest-path assignment on OSM streets; not an as-built feeder
SYN-1387,1431014564,Novi Sad 6 - Miseluk,NS6,NS6,Novi Sad 6 - Miseluk,20.0,6874294969,2.544426,0.08430394237714357,capacity-balanced inferred shortest-path assignment on OSM streets; not an as-built feeder
SYN-1388,1431014564,Novi Sad 6 - Miseluk,NS6,NS6,Novi Sad 6 - Miseluk,20.0,3731570605,2.241939,0.08430394237714357,capacity-balanced inferred shortest-path assignment on OSM streets; not an as-built feeder
SYN-1389,1431014564,Novi Sad 6 - Miseluk,NS6,NS6,Novi Sad 6 - Miseluk,20.0,13189365652,2.806423999999999,0.08430394237714357,capacity-balanced inferred shortest-path assignment on OSM streets; not an as-built feeder
SYN-1390,1431014564,Novi Sad 6 - Miseluk,NS6,NS6,Novi Sad 6 - Miseluk,20.0,13197114576,2.5834219999999997,0.08430394237714357,capacity-balanced inferred shortest-path assignment on OSM streets; not an as-built feeder
SYN-1391,1431014564,Novi Sad 6 - Miseluk,NS6,NS6,Novi Sad 6 - Miseluk,20.0,7599665837,2.4130279999999997,0.08430394237714357,capacity-balanced inferred shortest-path assignment on OSM streets; not an as-built feeder
SYN-1392,1431014564,Novi Sad 6 - Miseluk,NS6,NS6,Novi Sad 6 - Miseluk,20.0,11931430331,2.6732709999999997,0.08430394237714357,capacity-balanced inferred shortest-path assignment on OSM streets; not an as-built feeder
SYN-1394,1431014564,Novi Sad 6 - Miseluk,NS6,NS6,Novi Sad 6 - Miseluk,20.0,3828268951,2.355669,0.08430394237714357,capacity-balanced inferred shortest-path assignment on OSM streets; not an as-built feeder
SYN-1397,1431014564,Novi Sad 6 - Miseluk,NS6,NS6,Novi Sad 6 - Miseluk,20.0,12393623577,2.777857,0.08430394237714357,capacity-balanced inferred shortest-path assignment on OSM streets; not an as-built feeder
SYN-1398,1431014564,Novi Sad 6 - Miseluk,NS6,NS6,Novi Sad 6 - Miseluk,20.0,13058867773,3.1814730000000004,0.03673249924298008,capacity-balanced inferred shortest-path assignment on OSM streets; not an as-built feeder
SYN-1543,1431014564,Novi Sad 6 - Miseluk,NS6,NS6,Novi Sad 6 - Miseluk,20.0,13971341215,2.7856360000000002,0.08117171784003871,capacity-balanced inferred shortest-path assignment on OSM streets; not an as-built feeder
SYN-1544,1431014564,Novi Sad 6 - Miseluk,NS6,NS6,Novi Sad 6 - Miseluk,20.0,13758940097,2.4338190000000006,0.08117171784003871,capacity-balanced inferred shortest-path assignment on OSM streets; not an as-built feeder
SYN-1545,1431014564,Novi Sad 6 - Miseluk,NS6,NS6,Novi Sad 6 - Miseluk,20.0,333531982,2.7825399999999996,0.08117171784003871,capacity-balanced inferred shortest-path assignment on OSM streets; not an as-built feeder
SYN-1546,1431014564,Novi Sad 6 - Miseluk,NS6,NS6,Novi Sad 6 - Miseluk,20.0,2320153789,2.9379619999999997,0.08117171784003871,capacity-balanced inferred shortest-path assignment on OSM streets; not an as-built feeder
SYN-1548,1431014564,Novi Sad 6 - Miseluk,NS6,NS6,Novi Sad 6 - Miseluk,20.0,13324143576,2.537374999999999,0.08117171784003871,capacity-balanced inferred shortest-path assignment on OSM streets; not an as-built feeder
SYN-1552,1431014564,Novi Sad 6 - Miseluk,NS6,NS6,Novi Sad 6 - Miseluk,20.0,533988247,2.9464759999999988,0.08117171784003871,capacity-balanced inferred shortest-path assignment on OSM streets; not an as-built feeder
SYN-1554,1431014564,Novi Sad 6 - Miseluk,NS6,NS6,Novi Sad 6 - Miseluk,20.0,533992564,2.388591999999999,0.08117171784003871,capacity-balanced inferred shortest-path assignment on OSM streets; not an as-built feeder
SYN-1558,1431014564,Novi Sad 6 - Miseluk,NS6,NS6,Novi Sad 6 - Miseluk,20.0,11347924931,2.8877859999999993,0.08117171784003871,capacity-balanced inferred shortest-path assignment on OSM streets; not an as-built feeder
SYN-1560,1431014564,Novi Sad 6 - Miseluk,NS6,NS6,Novi Sad 6 - Miseluk,20.0,1319623584,2.6727159999999985,0.08117171784003871,capacity-balanced inferred shortest-path assignment on OSM streets; not an as-built feeder
SYN-1563,1431014564,Novi Sad 6 - Miseluk,NS6,NS6,Novi Sad 6 - Miseluk,20.0,1974428530,2.6431949999999986,0.08117171784003871,capacity-balanced inferred shortest-path assignment on OSM streets; not an as-built feeder
SYN-1579,1431014564,Novi Sad 6 - Miseluk,NS6,NS6,Novi Sad 6 - Miseluk,20.0,12140130648,2.420473,0.08066174939108092,capacity-balanced inferred shortest-path assignment on OSM streets; not an as-built feeder
SYN-1584,1431014564,Novi Sad 6 - Miseluk,NS6,NS6,Novi Sad 6 - Miseluk,20.0,12140130649,2.2894680000000007,0.08066174939108092,capacity-balanced inferred shortest-path assignment on OSM streets; not an as-built feeder
SYN-1586,1431014564,Novi Sad 6 - Miseluk,NS6,NS6,Novi Sad 6 - Miseluk,20.0,13534178332,2.5350040000000007,0.08066174939108092,capacity-balanced inferred shortest-path assignment on OSM streets; not an as-built feeder
SYN-1587,1431014564,Novi Sad 6 - Miseluk,NS6,NS6,Novi Sad 6 - Miseluk,20.0,13731226492,2.2744740000000006,0.08066174939108092,capacity-balanced inferred shortest-path assignment on OSM streets; not an as-built feeder
SYN-1591,1431014564,Novi Sad 6 - Miseluk,NS6,NS6,Novi Sad 6 - Miseluk,20.0,3737658579,2.5874540000000006,0.08066174939108092,capacity-balanced inferred shortest-path assignment on OSM streets; not an as-built feeder
SYN-1593,1431014564,Novi Sad 6 - Miseluk,NS6,NS6,Novi Sad 6 - Miseluk,20.0,1451091031,1.4609279999999998,0.08272913113356588,capacity-balanced inferred shortest-path assignment on OSM streets; not an as-built feeder
SYN-1595,1431014564,Novi Sad 6 - Miseluk,NS6,NS6,Novi Sad 6 - Miseluk,20.0,2989549202,1.7874379999999996,0.08272913113356588,capacity-balanced inferred shortest-path assignment on OSM streets; not an as-built feeder
SYN-1596,1431014564,Novi Sad 6 - Miseluk,NS6,NS6,Novi Sad 6 - Miseluk,20.0,2307692639,1.4577820000000001,0.08272913113356588,capacity-balanced inferred shortest-path assignment on OSM streets; not an as-built feeder
SYN-1598,1431014564,Novi Sad 6 - Miseluk,NS6,NS6,Novi Sad 6 - Miseluk,20.0,8279150892,1.317226,0.08272913113356588,capacity-balanced inferred shortest-path assignment on OSM streets; not an as-built feeder
SYN-1600,1431014564,Novi Sad 6 - Miseluk,NS6,NS6,Novi Sad 6 - Miseluk,20.0,2989549201,1.8810349999999998,0.08272913113356588,capacity-balanced inferred shortest-path assignment on OSM streets; not an as-built feeder
SYN-1604,1431014564,Novi Sad 6 - Miseluk,NS6,NS6,Novi Sad 6 - Miseluk,20.0,532483582,1.3839149999999996,0.08272913113356588,capacity-balanced inferred shortest-path assignment on OSM streets; not an as-built feeder
SYN-1606,1431014564,Novi Sad 6 - Miseluk,NS6,NS6,Novi Sad 6 - Miseluk,20.0,11590313685,1.7350989999999997,0.08272913113356588,capacity-balanced inferred shortest-path assignment on OSM streets; not an as-built feeder
SYN-1609,1431014564,Novi Sad 6 - Miseluk,NS6,NS6,Novi Sad 6 - Miseluk,20.0,3766179721,1.6839770000000003,0.08272913113356588,capacity-balanced inferred shortest-path assignment on OSM streets; not an as-built feeder
SYN-1610,1431014564,Novi Sad 6 - Miseluk,NS6,NS6,Novi Sad 6 - Miseluk,20.0,2297673686,1.350332,0.08272913113356588,capacity-balanced inferred shortest-path assignment on OSM streets; not an as-built feeder
SYN-1613,1431014564,Novi Sad 6 - Miseluk,NS6,NS6,Novi Sad 6 - Miseluk,20.0,2307692786,1.548234,0.08272913113356588,capacity-balanced inferred shortest-path assignment on OSM streets; not an as-built feeder
SYN-1615,1431014564,Novi Sad 6 - Miseluk,NS6,NS6,Novi Sad 6 - Miseluk,20.0,13173847257,1.1716959999999998,0.09595316783753291,capacity-balanced inferred shortest-path assignment on OSM streets; not an as-built feeder
SYN-1616,1431014564,Novi Sad 6 - Miseluk,NS6,NS6,Novi Sad 6 - Miseluk,20.0,13009966777,1.0205389084955254,0.09595316783753291,capacity-balanced inferred shortest-path assignment on OSM streets; not an as-built feeder
SYN-1617,1431014564,Novi Sad 6 - Miseluk,NS6,NS6,Novi Sad 6 - Miseluk,20.0,12986244956,1.019064,0.09595316783753291,capacity-balanced inferred shortest-path assignment on OSM streets; not an as-built feeder
SYN-1618,1431014564,Novi Sad 6 - Miseluk,NS6,NS6,Novi Sad 6 - Miseluk,20.0,12405021913,1.032105,0.08772689662886796,capacity-balanced inferred shortest-path assignment on OSM streets; not an as-built feeder
SYN-1619,1431014564,Novi Sad 6 - Miseluk,NS6,NS6,Novi Sad 6 - Miseluk,20.0,2989973814,1.202323,0.08772689662886796,capacity-balanced inferred shortest-path assignment on OSM streets; not an as-built feeder
SYN-1620,1431014564,Novi Sad 6 - Miseluk,NS6,NS6,Novi Sad 6 - Miseluk,20.0,13792178933,1.582162,0.08772689662886796,capacity-balanced inferred shortest-path assignment on OSM streets; not an as-built feeder
SYN-1621,1431014564,Novi Sad 6 - Miseluk,NS6,NS6,Novi Sad 6 - Miseluk,20.0,12405021916,1.0681209999999999,0.08772689662886796,capacity-balanced inferred shortest-path assignment on OSM streets; not an as-built feeder
SYN-1622,1431014564,Novi Sad 6 - Miseluk,NS6,NS6,Novi Sad 6 - Miseluk,20.0,12307253248,1.3934459999999997,0.08772689662886796,capacity-balanced inferred shortest-path assignment on OSM streets; not an as-built feeder
SYN-1627,1431014564,Novi Sad 6 - Miseluk,NS6,NS6,Novi Sad 6 - Miseluk,20.0,2997509290,1.4661870000000001,0.08240404737335648,capacity-balanced inferred shortest-path assignment on OSM streets; not an as-built feeder
SYN-1628,1431014564,Novi Sad 6 - Miseluk,NS6,NS6,Novi Sad 6 - Miseluk,20.0,12394342661,1.653428,0.08240404737335648,capacity-balanced inferred shortest-path assignment on OSM streets; not an as-built feeder
SYN-1630,1431014564,Novi Sad 6 - Miseluk,NS6,NS6,Novi Sad 6 - Miseluk,20.0,12187432045,1.680848,0.08240404737335648,capacity-balanced inferred shortest-path assignment on OSM streets; not an as-built feeder
SYN-1631,1431014564,Novi Sad 6 - Miseluk,NS6,NS6,Novi Sad 6 - Miseluk,20.0,12187432044,1.6872949999999998,0.08240404737335648,capacity-balanced inferred shortest-path assignment on OSM streets; not an as-built feeder
SYN-1633,1431014564,Novi Sad 6 - Miseluk,NS6,NS6,Novi Sad 6 - Miseluk,20.0,249699023,1.492533,0.08240404737335648,capacity-balanced inferred shortest-path assignment on OSM streets; not an as-built feeder
SYN-1660,1431014564,Novi Sad 6 - Miseluk,NS6,NS6,Novi Sad 6 - Miseluk,20.0,3061990455,6.244440000000001,0.08116634730629697,capacity-balanced inferred shortest-path assignment on OSM streets; not an as-built feeder
SYN-1664,1431014564,Novi Sad 6 - Miseluk,NS6,NS6,Novi Sad 6 - Miseluk,20.0,1570034629,6.906079000000001,0.08116634730629697,capacity-balanced inferred shortest-path assignment on OSM streets; not an as-built feeder
SYN-1668,1431014564,Novi Sad 6 - Miseluk,NS6,NS6,Novi Sad 6 - Miseluk,20.0,2930903296,5.812062999999998,0.08116634730629697,capacity-balanced inferred shortest-path assignment on OSM streets; not an as-built feeder
SYN-1672,1431014564,Novi Sad 6 - Miseluk,NS6,NS6,Novi Sad 6 - Miseluk,20.0,3077901865,6.829441999999998,0.08116634730629697,capacity-balanced inferred shortest-path assignment on OSM streets; not an as-built feeder
SYN-1675,1431014564,Novi Sad 6 - Miseluk,NS6,NS6,Novi Sad 6 - Miseluk,20.0,13858627176,7.322062999999999,0.08116634730629697,capacity-balanced inferred shortest-path assignment on OSM streets; not an as-built feeder
SYN-1682,1431014564,Novi Sad 6 - Miseluk,NS6,NS6,Novi Sad 6 - Miseluk,20.0,1829028316,6.855833999999998,0.08116634730629697,capacity-balanced inferred shortest-path assignment on OSM streets; not an as-built feeder
SYN-1684,1431014564,Novi Sad 6 - Miseluk,NS6,NS6,Novi Sad 6 - Miseluk,20.0,9755780244,5.748465000000001,0.08116634730629697,capacity-balanced inferred shortest-path assignment on OSM streets; not an as-built feeder
SYN-1690,1431014564,Novi Sad 6 - Miseluk,NS6,NS6,Novi Sad 6 - Miseluk,20.0,7287916294,6.341842999999997,0.08116634730629697,capacity-balanced inferred shortest-path assignment on OSM streets; not an as-built feeder
SYN-1736,1431014564,Novi Sad 6 - Miseluk,NS6,NS6,Novi Sad 6 - Miseluk,20.0,6775149448,5.771881000000001,0.08201334189745285,capacity-balanced inferred shortest-path assignment on OSM streets; not an as-built feeder
SYN-1742,1431014564,Novi Sad 6 - Miseluk,NS6,NS6,Novi Sad 6 - Miseluk,20.0,1205713358,5.295784,0.08201334189745285,capacity-balanced inferred shortest-path assignment on OSM streets; not an as-built feeder
SYN-1748,1431014564,Novi Sad 6 - Miseluk,NS6,NS6,Novi Sad 6 - Miseluk,20.0,3216357030,5.34795,0.08201334189745285,capacity-balanced inferred shortest-path assignment on OSM streets; not an as-built feeder
SYN-1759,1431014564,Novi Sad 6 - Miseluk,NS6,NS6,Novi Sad 6 - Miseluk,20.0,1205713400,5.287149000000001,0.08201334189745285,capacity-balanced inferred shortest-path assignment on OSM streets; not an as-built feeder
SYN-1767,1431014564,Novi Sad 6 - Miseluk,NS6,NS6,Novi Sad 6 - Miseluk,20.0,12892378932,5.899796999999999,0.0830481951415349,capacity-balanced inferred shortest-path assignment on OSM streets; not an as-built feeder
SYN-1772,1431014564,Novi Sad 6 - Miseluk,NS6,NS6,Novi Sad 6 - Miseluk,20.0,3641057836,5.886397000000002,0.0830481951415349,capacity-balanced inferred shortest-path assignment on OSM streets; not an as-built feeder
SYN-1907,1431014564,Novi Sad 6 - Miseluk,NS6,NS6,Novi Sad 6 - Miseluk,20.0,1685801385,0.7340289999999998,0.08051093796375626,capacity-balanced inferred shortest-path assignment on OSM streets; not an as-built feeder
SYN-1908,1431014564,Novi Sad 6 - Miseluk,NS6,NS6,Novi Sad 6 - Miseluk,20.0,560174719,0.895458,0.08051093796375626,capacity-balanced inferred shortest-path assignment on OSM streets; not an as-built feeder
SYN-1909,1431014564,Novi Sad 6 - Miseluk,NS6,NS6,Novi Sad 6 - Miseluk,20.0,1392239855,0.9308053208433111,0.08051093796375626,capacity-balanced inferred shortest-path assignment on OSM streets; not an as-built feeder
SYN-1910,1431014564,Novi Sad 6 - Miseluk,NS6,NS6,Novi Sad 6 - Miseluk,20.0,1605817018,0.953758,0.08051093796375626,capacity-balanced inferred shortest-path assignment on OSM streets; not an as-built feeder
SYN-1911,1431014564,Novi Sad 6 - Miseluk,NS6,NS6,Novi Sad 6 - Miseluk,20.0,554219263,0.881397,0.08051093796375626,capacity-balanced inferred shortest-path assignment on OSM streets; not an as-built feeder
SYN-1912,1431014564,Novi Sad 6 - Miseluk,NS6,NS6,Novi Sad 6 - Miseluk,20.0,1591666805,0.931135,0.08051093796375626,capacity-balanced inferred shortest-path assignment on OSM streets; not an as-built feeder
SYN-1913,1431014564,Novi Sad 6 - Miseluk,NS6,NS6,Novi Sad 6 - Miseluk,20.0,1445922731,1.017454,0.08051093796375626,capacity-balanced inferred shortest-path assignment on OSM streets; not an as-built feeder
SYN-1914,1431014564,Novi Sad 6 - Miseluk,NS6,NS6,Novi Sad 6 - Miseluk,20.0,2318946372,0.8604610000000001,0.08051093796375626,capacity-balanced inferred shortest-path assignment on OSM streets; not an as-built feeder
SYN-1915,1431014564,Novi Sad 6 - Miseluk,NS6,NS6,Novi Sad 6 - Miseluk,20.0,1594764946,1.003648,0.08051093796375626,capacity-balanced inferred shortest-path assignment on OSM streets; not an as-built feeder
SYN-1916,1431014564,Novi Sad 6 - Miseluk,NS6,NS6,Novi Sad 6 - Miseluk,20.0,1605856506,0.7438179999999998,0.08051093796375626,capacity-balanced inferred shortest-path assignment on OSM streets; not an as-built feeder
SYN-1917,1431014564,Novi Sad 6 - Miseluk,NS6,NS6,Novi Sad 6 - Miseluk,20.0,1606231290,0.8692960000000001,0.08051093796375626,capacity-balanced inferred shortest-path assignment on OSM streets; not an as-built feeder
SYN-1920,1431014564,Novi Sad 6 - Miseluk,NS6,NS6,Novi Sad 6 - Miseluk,20.0,1606231366,0.7065849999999999,0.08051093796375626,capacity-balanced inferred shortest-path assignment on OSM streets; not an as-built feeder
SYN-1923,1431014564,Novi Sad 6 - Miseluk,NS6,NS6,Novi Sad 6 - Miseluk,20.0,1594765222,0.881485,0.08051093796375626,capacity-balanced inferred shortest-path assignment on OSM streets; not an as-built feeder
SYN-1924,1431014564,Novi Sad 6 - Miseluk,NS6,NS6,Novi Sad 6 - Miseluk,20.0,11282816265,0.45024499999999995,0.08249925277114939,capacity-balanced inferred shortest-path assignment on OSM streets; not an as-built feeder
SYN-1925,1431014564,Novi Sad 6 - Miseluk,NS6,NS6,Novi Sad 6 - Miseluk,20.0,560184267,0.19579400000000002,0.08249925277114939,capacity-balanced inferred shortest-path assignment on OSM streets; not an as-built feeder
SYN-1926,1431014564,Novi Sad 6 - Miseluk,NS6,NS6,Novi Sad 6 - Miseluk,20.0,560184296,0.17350300000000002,0.08249925277114939,capacity-balanced inferred shortest-path assignment on OSM streets; not an as-built feeder
SYN-1927,1431014564,Novi Sad 6 - Miseluk,NS6,NS6,Novi Sad 6 - Miseluk,20.0,1635854835,0.5348529999999999,0.08249925277114939,capacity-balanced inferred shortest-path assignment on OSM streets; not an as-built feeder
SYN-1928,1431014564,Novi Sad 6 - Miseluk,NS6,NS6,Novi Sad 6 - Miseluk,20.0,1615394401,0.6998940000000001,0.08249925277114939,capacity-balanced inferred shortest-path assignment on OSM streets; not an as-built feeder
SYN-1929,1431014564,Novi Sad 6 - Miseluk,NS6,NS6,Novi Sad 6 - Miseluk,20.0,1612322389,0.831819,0.08249925277114939,capacity-balanced inferred shortest-path assignment on OSM streets; not an as-built feeder
SYN-1930,1431014564,Novi Sad 6 - Miseluk,NS6,NS6,Novi Sad 6 - Miseluk,20.0,1615429940,0.6365600000000002,0.08249925277114939,capacity-balanced inferred shortest-path assignment on OSM streets; not an as-built feeder
SYN-1931,1431014564,Novi Sad 6 - Miseluk,NS6,NS6,Novi Sad 6 - Miseluk,20.0,1606996614,0.76876,0.08249925277114939,capacity-balanced inferred shortest-path assignment on OSM streets; not an as-built feeder
SYN-2205,1431014564,Novi Sad 6 - Miseluk,NS6,NS6,Novi Sad 6 - Miseluk,20.0,6802471301,1.6336659999999992,0.087491100196664,capacity-balanced inferred shortest-path assignment on OSM streets; not an as-built feeder
SYN-2206,1431014564,Novi Sad 6 - Miseluk,NS6,NS6,Novi Sad 6 - Miseluk,20.0,7728647513,2.006227,0.08089829962734875,capacity-balanced inferred shortest-path assignment on OSM streets; not an as-built feeder
SYN-2207,1431014564,Novi Sad 6 - Miseluk,NS6,NS6,Novi Sad 6 - Miseluk,20.0,3804666478,1.930252,0.08089829962734875,capacity-balanced inferred shortest-path assignment on OSM streets; not an as-built feeder
SYN-2208,1431014564,Novi Sad 6 - Miseluk,NS6,NS6,Novi Sad 6 - Miseluk,20.0,1602838453,2.43341,0.08089829962734875,capacity-balanced inferred shortest-path assignment on OSM streets; not an as-built feeder
SYN-2209,1431014564,Novi Sad 6 - Miseluk,NS6,NS6,Novi Sad 6 - Miseluk,20.0,10979756035,2.5061159999999996,0.08089829962734875,capacity-balanced inferred shortest-path assignment on OSM streets; not an as-built feeder
SYN-2210,1431014564,Novi Sad 6 - Miseluk,NS6,NS6,Novi Sad 6 - Miseluk,20.0,1533955994,1.9693759999999998,0.08089829962734875,capacity-balanced inferred shortest-path assignment on OSM streets; not an as-built feeder
SYN-2211,1431014564,Novi Sad 6 - Miseluk,NS6,NS6,Novi Sad 6 - Miseluk,20.0,1541596680,2.1720879999999996,0.08089829962734875,capacity-balanced inferred shortest-path assignment on OSM streets; not an as-built feeder
SYN-2213,1431014564,Novi Sad 6 - Miseluk,NS6,NS6,Novi Sad 6 - Miseluk,20.0,1541599379,1.6887659999999998,0.08089829962734875,capacity-balanced inferred shortest-path assignment on OSM streets; not an as-built feeder
SYN-2215,1431014564,Novi Sad 6 - Miseluk,NS6,NS6,Novi Sad 6 - Miseluk,20.0,1599400793,1.988458,0.08089829962734875,capacity-balanced inferred shortest-path assignment on OSM streets; not an as-built feeder
SYN-2218,1431014564,Novi Sad 6 - Miseluk,NS6,NS6,Novi Sad 6 - Miseluk,20.0,1592930803,1.2719859999999998,0.08089829962734875,capacity-balanced inferred shortest-path assignment on OSM streets; not an as-built feeder
SYN-2222,1431014564,Novi Sad 6 - Miseluk,NS6,NS6,Novi Sad 6 - Miseluk,20.0,1605778727,1.775747000000001,0.08089829962734875,capacity-balanced inferred shortest-path assignment on OSM streets; not an as-built feeder
SYN-2225,1431014564,Novi Sad 6 - Miseluk,NS6,NS6,Novi Sad 6 - Miseluk,20.0,1533955150,1.9632629999999998,0.08089829962734875,capacity-balanced inferred shortest-path assignment on OSM streets; not an as-built feeder
SYN-2227,1431014564,Novi Sad 6 - Miseluk,NS6,NS6,Novi Sad 6 - Miseluk,20.0,3799126528,2.1651789999999997,0.08089829962734875,capacity-balanced inferred shortest-path assignment on OSM streets; not an as-built feeder
SYN-2228,1431014564,Novi Sad 6 - Miseluk,NS6,NS6,Novi Sad 6 - Miseluk,20.0,1600643993,2.2104879999999993,0.08089829962734875,capacity-balanced inferred shortest-path assignment on OSM streets; not an as-built feeder
SYN-2232,1431014564,Novi Sad 6 - Miseluk,NS6,NS6,Novi Sad 6 - Miseluk,20.0,1603481985,1.6936699999999998,0.08089829962734875,capacity-balanced inferred shortest-path assignment on OSM streets; not an as-built feeder
SYN-2233,1431014564,Novi Sad 6 - Miseluk,NS6,NS6,Novi Sad 6 - Miseluk,20.0,3804637436,1.942968,0.08089829962734875,capacity-balanced inferred shortest-path assignment on OSM streets; not an as-built feeder
SYN-2235,1431014564,Novi Sad 6 - Miseluk,NS6,NS6,Novi Sad 6 - Miseluk,20.0,1541598876,1.828469,0.08089829962734875,capacity-balanced inferred shortest-path assignment on OSM streets; not an as-built feeder
SYN-2240,1431014564,Novi Sad 6 - Miseluk,NS6,NS6,Novi Sad 6 - Miseluk,20.0,1603490072,1.6175599999999999,0.08089829962734875,capacity-balanced inferred shortest-path assignment on OSM streets; not an as-built feeder
SYN-2243,1431014564,Novi Sad 6 - Miseluk,NS6,NS6,Novi Sad 6 - Miseluk,20.0,3799076909,2.1030649999999995,0.08089829962734875,capacity-balanced inferred shortest-path assignment on OSM streets; not an as-built feeder
SYN-2244,1431014564,Novi Sad 6 - Miseluk,NS6,NS6,Novi Sad 6 - Miseluk,20.0,13997973426,1.7119424000472945,0.08089829962734875,capacity-balanced inferred shortest-path assignment on OSM streets; not an as-built feeder
SYN-2248,1431014564,Novi Sad 6 - Miseluk,NS6,NS6,Novi Sad 6 - Miseluk,20.0,1602885352,1.7752324000472945,0.08089829962734875,capacity-balanced inferred shortest-path assignment on OSM streets; not an as-built feeder
SYN-2254,1431014564,Novi Sad 6 - Miseluk,NS6,NS6,Novi Sad 6 - Miseluk,20.0,2312110828,1.14751,0.08167275747378373,capacity-balanced inferred shortest-path assignment on OSM streets; not an as-built feeder
SYN-2261,1431014564,Novi Sad 6 - Miseluk,NS6,NS6,Novi Sad 6 - Miseluk,20.0,13124094844,1.1773270000000002,0.08167275747378373,capacity-balanced inferred shortest-path assignment on OSM streets; not an as-built feeder
SYN-2262,1431014564,Novi Sad 6 - Miseluk,NS6,NS6,Novi Sad 6 - Miseluk,20.0,13124094849,1.129789,0.08167275747378373,capacity-balanced inferred shortest-path assignment on OSM streets; not an as-built feeder
SYN-2264,1431014564,Novi Sad 6 - Miseluk,NS6,NS6,Novi Sad 6 - Miseluk,20.0,566180180,1.1194619999999997,0.08167275747378373,capacity-balanced inferred shortest-path assignment on OSM streets; not an as-built feeder
SYN-2266,1431014564,Novi Sad 6 - Miseluk,NS6,NS6,Novi Sad 6 - Miseluk,20.0,2307120588,1.2949570000000001,0.08167275747378373,capacity-balanced inferred shortest-path assignment on OSM streets; not an as-built feeder
SYN-2267,1431014564,Novi Sad 6 - Miseluk,NS6,NS6,Novi Sad 6 - Miseluk,20.0,1609500627,1.2745350000000004,0.08167275747378373,capacity-balanced inferred shortest-path assignment on OSM streets; not an as-built feeder
SYN-2269,1431014564,Novi Sad 6 - Miseluk,NS6,NS6,Novi Sad 6 - Miseluk,20.0,12992961209,1.259874,0.08167275747378373,capacity-balanced inferred shortest-path assignment on OSM streets; not an as-built feeder
SYN-2272,1431014564,Novi Sad 6 - Miseluk,NS6,NS6,Novi Sad 6 - Miseluk,20.0,566179850,1.4389919999999998,0.08167275747378373,capacity-balanced inferred shortest-path assignment on OSM streets; not an as-built feeder
SYN-2278,1431014564,Novi Sad 6 - Miseluk,NS6,NS6,Novi Sad 6 - Miseluk,20.0,14104080599,1.2268929999999998,0.08167275747378373,capacity-balanced inferred shortest-path assignment on OSM streets; not an as-built feeder
SYN-2283,1431014564,Novi Sad 6 - Miseluk,NS6,NS6,Novi Sad 6 - Miseluk,20.0,566179850,1.4389919999999998,0.08167275747378373,capacity-balanced inferred shortest-path assignment on OSM streets; not an as-built feeder
SYN-0001,220232167,Novi Sad 7 - Juzni Telep,NS7,NS7,Novi Sad 7 - Juzni Telep,20.0,1535960090,1.5430324064671626,0.08273244088917749,capacity-balanced inferred shortest-path assignment on OSM streets; not an as-built feeder
SYN-0002,220232167,Novi Sad 7 - Juzni Telep,NS7,NS7,Novi Sad 7 - Juzni Telep,20.0,12663104946,1.5897924064671627,0.08273244088917749,capacity-balanced inferred shortest-path assignment on OSM streets; not an as-built feeder
SYN-0003,220232167,Novi Sad 7 - Juzni Telep,NS7,NS7,Novi Sad 7 - Juzni Telep,20.0,12663104946,1.5897924064671627,0.08273244088917749,capacity-balanced inferred shortest-path assignment on OSM streets; not an as-built feeder
SYN-0004,220232167,Novi Sad 7 - Juzni Telep,NS7,NS7,Novi Sad 7 - Juzni Telep,20.0,1535959011,1.6297594064671626,0.08273244088917749,capacity-balanced inferred shortest-path assignment on OSM streets; not an as-built feeder
SYN-0014,220232167,Novi Sad 7 - Juzni Telep,NS7,NS7,Novi Sad 7 - Juzni Telep,20.0,12394342679,1.2913654064671627,0.03620947270970823,capacity-balanced inferred shortest-path assignment on OSM streets; not an as-built feeder
SYN-0015,220232167,Novi Sad 7 - Juzni Telep,NS7,NS7,Novi Sad 7 - Juzni Telep,20.0,6538491130,3.2999150000000026,0.08130101849576775,capacity-balanced inferred shortest-path assignment on OSM streets; not an as-built feeder
SYN-0019,220232167,Novi Sad 7 - Juzni Telep,NS7,NS7,Novi Sad 7 - Juzni Telep,20.0,2975823835,2.718474000000001,0.08130101849576775,capacity-balanced inferred shortest-path assignment on OSM streets; not an as-built feeder
SYN-0022,220232167,Novi Sad 7 - Juzni Telep,NS7,NS7,Novi Sad 7 - Juzni Telep,20.0,11981185643,3.4137830000000005,0.08130101849576775,capacity-balanced inferred shortest-path assignment on OSM streets; not an as-built feeder
SYN-0023,220232167,Novi Sad 7 - Juzni Telep,NS7,NS7,Novi Sad 7 - Juzni Telep,20.0,11940222861,3.130794000000002,0.08130101849576775,capacity-balanced inferred shortest-path assignment on OSM streets; not an as-built feeder
SYN-0026,220232167,Novi Sad 7 - Juzni Telep,NS7,NS7,Novi Sad 7 - Juzni Telep,20.0,6538491122,3.3899590000000024,0.08130101849576775,capacity-balanced inferred shortest-path assignment on OSM streets; not an as-built feeder
SYN-0029,220232167,Novi Sad 7 - Juzni Telep,NS7,NS7,Novi Sad 7 - Juzni Telep,20.0,12232472490,3.1127270000000022,0.08130101849576775,capacity-balanced inferred shortest-path assignment on OSM streets; not an as-built feeder
SYN-0032,220232167,Novi Sad 7 - Juzni Telep,NS7,NS7,Novi Sad 7 - Juzni Telep,20.0,6538491129,3.3130630000000028,0.08130101849576775,capacity-balanced inferred shortest-path assignment on OSM streets; not an as-built feeder
SYN-0035,220232167,Novi Sad 7 - Juzni Telep,NS7,NS7,Novi Sad 7 - Juzni Telep,20.0,11940222861,3.130794000000002,0.08130101849576775,capacity-balanced inferred shortest-path assignment on OSM streets; not an as-built feeder
SYN-0037,220232167,Novi Sad 7 - Juzni Telep,NS7,NS7,Novi Sad 7 - Juzni Telep,20.0,1585208974,3.1621690000000027,0.08130101849576775,capacity-balanced inferred shortest-path assignment on OSM streets; not an as-built feeder
SYN-0038,220232167,Novi Sad 7 - Juzni Telep,NS7,NS7,Novi Sad 7 - Juzni Telep,20.0,6538491122,3.3899590000000024,0.08130101849576775,capacity-balanced inferred shortest-path assignment on OSM streets; not an as-built feeder
SYN-0039,220232167,Novi Sad 7 - Juzni Telep,NS7,NS7,Novi Sad 7 - Juzni Telep,20.0,1585208901,3.3318090000000025,0.08130101849576775,capacity-balanced inferred shortest-path assignment on OSM streets; not an as-built feeder
SYN-0040,220232167,Novi Sad 7 - Juzni Telep,NS7,NS7,Novi Sad 7 - Juzni Telep,20.0,1585208901,3.3318090000000025,0.08130101849576775,capacity-balanced inferred shortest-path assignment on OSM streets; not an as-built feeder
SYN-0042,220232167,Novi Sad 7 - Juzni Telep,NS7,NS7,Novi Sad 7 - Juzni Telep,20.0,1585208869,3.3932440000000024,0.08130101849576775,capacity-balanced inferred shortest-path assignment on OSM streets; not an as-built feeder
SYN-0046,220232167,Novi Sad 7 - Juzni Telep,NS7,NS7,Novi Sad 7 - Juzni Telep,20.0,903304639,2.534387000000001,0.08130101849576775,capacity-balanced inferred shortest-path assignment on OSM streets; not an as-built feeder
SYN-0051,220232167,Novi Sad 7 - Juzni Telep,NS7,NS7,Novi Sad 7 - Juzni Telep,20.0,6538491127,3.4239530000000027,0.08130101849576775,capacity-balanced inferred shortest-path assignment on OSM streets; not an as-built feeder
SYN-0107,220232167,Novi Sad 7 - Juzni Telep,NS7,NS7,Novi Sad 7 - Juzni Telep,20.0,3758339769,2.798936000000001,0.08619388076476363,capacity-balanced inferred shortest-path assignment on OSM streets; not an as-built feeder
SYN-0137,220232167,Novi Sad 7 - Juzni Telep,NS7,NS7,Novi Sad 7 - Juzni Telep,20.0,1599385157,2.2236634064671623,0.08802180217282268,capacity-balanced inferred shortest-path assignment on OSM streets; not an as-built feeder
SYN-0138,220232167,Novi Sad 7 - Juzni Telep,NS7,NS7,Novi Sad 7 - Juzni Telep,20.0,1540591320,2.1937694064671622,0.08802180217282268,capacity-balanced inferred shortest-path assignment on OSM streets; not an as-built feeder
SYN-0142,220232167,Novi Sad 7 - Juzni Telep,NS7,NS7,Novi Sad 7 - Juzni Telep,20.0,1599385045,2.2916274064671627,0.08802180217282268,capacity-balanced inferred shortest-path assignment on OSM streets; not an as-built feeder
SYN-0157,220232167,Novi Sad 7 - Juzni Telep,NS7,NS7,Novi Sad 7 - Juzni Telep,20.0,3695645874,0.0,0.038169441614990154,capacity-balanced inferred shortest-path assignment on OSM streets; not an as-built feeder
SYN-0158,220232167,Novi Sad 7 - Juzni Telep,NS7,NS7,Novi Sad 7 - Juzni Telep,20.0,3695645872,7.03637583680873e-05,0.038169441614990154,capacity-balanced inferred shortest-path assignment on OSM streets; not an as-built feeder
SYN-0210,220232167,Novi Sad 7 - Juzni Telep,NS7,NS7,Novi Sad 7 - Juzni Telep,20.0,988900183,2.213458,0.07814273121365742,capacity-balanced inferred shortest-path assignment on OSM streets; not an as-built feeder
SYN-0211,220232167,Novi Sad 7 - Juzni Telep,NS7,NS7,Novi Sad 7 - Juzni Telep,20.0,988900169,2.122212,0.07814273121365742,capacity-balanced inferred shortest-path assignment on OSM streets; not an as-built feeder
SYN-0212,220232167,Novi Sad 7 - Juzni Telep,NS7,NS7,Novi Sad 7 - Juzni Telep,20.0,988900183,2.213458,0.07814273121365742,capacity-balanced inferred shortest-path assignment on OSM streets; not an as-built feeder
SYN-0236,220232167,Novi Sad 7 - Juzni Telep,NS7,NS7,Novi Sad 7 - Juzni Telep,20.0,9917033724,3.3070759999999986,0.049790841162495665,capacity-balanced inferred shortest-path assignment on OSM streets; not an as-built feeder
SYN-0278,220232167,Novi Sad 7 - Juzni Telep,NS7,NS7,Novi Sad 7 - Juzni Telep,20.0,3177524990,2.1444784064671625,0.08526826370343647,capacity-balanced inferred shortest-path assignment on OSM streets; not an as-built feeder
SYN-0279,220232167,Novi Sad 7 - Juzni Telep,NS7,NS7,Novi Sad 7 - Juzni Telep,20.0,369437272,2.4154374064671624,0.08526826370343647,capacity-balanced inferred shortest-path assignment on OSM streets; not an as-built feeder
SYN-0280,220232167,Novi Sad 7 - Juzni Telep,NS7,NS7,Novi Sad 7 - Juzni Telep,20.0,11929513332,2.603443406467162,0.08526826370343647,capacity-balanced inferred shortest-path assignment on OSM streets; not an as-built feeder
SYN-0281,220232167,Novi Sad 7 - Juzni Telep,NS7,NS7,Novi Sad 7 - Juzni Telep,20.0,11945343062,2.2771524064671627,0.05496057219290514,capacity-balanced inferred shortest-path assignment on OSM streets; not an as-built feeder
SYN-0282,220232167,Novi Sad 7 - Juzni Telep,NS7,NS7,Novi Sad 7 - Juzni Telep,20.0,3177524961,2.157999406467163,0.03422912439423295,capacity-balanced inferred shortest-path assignment on OSM streets; not an as-built feeder
SYN-0283,220232167,Novi Sad 7 - Juzni Telep,NS7,NS7,Novi Sad 7 - Juzni Telep,20.0,11945343062,2.2771524064671627,0.03422912439423295,capacity-balanced inferred shortest-path assignment on OSM streets; not an as-built feeder
SYN-0287,220232167,Novi Sad 7 - Juzni Telep,NS7,NS7,Novi Sad 7 - Juzni Telep,20.0,12585143014,4.080629999999999,0.018149314973460083,capacity-balanced inferred shortest-path assignment on OSM streets; not an as-built feeder
SYN-0288,220232167,Novi Sad 7 - Juzni Telep,NS7,NS7,Novi Sad 7 - Juzni Telep,20.0,3079766644,1.810196,0.023724428492254587,capacity-balanced inferred shortest-path assignment on OSM streets; not an as-built feeder
SYN-0379,220232167,Novi Sad 7 - Juzni Telep,NS7,NS7,Novi Sad 7 - Juzni Telep,20.0,61829642,2.0959470000000002,0.08109958028753993,capacity-balanced inferred shortest-path assignment on OSM streets; not an as-built feeder
SYN-0380,220232167,Novi Sad 7 - Juzni Telep,NS7,NS7,Novi Sad 7 - Juzni Telep,20.0,1083543140,1.573228,0.08109958028753993,capacity-balanced inferred shortest-path assignment on OSM streets; not an as-built feeder
SYN-0381,220232167,Novi Sad 7 - Juzni Telep,NS7,NS7,Novi Sad 7 - Juzni Telep,20.0,13342660844,2.1764360000000003,0.08109958028753993,capacity-balanced inferred shortest-path assignment on OSM streets; not an as-built feeder
SYN-0382,220232167,Novi Sad 7 - Juzni Telep,NS7,NS7,Novi Sad 7 - Juzni Telep,20.0,11390262036,1.9615550000000002,0.08109958028753993,capacity-balanced inferred shortest-path assignment on OSM streets; not an as-built feeder
SYN-0390,220232167,Novi Sad 7 - Juzni Telep,NS7,NS7,Novi Sad 7 - Juzni Telep,20.0,1083543542,2.165279000000001,0.08109958028753993,capacity-balanced inferred shortest-path assignment on OSM streets; not an as-built feeder
SYN-0391,220232167,Novi Sad 7 - Juzni Telep,NS7,NS7,Novi Sad 7 - Juzni Telep,20.0,9644418046,2.3839069999999998,0.08109958028753993,capacity-balanced inferred shortest-path assignment on OSM streets; not an as-built feeder
SYN-0392,220232167,Novi Sad 7 - Juzni Telep,NS7,NS7,Novi Sad 7 - Juzni Telep,20.0,1083543127,1.7097669999999996,0.08109958028753993,capacity-balanced inferred shortest-path assignment on OSM streets; not an as-built feeder
SYN-0394,220232167,Novi Sad 7 - Juzni Telep,NS7,NS7,Novi Sad 7 - Juzni Telep,20.0,1083543219,2.047454000000001,0.08109958028753993,capacity-balanced inferred shortest-path assignment on OSM streets; not an as-built feeder
SYN-0395,220232167,Novi Sad 7 - Juzni Telep,NS7,NS7,Novi Sad 7 - Juzni Telep,20.0,5895889091,1.6851700000000005,0.08109958028753993,capacity-balanced inferred shortest-path assignment on OSM streets; not an as-built feeder
SYN-0396,220232167,Novi Sad 7 - Juzni Telep,NS7,NS7,Novi Sad 7 - Juzni Telep,20.0,1230711735,2.5909929999999997,0.08109958028753993,capacity-balanced inferred shortest-path assignment on OSM streets; not an as-built feeder
SYN-0397,220232167,Novi Sad 7 - Juzni Telep,NS7,NS7,Novi Sad 7 - Juzni Telep,20.0,363560123,1.4001110000000003,0.08109958028753993,capacity-balanced inferred shortest-path assignment on OSM streets; not an as-built feeder
SYN-0399,220232167,Novi Sad 7 - Juzni Telep,NS7,NS7,Novi Sad 7 - Juzni Telep,20.0,1083543040,1.7946380000000006,0.08109958028753993,capacity-balanced inferred shortest-path assignment on OSM streets; not an as-built feeder
SYN-0401,220232167,Novi Sad 7 - Juzni Telep,NS7,NS7,Novi Sad 7 - Juzni Telep,20.0,11390262040,1.6135229999999998,0.08109958028753993,capacity-balanced inferred shortest-path assignment on OSM streets; not an as-built feeder
SYN-0402,220232167,Novi Sad 7 - Juzni Telep,NS7,NS7,Novi Sad 7 - Juzni Telep,20.0,11843053287,1.2782709999999997,0.08109958028753993,capacity-balanced inferred shortest-path assignment on OSM streets; not an as-built feeder
SYN-0406,220232167,Novi Sad 7 - Juzni Telep,NS7,NS7,Novi Sad 7 - Juzni Telep,20.0,11940561685,1.8273280000000005,0.08109958028753993,capacity-balanced inferred shortest-path assignment on OSM streets; not an as-built feeder
SYN-0413,220232167,Novi Sad 7 - Juzni Telep,NS7,NS7,Novi Sad 7 - Juzni Telep,20.0,12566009713,1.2652889999999999,0.08109958028753993,capacity-balanced inferred shortest-path assignment on OSM streets; not an as-built feeder
SYN-0415,220232167,Novi Sad 7 - Juzni Telep,NS7,NS7,Novi Sad 7 - Juzni Telep,20.0,2051079969,1.1576560000000002,0.08109958028753993,capacity-balanced inferred shortest-path assignment on OSM streets; not an as-built feeder
SYN-0417,220232167,Novi Sad 7 - Juzni Telep,NS7,NS7,Novi Sad 7 - Juzni Telep,20.0,6772562392,2.20531,0.08109958028753993,capacity-balanced inferred shortest-path assignment on OSM streets; not an as-built feeder
SYN-0418,220232167,Novi Sad 7 - Juzni Telep,NS7,NS7,Novi Sad 7 - Juzni Telep,20.0,10978677271,2.0167740000000003,0.08109958028753993,capacity-balanced inferred shortest-path assignment on OSM streets; not an as-built feeder
SYN-0419,220232167,Novi Sad 7 - Juzni Telep,NS7,NS7,Novi Sad 7 - Juzni Telep,20.0,3972302165,1.967526,0.08109958028753993,capacity-balanced inferred shortest-path assignment on OSM streets; not an as-built feeder
SYN-0421,220232167,Novi Sad 7 - Juzni Telep,NS7,NS7,Novi Sad 7 - Juzni Telep,20.0,7011779735,2.3911000000000002,0.08109958028753993,capacity-balanced inferred shortest-path assignment on OSM streets; not an as-built feeder
SYN-0423,220232167,Novi Sad 7 - Juzni Telep,NS7,NS7,Novi Sad 7 - Juzni Telep,20.0,1083543165,1.7064389999999996,0.08109958028753993,capacity-balanced inferred shortest-path assignment on OSM streets; not an as-built feeder
SYN-0425,220232167,Novi Sad 7 - Juzni Telep,NS7,NS7,Novi Sad 7 - Juzni Telep,20.0,11841446711,1.5237320000000008,0.08109958028753993,capacity-balanced inferred shortest-path assignment on OSM streets; not an as-built feeder
SYN-0428,220232167,Novi Sad 7 - Juzni Telep,NS7,NS7,Novi Sad 7 - Juzni Telep,20.0,3797783872,2.445674999999999,0.08109958028753993,capacity-balanced inferred shortest-path assignment on OSM streets; not an as-built feeder
SYN-0429,220232167,Novi Sad 7 - Juzni Telep,NS7,NS7,Novi Sad 7 - Juzni Telep,20.0,3190673061,1.946707,0.08109958028753993,capacity-balanced inferred shortest-path assignment on OSM streets; not an as-built feeder
SYN-0431,220232167,Novi Sad 7 - Juzni Telep,NS7,NS7,Novi Sad 7 - Juzni Telep,20.0,11843053285,1.5451220000000003,0.08109958028753993,capacity-balanced inferred shortest-path assignment on OSM streets; not an as-built feeder
SYN-0432,220232167,Novi Sad 7 - Juzni Telep,NS7,NS7,Novi Sad 7 - Juzni Telep,20.0,2023183161,1.692404,0.08109958028753993,capacity-balanced inferred shortest-path assignment on OSM streets; not an as-built feeder
SYN-0434,220232167,Novi Sad 7 - Juzni Telep,NS7,NS7,Novi Sad 7 - Juzni Telep,20.0,3797783870,2.4284659999999993,0.08109958028753993,capacity-balanced inferred shortest-path assignment on OSM streets; not an as-built feeder
SYN-0437,220232167,Novi Sad 7 - Juzni Telep,NS7,NS7,Novi Sad 7 - Juzni Telep,20.0,3972302161,1.9081970000000001,0.08109958028753993,capacity-balanced inferred shortest-path assignment on OSM streets; not an as-built feeder
SYN-0438,220232167,Novi Sad 7 - Juzni Telep,NS7,NS7,Novi Sad 7 - Juzni Telep,20.0,6991837975,2.059054,0.08109958028753993,capacity-balanced inferred shortest-path assignment on OSM streets; not an as-built feeder
SYN-0442,220232167,Novi Sad 7 - Juzni Telep,NS7,NS7,Novi Sad 7 - Juzni Telep,20.0,3190672910,1.7904019999999998,0.08109958028753993,capacity-balanced inferred shortest-path assignment on OSM streets; not an as-built feeder
SYN-0445,220232167,Novi Sad 7 - Juzni Telep,NS7,NS7,Novi Sad 7 - Juzni Telep,20.0,1083543556,1.6756460000000006,0.08109958028753993,capacity-balanced inferred shortest-path assignment on OSM streets; not an as-built feeder
SYN-0450,220232167,Novi Sad 7 - Juzni Telep,NS7,NS7,Novi Sad 7 - Juzni Telep,20.0,11841446709,1.4956360000000006,0.08109958028753993,capacity-balanced inferred shortest-path assignment on OSM streets; not an as-built feeder
SYN-0452,220232167,Novi Sad 7 - Juzni Telep,NS7,NS7,Novi Sad 7 - Juzni Telep,20.0,11843053285,1.5451220000000003,0.08109958028753993,capacity-balanced inferred shortest-path assignment on OSM streets; not an as-built feeder
SYN-0455,220232167,Novi Sad 7 - Juzni Telep,NS7,NS7,Novi Sad 7 - Juzni Telep,20.0,1230711622,1.693192,0.08109958028753993,capacity-balanced inferred shortest-path assignment on OSM streets; not an as-built feeder
SYN-0456,220232167,Novi Sad 7 - Juzni Telep,NS7,NS7,Novi Sad 7 - Juzni Telep,20.0,11841305992,1.0813109999999997,0.08109958028753993,capacity-balanced inferred shortest-path assignment on OSM streets; not an as-built feeder
SYN-0458,220232167,Novi Sad 7 - Juzni Telep,NS7,NS7,Novi Sad 7 - Juzni Telep,20.0,1083543374,1.7340510000000002,0.08109958028753993,capacity-balanced inferred shortest-path assignment on OSM streets; not an as-built feeder
SYN-0463,220232167,Novi Sad 7 - Juzni Telep,NS7,NS7,Novi Sad 7 - Juzni Telep,20.0,8037905342,2.0196140000000002,0.08109958028753993,capacity-balanced inferred shortest-path assignment on OSM streets; not an as-built feeder
SYN-0469,220232167,Novi Sad 7 - Juzni Telep,NS7,NS7,Novi Sad 7 - Juzni Telep,20.0,3190672935,1.907494,0.08109958028753993,capacity-balanced inferred shortest-path assignment on OSM streets; not an as-built feeder
SYN-0471,220232167,Novi Sad 7 - Juzni Telep,NS7,NS7,Novi Sad 7 - Juzni Telep,20.0,1231084443,1.8062989999999997,0.08109958028753993,capacity-balanced inferred shortest-path assignment on OSM streets; not an as-built feeder
SYN-0472,220232167,Novi Sad 7 - Juzni Telep,NS7,NS7,Novi Sad 7 - Juzni Telep,20.0,8222135571,1.3686519999999998,0.08109958028753993,capacity-balanced inferred shortest-path assignment on OSM streets; not an as-built feeder
SYN-0478,220232167,Novi Sad 7 - Juzni Telep,NS7,NS7,Novi Sad 7 - Juzni Telep,20.0,8578971212,2.0834309999999996,0.08109958028753993,capacity-balanced inferred shortest-path assignment on OSM streets; not an as-built feeder
SYN-0479,220232167,Novi Sad 7 - Juzni Telep,NS7,NS7,Novi Sad 7 - Juzni Telep,20.0,3026990106,1.616939,0.08109958028753993,capacity-balanced inferred shortest-path assignment on OSM streets; not an as-built feeder
SYN-0480,220232167,Novi Sad 7 - Juzni Telep,NS7,NS7,Novi Sad 7 - Juzni Telep,20.0,3793891286,1.6736300000000004,0.08109958028753993,capacity-balanced inferred shortest-path assignment on OSM streets; not an as-built feeder
SYN-0481,220232167,Novi Sad 7 - Juzni Telep,NS7,NS7,Novi Sad 7 - Juzni Telep,20.0,1083543542,2.165279000000001,0.08109958028753993,capacity-balanced inferred shortest-path assignment on OSM streets; not an as-built feeder
SYN-0484,220232167,Novi Sad 7 - Juzni Telep,NS7,NS7,Novi Sad 7 - Juzni Telep,20.0,1231084361,2.2269830000000006,0.08109958028753993,capacity-balanced inferred shortest-path assignment on OSM streets; not an as-built feeder
SYN-0485,220232167,Novi Sad 7 - Juzni Telep,NS7,NS7,Novi Sad 7 - Juzni Telep,20.0,11888399210,1.982585000000001,0.08109958028753993,capacity-balanced inferred shortest-path assignment on OSM streets; not an as-built feeder
SYN-0492,220232167,Novi Sad 7 - Juzni Telep,NS7,NS7,Novi Sad 7 - Juzni Telep,20.0,11817261398,2.1261780000000003,0.08109958028753993,capacity-balanced inferred shortest-path assignment on OSM streets; not an as-built feeder
SYN-0493,220232167,Novi Sad 7 - Juzni Telep,NS7,NS7,Novi Sad 7 - Juzni Telep,20.0,6770731844,1.3971040000000003,0.08109958028753993,capacity-balanced inferred shortest-path assignment on OSM streets; not an as-built feeder
SYN-0495,220232167,Novi Sad 7 - Juzni Telep,NS7,NS7,Novi Sad 7 - Juzni Telep,20.0,11390262035,2.0233859999999995,0.08109958028753993,capacity-balanced inferred shortest-path assignment on OSM streets; not an as-built feeder
SYN-0496,220232167,Novi Sad 7 - Juzni Telep,NS7,NS7,Novi Sad 7 - Juzni Telep,20.0,3972275937,1.4192219999999998,0.08109958028753993,capacity-balanced inferred shortest-path assignment on OSM streets; not an as-built feeder
SYN-0499,220232167,Novi Sad 7 - Juzni Telep,NS7,NS7,Novi Sad 7 - Juzni Telep,20.0,11940499921,2.173486050060519,0.08109958028753993,capacity-balanced inferred shortest-path assignment on OSM streets; not an as-built feeder
SYN-0504,220232167,Novi Sad 7 - Juzni Telep,NS7,NS7,Novi Sad 7 - Juzni Telep,20.0,3792513491,1.7407190000000003,0.08109958028753993,capacity-balanced inferred shortest-path assignment on OSM streets; not an as-built feeder
SYN-0822,220232167,Novi Sad 7 - Juzni Telep,NS7,NS7,Novi Sad 7 - Juzni Telep,20.0,2953239448,2.7318689999999997,0.040788238943352026,capacity-balanced inferred shortest-path assignment on OSM streets; not an as-built feeder
SYN-0825,220232167,Novi Sad 7 - Juzni Telep,NS7,NS7,Novi Sad 7 - Juzni Telep,20.0,1533345626,1.1709390000000004,0.07809655377830817,capacity-balanced inferred shortest-path assignment on OSM streets; not an as-built feeder
SYN-0826,220232167,Novi Sad 7 - Juzni Telep,NS7,NS7,Novi Sad 7 - Juzni Telep,20.0,1561045481,1.25026,0.07809655377830817,capacity-balanced inferred shortest-path assignment on OSM streets; not an as-built feeder
SYN-1005,220232167,Novi Sad 7 - Juzni Telep,NS7,NS7,Novi Sad 7 - Juzni Telep,20.0,2189620570,1.533443000000001,0.03893826428527627,capacity-balanced inferred shortest-path assignment on OSM streets; not an as-built feeder
SYN-1006,220232167,Novi Sad 7 - Juzni Telep,NS7,NS7,Novi Sad 7 - Juzni Telep,20.0,2189620641,1.5786780000000007,0.03893826428527627,capacity-balanced inferred shortest-path assignment on OSM streets; not an as-built feeder
SYN-1039,220232167,Novi Sad 7 - Juzni Telep,NS7,NS7,Novi Sad 7 - Juzni Telep,20.0,319532838,2.467657050060519,0.07985936406469017,capacity-balanced inferred shortest-path assignment on OSM streets; not an as-built feeder
SYN-1040,220232167,Novi Sad 7 - Juzni Telep,NS7,NS7,Novi Sad 7 - Juzni Telep,20.0,1230566165,2.30643,0.07985936406469017,capacity-balanced inferred shortest-path assignment on OSM streets; not an as-built feeder
SYN-1041,220232167,Novi Sad 7 - Juzni Telep,NS7,NS7,Novi Sad 7 - Juzni Telep,20.0,2077437394,2.5273269999999997,0.07985936406469017,capacity-balanced inferred shortest-path assignment on OSM streets; not an as-built feeder
SYN-1042,220232167,Novi Sad 7 - Juzni Telep,NS7,NS7,Novi Sad 7 - Juzni Telep,20.0,319532838,2.467657050060519,0.07985936406469017,capacity-balanced inferred shortest-path assignment on OSM streets; not an as-built feeder
SYN-1043,220232167,Novi Sad 7 - Juzni Telep,NS7,NS7,Novi Sad 7 - Juzni Telep,20.0,7011779723,2.42416,0.07985936406469017,capacity-balanced inferred shortest-path assignment on OSM streets; not an as-built feeder
SYN-1044,220232167,Novi Sad 7 - Juzni Telep,NS7,NS7,Novi Sad 7 - Juzni Telep,20.0,7011779738,2.498834425786849,0.07985936406469017,capacity-balanced inferred shortest-path assignment on OSM streets; not an as-built feeder
SYN-1047,220232167,Novi Sad 7 - Juzni Telep,NS7,NS7,Novi Sad 7 - Juzni Telep,20.0,3040957093,2.498325,0.005593002919754803,capacity-balanced inferred shortest-path assignment on OSM streets; not an as-built feeder
SYN-1093,220232167,Novi Sad 7 - Juzni Telep,NS7,NS7,Novi Sad 7 - Juzni Telep,20.0,11346120762,2.6233109999999997,0.03667664044568542,capacity-balanced inferred shortest-path assignment on OSM streets; not an as-built feeder
SYN-1096,220232167,Novi Sad 7 - Juzni Telep,NS7,NS7,Novi Sad 7 - Juzni Telep,20.0,1077384864,2.356738,0.023003196486029148,capacity-balanced inferred shortest-path assignment on OSM streets; not an as-built feeder
SYN-1100,220232167,Novi Sad 7 - Juzni Telep,NS7,NS7,Novi Sad 7 - Juzni Telep,20.0,903304542,2.6056420000000013,0.09376068984254761,capacity-balanced inferred shortest-path assignment on OSM streets; not an as-built feeder
SYN-1103,220232167,Novi Sad 7 - Juzni Telep,NS7,NS7,Novi Sad 7 - Juzni Telep,20.0,903304564,3.0614280000000007,0.08593927035087974,capacity-balanced inferred shortest-path assignment on OSM streets; not an as-built feeder
SYN-1104,220232167,Novi Sad 7 - Juzni Telep,NS7,NS7,Novi Sad 7 - Juzni Telep,20.0,3608168026,3.1486130000000006,0.08593927035087974,capacity-balanced inferred shortest-path assignment on OSM streets; not an as-built feeder
SYN-1189,220232167,Novi Sad 7 - Juzni Telep,NS7,NS7,Novi Sad 7 - Juzni Telep,20.0,11127154626,2.045499,0.08165032184301015,capacity-balanced inferred shortest-path assignment on OSM streets; not an as-built feeder
SYN-1191,220232167,Novi Sad 7 - Juzni Telep,NS7,NS7,Novi Sad 7 - Juzni Telep,20.0,13260420199,2.3541299999999996,0.08165032184301015,capacity-balanced inferred shortest-path assignment on OSM streets; not an as-built feeder
SYN-1192,220232167,Novi Sad 7 - Juzni Telep,NS7,NS7,Novi Sad 7 - Juzni Telep,20.0,13831273768,2.1996090000000006,0.08165032184301015,capacity-balanced inferred shortest-path assignment on OSM streets; not an as-built feeder
SYN-1193,220232167,Novi Sad 7 - Juzni Telep,NS7,NS7,Novi Sad 7 - Juzni Telep,20.0,9643402240,2.4421070000000005,0.08165032184301015,capacity-balanced inferred shortest-path assignment on OSM streets; not an as-built feeder
SYN-1194,220232167,Novi Sad 7 - Juzni Telep,NS7,NS7,Novi Sad 7 - Juzni Telep,20.0,9819397834,2.22151,0.08165032184301015,capacity-balanced inferred shortest-path assignment on OSM streets; not an as-built feeder
SYN-1195,220232167,Novi Sad 7 - Juzni Telep,NS7,NS7,Novi Sad 7 - Juzni Telep,20.0,6793126665,1.7615739999999998,0.08165032184301015,capacity-balanced inferred shortest-path assignment on OSM streets; not an as-built feeder
SYN-1196,220232167,Novi Sad 7 - Juzni Telep,NS7,NS7,Novi Sad 7 - Juzni Telep,20.0,897250826,1.8982490000000003,0.08165032184301015,capacity-balanced inferred shortest-path assignment on OSM streets; not an as-built feeder
SYN-1197,220232167,Novi Sad 7 - Juzni Telep,NS7,NS7,Novi Sad 7 - Juzni Telep,20.0,520409581,2.029617,0.08165032184301015,capacity-balanced inferred shortest-path assignment on OSM streets; not an as-built feeder
SYN-1198,220232167,Novi Sad 7 - Juzni Telep,NS7,NS7,Novi Sad 7 - Juzni Telep,20.0,12874381582,2.1940450000000005,0.08165032184301015,capacity-balanced inferred shortest-path assignment on OSM streets; not an as-built feeder
SYN-1200,220232167,Novi Sad 7 - Juzni Telep,NS7,NS7,Novi Sad 7 - Juzni Telep,20.0,11336485732,2.296738,0.08165032184301015,capacity-balanced inferred shortest-path assignment on OSM streets; not an as-built feeder
SYN-1201,220232167,Novi Sad 7 - Juzni Telep,NS7,NS7,Novi Sad 7 - Juzni Telep,20.0,13971341230,1.922625,0.08165032184301015,capacity-balanced inferred shortest-path assignment on OSM streets; not an as-built feeder
SYN-1202,220232167,Novi Sad 7 - Juzni Telep,NS7,NS7,Novi Sad 7 - Juzni Telep,20.0,3945584879,2.241578,0.08165032184301015,capacity-balanced inferred shortest-path assignment on OSM streets; not an as-built feeder
SYN-1203,220232167,Novi Sad 7 - Juzni Telep,NS7,NS7,Novi Sad 7 - Juzni Telep,20.0,520409538,2.3773000000000013,0.08165032184301015,capacity-balanced inferred shortest-path assignment on OSM streets; not an as-built feeder
SYN-1204,220232167,Novi Sad 7 - Juzni Telep,NS7,NS7,Novi Sad 7 - Juzni Telep,20.0,520409562,2.2542459999999997,0.08165032184301015,capacity-balanced inferred shortest-path assignment on OSM streets; not an as-built feeder
SYN-1205,220232167,Novi Sad 7 - Juzni Telep,NS7,NS7,Novi Sad 7 - Juzni Telep,20.0,13599809988,2.2613449999999995,0.08165032184301015,capacity-balanced inferred shortest-path assignment on OSM streets; not an as-built feeder
SYN-1206,220232167,Novi Sad 7 - Juzni Telep,NS7,NS7,Novi Sad 7 - Juzni Telep,20.0,827323663,2.3020940000000003,0.08165032184301015,capacity-balanced inferred shortest-path assignment on OSM streets; not an as-built feeder
SYN-1207,220232167,Novi Sad 7 - Juzni Telep,NS7,NS7,Novi Sad 7 - Juzni Telep,20.0,13971341230,1.922625,0.08165032184301015,capacity-balanced inferred shortest-path assignment on OSM streets; not an as-built feeder
SYN-1209,220232167,Novi Sad 7 - Juzni Telep,NS7,NS7,Novi Sad 7 - Juzni Telep,20.0,904119349,1.6510710000000006,0.08165032184301015,capacity-balanced inferred shortest-path assignment on OSM streets; not an as-built feeder
SYN-1210,220232167,Novi Sad 7 - Juzni Telep,NS7,NS7,Novi Sad 7 - Juzni Telep,20.0,13831273770,2.1763040000000005,0.08165032184301015,capacity-balanced inferred shortest-path assignment on OSM streets; not an as-built feeder
SYN-1211,220232167,Novi Sad 7 - Juzni Telep,NS7,NS7,Novi Sad 7 - Juzni Telep,20.0,14066982328,1.5425830000000005,0.08165032184301015,capacity-balanced inferred shortest-path assignment on OSM streets; not an as-built feeder
SYN-1212,220232167,Novi Sad 7 - Juzni Telep,NS7,NS7,Novi Sad 7 - Juzni Telep,20.0,3945933010,1.9809689999999998,0.08165032184301015,capacity-balanced inferred shortest-path assignment on OSM streets; not an as-built feeder
SYN-1213,220232167,Novi Sad 7 - Juzni Telep,NS7,NS7,Novi Sad 7 - Juzni Telep,20.0,13260420199,2.3541299999999996,0.08165032184301015,capacity-balanced inferred shortest-path assignment on OSM streets; not an as-built feeder
SYN-1214,220232167,Novi Sad 7 - Juzni Telep,NS7,NS7,Novi Sad 7 - Juzni Telep,20.0,8086347303,2.5384840000000004,0.08165032184301015,capacity-balanced inferred shortest-path assignment on OSM streets; not an as-built feeder
SYN-1215,220232167,Novi Sad 7 - Juzni Telep,NS7,NS7,Novi Sad 7 - Juzni Telep,20.0,1229588776,2.286916,0.08165032184301015,capacity-balanced inferred shortest-path assignment on OSM streets; not an as-built feeder
SYN-1216,220232167,Novi Sad 7 - Juzni Telep,NS7,NS7,Novi Sad 7 - Juzni Telep,20.0,61963554,2.5526120000000003,0.08165032184301015,capacity-balanced inferred shortest-path assignment on OSM streets; not an as-built feeder
SYN-1218,220232167,Novi Sad 7 - Juzni Telep,NS7,NS7,Novi Sad 7 - Juzni Telep,20.0,2189620691,2.069064,0.08165032184301015,capacity-balanced inferred shortest-path assignment on OSM streets; not an as-built feeder
SYN-1222,220232167,Novi Sad 7 - Juzni Telep,NS7,NS7,Novi Sad 7 - Juzni Telep,20.0,522035718,2.0889770000000003,0.08909707364822698,capacity-balanced inferred shortest-path assignment on OSM streets; not an as-built feeder
SYN-1223,220232167,Novi Sad 7 - Juzni Telep,NS7,NS7,Novi Sad 7 - Juzni Telep,20.0,522035718,2.0889770000000003,0.08909707364822698,capacity-balanced inferred shortest-path assignment on OSM streets; not an as-built feeder
SYN-1224,220232167,Novi Sad 7 - Juzni Telep,NS7,NS7,Novi Sad 7 - Juzni Telep,20.0,3874456899,2.2603340000000003,0.08220199593446417,capacity-balanced inferred shortest-path assignment on OSM streets; not an as-built feeder
SYN-1225,220232167,Novi Sad 7 - Juzni Telep,NS7,NS7,Novi Sad 7 - Juzni Telep,20.0,2351100798,2.0000020000000003,0.08220199593446417,capacity-balanced inferred shortest-path assignment on OSM streets; not an as-built feeder
SYN-1226,220232167,Novi Sad 7 - Juzni Telep,NS7,NS7,Novi Sad 7 - Juzni Telep,20.0,14112119866,1.8713600000000006,0.08220199593446417,capacity-balanced inferred shortest-path assignment on OSM streets; not an as-built feeder
SYN-1227,220232167,Novi Sad 7 - Juzni Telep,NS7,NS7,Novi Sad 7 - Juzni Telep,20.0,8146394091,1.7724680000000008,0.08220199593446417,capacity-balanced inferred shortest-path assignment on OSM streets; not an as-built feeder
SYN-1228,220232167,Novi Sad 7 - Juzni Telep,NS7,NS7,Novi Sad 7 - Juzni Telep,20.0,2984256162,1.7562450000000005,0.08220199593446417,capacity-balanced inferred shortest-path assignment on OSM streets; not an as-built feeder
SYN-1229,220232167,Novi Sad 7 - Juzni Telep,NS7,NS7,Novi Sad 7 - Juzni Telep,20.0,3874456884,2.0084530000000003,0.08220199593446417,capacity-balanced inferred shortest-path assignment on OSM streets; not an as-built feeder
SYN-1230,220232167,Novi Sad 7 - Juzni Telep,NS7,NS7,Novi Sad 7 - Juzni Telep,20.0,1596130083,2.075734,0.08220199593446417,capacity-balanced inferred shortest-path assignment on OSM streets; not an as-built feeder
SYN-1231,220232167,Novi Sad 7 - Juzni Telep,NS7,NS7,Novi Sad 7 - Juzni Telep,20.0,3637195532,2.6156119999999996,0.08220199593446417,capacity-balanced inferred shortest-path assignment on OSM streets; not an as-built feeder
SYN-1232,220232167,Novi Sad 7 - Juzni Telep,NS7,NS7,Novi Sad 7 - Juzni Telep,20.0,14120624325,2.6250179999999994,0.08220199593446417,capacity-balanced inferred shortest-path assignment on OSM streets; not an as-built feeder
SYN-1233,220232167,Novi Sad 7 - Juzni Telep,NS7,NS7,Novi Sad 7 - Juzni Telep,20.0,563365003,1.5692090000000005,0.08220199593446417,capacity-balanced inferred shortest-path assignment on OSM streets; not an as-built feeder
SYN-1234,220232167,Novi Sad 7 - Juzni Telep,NS7,NS7,Novi Sad 7 - Juzni Telep,20.0,13071765808,1.5507760000000006,0.08220199593446417,capacity-balanced inferred shortest-path assignment on OSM streets; not an as-built feeder
SYN-1235,220232167,Novi Sad 7 - Juzni Telep,NS7,NS7,Novi Sad 7 - Juzni Telep,20.0,14072391485,2.478185,0.08220199593446417,capacity-balanced inferred shortest-path assignment on OSM streets; not an as-built feeder
SYN-1236,220232167,Novi Sad 7 - Juzni Telep,NS7,NS7,Novi Sad 7 - Juzni Telep,20.0,2351100778,1.6998130000000007,0.08220199593446417,capacity-balanced inferred shortest-path assignment on OSM streets; not an as-built feeder
SYN-1237,220232167,Novi Sad 7 - Juzni Telep,NS7,NS7,Novi Sad 7 - Juzni Telep,20.0,3874456844,1.9072610000000005,0.08220199593446417,capacity-balanced inferred shortest-path assignment on OSM streets; not an as-built feeder
SYN-1238,220232167,Novi Sad 7 - Juzni Telep,NS7,NS7,Novi Sad 7 - Juzni Telep,20.0,2983831600,2.5576580000000004,0.08220199593446417,capacity-balanced inferred shortest-path assignment on OSM streets; not an as-built feeder
SYN-1239,220232167,Novi Sad 7 - Juzni Telep,NS7,NS7,Novi Sad 7 - Juzni Telep,20.0,2351098408,1.9656290000000003,0.08220199593446417,capacity-balanced inferred shortest-path assignment on OSM streets; not an as-built feeder
SYN-1240,220232167,Novi Sad 7 - Juzni Telep,NS7,NS7,Novi Sad 7 - Juzni Telep,20.0,2351100778,1.6998130000000007,0.08220199593446417,capacity-balanced inferred shortest-path assignment on OSM streets; not an as-built feeder
SYN-1241,220232167,Novi Sad 7 - Juzni Telep,NS7,NS7,Novi Sad 7 - Juzni Telep,20.0,13321597734,2.076320000000001,0.08220199593446417,capacity-balanced inferred shortest-path assignment on OSM streets; not an as-built feeder
SYN-1242,220232167,Novi Sad 7 - Juzni Telep,NS7,NS7,Novi Sad 7 - Juzni Telep,20.0,3874456836,1.9109850000000006,0.08220199593446417,capacity-balanced inferred shortest-path assignment on OSM streets; not an as-built feeder
SYN-1243,220232167,Novi Sad 7 - Juzni Telep,NS7,NS7,Novi Sad 7 - Juzni Telep,20.0,2309539803,2.296501,0.08220199593446417,capacity-balanced inferred shortest-path assignment on OSM streets; not an as-built feeder
SYN-1244,220232167,Novi Sad 7 - Juzni Telep,NS7,NS7,Novi Sad 7 - Juzni Telep,20.0,60704591,1.5762520000000007,0.08220199593446417,capacity-balanced inferred shortest-path assignment on OSM streets; not an as-built feeder
SYN-1273,220232167,Novi Sad 7 - Juzni Telep,NS7,NS7,Novi Sad 7 - Juzni Telep,20.0,11931087436,2.699653,0.05028076945182173,capacity-balanced inferred shortest-path assignment on OSM streets; not an as-built feeder
SYN-1275,220232167,Novi Sad 7 - Juzni Telep,NS7,NS7,Novi Sad 7 - Juzni Telep,20.0,1231084389,2.3190060000000003,0.04809024393287133,capacity-balanced inferred shortest-path assignment on OSM streets; not an as-built feeder
SYN-1276,220232167,Novi Sad 7 - Juzni Telep,NS7,NS7,Novi Sad 7 - Juzni Telep,20.0,13970884210,3.854614,0.08327225010919932,capacity-balanced inferred shortest-path assignment on OSM streets; not an as-built feeder
SYN-1280,220232167,Novi Sad 7 - Juzni Telep,NS7,NS7,Novi Sad 7 - Juzni Telep,20.0,13829878915,4.015829,0.08327225010919932,capacity-balanced inferred shortest-path assignment on OSM streets; not an as-built feeder
SYN-1281,220232167,Novi Sad 7 - Juzni Telep,NS7,NS7,Novi Sad 7 - Juzni Telep,20.0,2966014411,3.947829,0.08327225010919932,capacity-balanced inferred shortest-path assignment on OSM streets; not an as-built feeder
SYN-1284,220232167,Novi Sad 7 - Juzni Telep,NS7,NS7,Novi Sad 7 - Juzni Telep,20.0,2966014412,4.043706,0.08327225010919932,capacity-balanced inferred shortest-path assignment on OSM streets; not an as-built feeder
SYN-1293,220232167,Novi Sad 7 - Juzni Telep,NS7,NS7,Novi Sad 7 - Juzni Telep,20.0,1233028589,3.867252000000001,0.08327225010919932,capacity-balanced inferred shortest-path assignment on OSM streets; not an as-built feeder
SYN-1296,220232167,Novi Sad 7 - Juzni Telep,NS7,NS7,Novi Sad 7 - Juzni Telep,20.0,2966014200,3.833739000000001,0.08327225010919932,capacity-balanced inferred shortest-path assignment on OSM streets; not an as-built feeder
SYN-1297,220232167,Novi Sad 7 - Juzni Telep,NS7,NS7,Novi Sad 7 - Juzni Telep,20.0,3896615292,3.876993000000001,0.08327225010919932,capacity-balanced inferred shortest-path assignment on OSM streets; not an as-built feeder
SYN-1325,220232167,Novi Sad 7 - Juzni Telep,NS7,NS7,Novi Sad 7 - Juzni Telep,20.0,11891415110,5.171396000000002,0.08254392043616059,capacity-balanced inferred shortest-path assignment on OSM streets; not an as-built feeder
SYN-1330,220232167,Novi Sad 7 - Juzni Telep,NS7,NS7,Novi Sad 7 - Juzni Telep,20.0,11931467441,4.781258000000002,0.08254392043616059,capacity-balanced inferred shortest-path assignment on OSM streets; not an as-built feeder
SYN-1332,220232167,Novi Sad 7 - Juzni Telep,NS7,NS7,Novi Sad 7 - Juzni Telep,20.0,11891415108,5.174915000000001,0.08254392043616059,capacity-balanced inferred shortest-path assignment on OSM streets; not an as-built feeder
SYN-1334,220232167,Novi Sad 7 - Juzni Telep,NS7,NS7,Novi Sad 7 - Juzni Telep,20.0,13088019761,4.933269999999999,0.08254392043616059,capacity-balanced inferred shortest-path assignment on OSM streets; not an as-built feeder
SYN-1336,220232167,Novi Sad 7 - Juzni Telep,NS7,NS7,Novi Sad 7 - Juzni Telep,20.0,3008608128,5.2522660000000005,0.08254392043616059,capacity-balanced inferred shortest-path assignment on OSM streets; not an as-built feeder
SYN-1338,220232167,Novi Sad 7 - Juzni Telep,NS7,NS7,Novi Sad 7 - Juzni Telep,20.0,13147933976,5.309066999999998,0.08254392043616059,capacity-balanced inferred shortest-path assignment on OSM streets; not an as-built feeder
SYN-1531,220232167,Novi Sad 7 - Juzni Telep,NS7,NS7,Novi Sad 7 - Juzni Telep,20.0,2972771768,3.8546620000000007,0.0839865980313222,capacity-balanced inferred shortest-path assignment on OSM streets; not an as-built feeder
SYN-1532,220232167,Novi Sad 7 - Juzni Telep,NS7,NS7,Novi Sad 7 - Juzni Telep,20.0,2973179534,3.7455570000000007,0.0839865980313222,capacity-balanced inferred shortest-path assignment on OSM streets; not an as-built feeder
SYN-1533,220232167,Novi Sad 7 - Juzni Telep,NS7,NS7,Novi Sad 7 - Juzni Telep,20.0,13826797031,3.6818940000000007,0.0839865980313222,capacity-balanced inferred shortest-path assignment on OSM streets; not an as-built feeder
SYN-1534,220232167,Novi Sad 7 - Juzni Telep,NS7,NS7,Novi Sad 7 - Juzni Telep,20.0,553543807,3.679983000000001,0.0839865980313222,capacity-balanced inferred shortest-path assignment on OSM streets; not an as-built feeder
SYN-1535,220232167,Novi Sad 7 - Juzni Telep,NS7,NS7,Novi Sad 7 - Juzni Telep,20.0,553536320,3.5525160000000016,0.0839865980313222,capacity-balanced inferred shortest-path assignment on OSM streets; not an as-built feeder
SYN-1536,220232167,Novi Sad 7 - Juzni Telep,NS7,NS7,Novi Sad 7 - Juzni Telep,20.0,60701306,3.616531000000001,0.0839865980313222,capacity-balanced inferred shortest-path assignment on OSM streets; not an as-built feeder
SYN-1537,220232167,Novi Sad 7 - Juzni Telep,NS7,NS7,Novi Sad 7 - Juzni Telep,20.0,3895141604,3.3065870000000013,0.0839865980313222,capacity-balanced inferred shortest-path assignment on OSM streets; not an as-built feeder
SYN-1538,220232167,Novi Sad 7 - Juzni Telep,NS7,NS7,Novi Sad 7 - Juzni Telep,20.0,13612489772,3.6672130000000007,0.0839865980313222,capacity-balanced inferred shortest-path assignment on OSM streets; not an as-built feeder
SYN-1539,220232167,Novi Sad 7 - Juzni Telep,NS7,NS7,Novi Sad 7 - Juzni Telep,20.0,553536357,3.6220000000000008,0.0839865980313222,capacity-balanced inferred shortest-path assignment on OSM streets; not an as-built feeder
SYN-1540,220232167,Novi Sad 7 - Juzni Telep,NS7,NS7,Novi Sad 7 - Juzni Telep,20.0,11166945089,3.382521000000001,0.0839865980313222,capacity-balanced inferred shortest-path assignment on OSM streets; not an as-built feeder
SYN-1541,220232167,Novi Sad 7 - Juzni Telep,NS7,NS7,Novi Sad 7 - Juzni Telep,20.0,12439543928,3.6243920000000007,0.0839865980313222,capacity-balanced inferred shortest-path assignment on OSM streets; not an as-built feeder
SYN-1727,220232167,Novi Sad 7 - Juzni Telep,NS7,NS7,Novi Sad 7 - Juzni Telep,20.0,1205713400,7.029887999999996,0.08201334189745285,capacity-balanced inferred shortest-path assignment on OSM streets; not an as-built feeder
SYN-1729,220232167,Novi Sad 7 - Juzni Telep,NS7,NS7,Novi Sad 7 - Juzni Telep,20.0,1207173059,7.374403999999996,0.08201334189745285,capacity-balanced inferred shortest-path assignment on OSM streets; not an as-built feeder
SYN-1731,220232167,Novi Sad 7 - Juzni Telep,NS7,NS7,Novi Sad 7 - Juzni Telep,20.0,3215487974,7.112098999999995,0.08201334189745285,capacity-balanced inferred shortest-path assignment on OSM streets; not an as-built feeder
SYN-1732,220232167,Novi Sad 7 - Juzni Telep,NS7,NS7,Novi Sad 7 - Juzni Telep,20.0,2683243692,7.336131999999996,0.08201334189745285,capacity-balanced inferred shortest-path assignment on OSM streets; not an as-built feeder
SYN-1735,220232167,Novi Sad 7 - Juzni Telep,NS7,NS7,Novi Sad 7 - Juzni Telep,20.0,2683243689,7.250515999999996,0.08201334189745285,capacity-balanced inferred shortest-path assignment on OSM streets; not an as-built feeder
SYN-1739,220232167,Novi Sad 7 - Juzni Telep,NS7,NS7,Novi Sad 7 - Juzni Telep,20.0,11541129691,7.490199999999996,0.08201334189745285,capacity-balanced inferred shortest-path assignment on OSM streets; not an as-built feeder
SYN-1740,220232167,Novi Sad 7 - Juzni Telep,NS7,NS7,Novi Sad 7 - Juzni Telep,20.0,3062163473,7.432880999999996,0.08201334189745285,capacity-balanced inferred shortest-path assignment on OSM streets; not an as-built feeder
SYN-1744,220232167,Novi Sad 7 - Juzni Telep,NS7,NS7,Novi Sad 7 - Juzni Telep,20.0,10979462167,6.784433999999996,0.08201334189745285,capacity-balanced inferred shortest-path assignment on OSM streets; not an as-built feeder
SYN-1747,220232167,Novi Sad 7 - Juzni Telep,NS7,NS7,Novi Sad 7 - Juzni Telep,20.0,1205713558,7.130795999999996,0.08201334189745285,capacity-balanced inferred shortest-path assignment on OSM streets; not an as-built feeder
SYN-1752,220232167,Novi Sad 7 - Juzni Telep,NS7,NS7,Novi Sad 7 - Juzni Telep,20.0,6804836905,6.911674999999995,0.08201334189745285,capacity-balanced inferred shortest-path assignment on OSM streets; not an as-built feeder
SYN-1754,220232167,Novi Sad 7 - Juzni Telep,NS7,NS7,Novi Sad 7 - Juzni Telep,20.0,3625370708,7.409650999999994,0.08201334189745285,capacity-balanced inferred shortest-path assignment on OSM streets; not an as-built feeder
SYN-1793,220232167,Novi Sad 7 - Juzni Telep,NS7,NS7,Novi Sad 7 - Juzni Telep,20.0,7035901628,2.317752000000001,0.016779959133836234,capacity-balanced inferred shortest-path assignment on OSM streets; not an as-built feeder
SYN-1934,220232167,Novi Sad 7 - Juzni Telep,NS7,NS7,Novi Sad 7 - Juzni Telep,20.0,13834308146,2.6505539999999996,0.08199419236939445,capacity-balanced inferred shortest-path assignment on OSM streets; not an as-built feeder
SYN-1935,220232167,Novi Sad 7 - Juzni Telep,NS7,NS7,Novi Sad 7 - Juzni Telep,20.0,2285512350,2.7907260000000003,0.08199419236939445,capacity-balanced inferred shortest-path assignment on OSM streets; not an as-built feeder
SYN-1937,220232167,Novi Sad 7 - Juzni Telep,NS7,NS7,Novi Sad 7 - Juzni Telep,20.0,2285509247,2.675937,0.08199419236939445,capacity-balanced inferred shortest-path assignment on OSM streets; not an as-built feeder
SYN-1939,220232167,Novi Sad 7 - Juzni Telep,NS7,NS7,Novi Sad 7 - Juzni Telep,20.0,10293895244,2.7725149999999994,0.08199419236939445,capacity-balanced inferred shortest-path assignment on OSM streets; not an as-built feeder
SYN-1940,220232167,Novi Sad 7 - Juzni Telep,NS7,NS7,Novi Sad 7 - Juzni Telep,20.0,7244718239,2.6655700000000007,0.08199419236939445,capacity-balanced inferred shortest-path assignment on OSM streets; not an as-built feeder
SYN-1942,220232167,Novi Sad 7 - Juzni Telep,NS7,NS7,Novi Sad 7 - Juzni Telep,20.0,13149575683,2.695609000000001,0.08199419236939445,capacity-balanced inferred shortest-path assignment on OSM streets; not an as-built feeder
SYN-1943,220232167,Novi Sad 7 - Juzni Telep,NS7,NS7,Novi Sad 7 - Juzni Telep,20.0,10293864875,2.7954209999999993,0.08199419236939445,capacity-balanced inferred shortest-path assignment on OSM streets; not an as-built feeder
SYN-1944,220232167,Novi Sad 7 - Juzni Telep,NS7,NS7,Novi Sad 7 - Juzni Telep,20.0,3864021542,2.547986000000001,0.08199419236939445,capacity-balanced inferred shortest-path assignment on OSM streets; not an as-built feeder
SYN-1945,220232167,Novi Sad 7 - Juzni Telep,NS7,NS7,Novi Sad 7 - Juzni Telep,20.0,13834491026,2.5564080000000002,0.08199419236939445,capacity-balanced inferred shortest-path assignment on OSM streets; not an as-built feeder
SYN-1946,220232167,Novi Sad 7 - Juzni Telep,NS7,NS7,Novi Sad 7 - Juzni Telep,20.0,13834491010,2.4857289999999996,0.08199419236939445,capacity-balanced inferred shortest-path assignment on OSM streets; not an as-built feeder
SYN-1947,220232167,Novi Sad 7 - Juzni Telep,NS7,NS7,Novi Sad 7 - Juzni Telep,20.0,1446736292,2.5271340000000007,0.08199419236939445,capacity-balanced inferred shortest-path assignment on OSM streets; not an as-built feeder
SYN-1948,220232167,Novi Sad 7 - Juzni Telep,NS7,NS7,Novi Sad 7 - Juzni Telep,20.0,532559499,2.5017310000000013,0.08199419236939445,capacity-balanced inferred shortest-path assignment on OSM streets; not an as-built feeder
SYN-1949,220232167,Novi Sad 7 - Juzni Telep,NS7,NS7,Novi Sad 7 - Juzni Telep,20.0,3872511688,2.7545970000000004,0.08199419236939445,capacity-balanced inferred shortest-path assignment on OSM streets; not an as-built feeder
SYN-1950,220232167,Novi Sad 7 - Juzni Telep,NS7,NS7,Novi Sad 7 - Juzni Telep,20.0,7714375996,2.669810999999999,0.08199419236939445,capacity-balanced inferred shortest-path assignment on OSM streets; not an as-built feeder
SYN-1952,220232167,Novi Sad 7 - Juzni Telep,NS7,NS7,Novi Sad 7 - Juzni Telep,20.0,8090632480,2.7985500000000005,0.08199419236939445,capacity-balanced inferred shortest-path assignment on OSM streets; not an as-built feeder
SYN-1953,220232167,Novi Sad 7 - Juzni Telep,NS7,NS7,Novi Sad 7 - Juzni Telep,20.0,13149575682,2.6253410000000006,0.08199419236939445,capacity-balanced inferred shortest-path assignment on OSM streets; not an as-built feeder
SYN-1954,220232167,Novi Sad 7 - Juzni Telep,NS7,NS7,Novi Sad 7 - Juzni Telep,20.0,11894043906,2.5769569999999997,0.08199419236939445,capacity-balanced inferred shortest-path assignment on OSM streets; not an as-built feeder
SYN-1955,220232167,Novi Sad 7 - Juzni Telep,NS7,NS7,Novi Sad 7 - Juzni Telep,20.0,2320631769,2.643964,0.08199419236939445,capacity-balanced inferred shortest-path assignment on OSM streets; not an as-built feeder
SYN-1985,220232167,Novi Sad 7 - Juzni Telep,NS7,NS7,Novi Sad 7 - Juzni Telep,20.0,6777999546,3.825374,0.08142540794124,capacity-balanced inferred shortest-path assignment on OSM streets; not an as-built feeder
SYN-1986,220232167,Novi Sad 7 - Juzni Telep,NS7,NS7,Novi Sad 7 - Juzni Telep,20.0,3181852247,3.011398,0.08142540794124,capacity-balanced inferred shortest-path assignment on OSM streets; not an as-built feeder
SYN-1987,220232167,Novi Sad 7 - Juzni Telep,NS7,NS7,Novi Sad 7 - Juzni Telep,20.0,3188396492,2.68731,0.08142540794124,capacity-balanced inferred shortest-path assignment on OSM streets; not an as-built feeder
SYN-1997,220232167,Novi Sad 7 - Juzni Telep,NS7,NS7,Novi Sad 7 - Juzni Telep,20.0,3179293051,2.194842,0.08214364961638476,capacity-balanced inferred shortest-path assignment on OSM streets; not an as-built feeder
SYN-1999,220232167,Novi Sad 7 - Juzni Telep,NS7,NS7,Novi Sad 7 - Juzni Telep,20.0,3179292991,2.3696889999999997,0.08214364961638476,capacity-balanced inferred shortest-path assignment on OSM streets; not an as-built feeder
SYN-2010,220232167,Novi Sad 7 - Juzni Telep,NS7,NS7,Novi Sad 7 - Juzni Telep,20.0,3696097818,1.260193,0.10329029706510526,capacity-balanced inferred shortest-path assignment on OSM streets; not an as-built feeder
SYN-2021,220232167,Novi Sad 7 - Juzni Telep,NS7,NS7,Novi Sad 7 - Juzni Telep,20.0,11942921549,0.7685329999999999,0.11311343159428675,capacity-balanced inferred shortest-path assignment on OSM streets; not an as-built feeder
SYN-2022,220232167,Novi Sad 7 - Juzni Telep,NS7,NS7,Novi Sad 7 - Juzni Telep,20.0,986912884,0.8469220000000001,0.11311343159428675,capacity-balanced inferred shortest-path assignment on OSM streets; not an as-built feeder
SYN-2040,220232167,Novi Sad 7 - Juzni Telep,NS7,NS7,Novi Sad 7 - Juzni Telep,20.0,13174661512,0.705182,0.08333899777151182,capacity-balanced inferred shortest-path assignment on OSM streets; not an as-built feeder
SYN-2041,220232167,Novi Sad 7 - Juzni Telep,NS7,NS7,Novi Sad 7 - Juzni Telep,20.0,11945506747,0.661166,0.08333899777151182,capacity-balanced inferred shortest-path assignment on OSM streets; not an as-built feeder
SYN-2042,220232167,Novi Sad 7 - Juzni Telep,NS7,NS7,Novi Sad 7 - Juzni Telep,20.0,8130213350,0.363218,0.08333899777151182,capacity-balanced inferred shortest-path assignment on OSM streets; not an as-built feeder
SYN-2043,220232167,Novi Sad 7 - Juzni Telep,NS7,NS7,Novi Sad 7 - Juzni Telep,20.0,8130213350,0.363218,0.08333899777151182,capacity-balanced inferred shortest-path assignment on OSM streets; not an as-built feeder
SYN-2044,220232167,Novi Sad 7 - Juzni Telep,NS7,NS7,Novi Sad 7 - Juzni Telep,20.0,1602839675,0.9594854064671625,0.08333899777151182,capacity-balanced inferred shortest-path assignment on OSM streets; not an as-built feeder
SYN-2045,220232167,Novi Sad 7 - Juzni Telep,NS7,NS7,Novi Sad 7 - Juzni Telep,20.0,2953240860,0.9870880000000001,0.08333899777151182,capacity-balanced inferred shortest-path assignment on OSM streets; not an as-built feeder
SYN-2046,220232167,Novi Sad 7 - Juzni Telep,NS7,NS7,Novi Sad 7 - Juzni Telep,20.0,8130213356,0.3826899999999999,0.08333899777151182,capacity-balanced inferred shortest-path assignment on OSM streets; not an as-built feeder
SYN-2047,220232167,Novi Sad 7 - Juzni Telep,NS7,NS7,Novi Sad 7 - Juzni Telep,20.0,8612313712,0.9083630000000001,0.08333899777151182,capacity-balanced inferred shortest-path assignment on OSM streets; not an as-built feeder
SYN-2048,220232167,Novi Sad 7 - Juzni Telep,NS7,NS7,Novi Sad 7 - Juzni Telep,20.0,13157049913,0.9454530000000001,0.08333899777151182,capacity-balanced inferred shortest-path assignment on OSM streets; not an as-built feeder
SYN-2049,220232167,Novi Sad 7 - Juzni Telep,NS7,NS7,Novi Sad 7 - Juzni Telep,20.0,11948700539,1.1696864064671624,0.08333899777151182,capacity-balanced inferred shortest-path assignment on OSM streets; not an as-built feeder
SYN-2050,220232167,Novi Sad 7 - Juzni Telep,NS7,NS7,Novi Sad 7 - Juzni Telep,20.0,2293614535,0.718578,0.08333899777151182,capacity-balanced inferred shortest-path assignment on OSM streets; not an as-built feeder
SYN-2051,220232167,Novi Sad 7 - Juzni Telep,NS7,NS7,Novi Sad 7 - Juzni Telep,20.0,2320706125,1.219227,0.08333899777151182,capacity-balanced inferred shortest-path assignment on OSM streets; not an as-built feeder
SYN-2052,220232167,Novi Sad 7 - Juzni Telep,NS7,NS7,Novi Sad 7 - Juzni Telep,20.0,11945959226,0.9605320000000002,0.08333899777151182,capacity-balanced inferred shortest-path assignment on OSM streets; not an as-built feeder
SYN-2053,220232167,Novi Sad 7 - Juzni Telep,NS7,NS7,Novi Sad 7 - Juzni Telep,20.0,11948700540,1.1911004064671624,0.08333899777151182,capacity-balanced inferred shortest-path assignment on OSM streets; not an as-built feeder
SYN-2054,220232167,Novi Sad 7 - Juzni Telep,NS7,NS7,Novi Sad 7 - Juzni Telep,20.0,11085507461,0.480346,0.08333899777151182,capacity-balanced inferred shortest-path assignment on OSM streets; not an as-built feeder
SYN-2055,220232167,Novi Sad 7 - Juzni Telep,NS7,NS7,Novi Sad 7 - Juzni Telep,20.0,11841321799,0.42534999999999995,0.08333899777151182,capacity-balanced inferred shortest-path assignment on OSM streets; not an as-built feeder
SYN-2056,220232167,Novi Sad 7 - Juzni Telep,NS7,NS7,Novi Sad 7 - Juzni Telep,20.0,899449325,1.0274914064671625,0.08333899777151182,capacity-balanced inferred shortest-path assignment on OSM streets; not an as-built feeder
SYN-2057,220232167,Novi Sad 7 - Juzni Telep,NS7,NS7,Novi Sad 7 - Juzni Telep,20.0,2320706117,1.3371120000000003,0.08333899777151182,capacity-balanced inferred shortest-path assignment on OSM streets; not an as-built feeder
SYN-2058,220232167,Novi Sad 7 - Juzni Telep,NS7,NS7,Novi Sad 7 - Juzni Telep,20.0,3092047589,1.012225,0.08333899777151182,capacity-balanced inferred shortest-path assignment on OSM streets; not an as-built feeder
SYN-2059,220232167,Novi Sad 7 - Juzni Telep,NS7,NS7,Novi Sad 7 - Juzni Telep,20.0,1602839685,1.1034434064671625,0.08333899777151182,capacity-balanced inferred shortest-path assignment on OSM streets; not an as-built feeder
SYN-2060,220232167,Novi Sad 7 - Juzni Telep,NS7,NS7,Novi Sad 7 - Juzni Telep,20.0,904119266,0.620566,0.08333899777151182,capacity-balanced inferred shortest-path assignment on OSM streets; not an as-built feeder
SYN-2061,220232167,Novi Sad 7 - Juzni Telep,NS7,NS7,Novi Sad 7 - Juzni Telep,20.0,11945506748,0.591041,0.08333899777151182,capacity-balanced inferred shortest-path assignment on OSM streets; not an as-built feeder
SYN-2062,220232167,Novi Sad 7 - Juzni Telep,NS7,NS7,Novi Sad 7 - Juzni Telep,20.0,13663747472,1.2198184064671627,0.08333899777151182,capacity-balanced inferred shortest-path assignment on OSM streets; not an as-built feeder
SYN-2063,220232167,Novi Sad 7 - Juzni Telep,NS7,NS7,Novi Sad 7 - Juzni Telep,20.0,11841258524,1.118371,0.08333899777151182,capacity-balanced inferred shortest-path assignment on OSM streets; not an as-built feeder
SYN-2064,220232167,Novi Sad 7 - Juzni Telep,NS7,NS7,Novi Sad 7 - Juzni Telep,20.0,11841258524,1.118371,0.08333899777151182,capacity-balanced inferred shortest-path assignment on OSM streets; not an as-built feeder
SYN-2065,220232167,Novi Sad 7 - Juzni Telep,NS7,NS7,Novi Sad 7 - Juzni Telep,20.0,11841321797,0.5455549999999999,0.08333899777151182,capacity-balanced inferred shortest-path assignment on OSM streets; not an as-built feeder
SYN-2066,220232167,Novi Sad 7 - Juzni Telep,NS7,NS7,Novi Sad 7 - Juzni Telep,20.0,60885068,0.36575599999999997,0.08333899777151182,capacity-balanced inferred shortest-path assignment on OSM streets; not an as-built feeder
SYN-2067,220232167,Novi Sad 7 - Juzni Telep,NS7,NS7,Novi Sad 7 - Juzni Telep,20.0,11945959227,1.0356,0.08333899777151182,capacity-balanced inferred shortest-path assignment on OSM streets; not an as-built feeder
SYN-2068,220232167,Novi Sad 7 - Juzni Telep,NS7,NS7,Novi Sad 7 - Juzni Telep,20.0,12657386986,0.9983150000000001,0.07950704213402733,capacity-balanced inferred shortest-path assignment on OSM streets; not an as-built feeder
SYN-2069,220232167,Novi Sad 7 - Juzni Telep,NS7,NS7,Novi Sad 7 - Juzni Telep,20.0,986912895,0.9626500000000001,0.07950704213402733,capacity-balanced inferred shortest-path assignment on OSM streets; not an as-built feeder
SYN-2070,220232167,Novi Sad 7 - Juzni Telep,NS7,NS7,Novi Sad 7 - Juzni Telep,20.0,986912959,0.4856929999999999,0.08174819663483025,capacity-balanced inferred shortest-path assignment on OSM streets; not an as-built feeder
SYN-2071,220232167,Novi Sad 7 - Juzni Telep,NS7,NS7,Novi Sad 7 - Juzni Telep,20.0,1575230924,0.9086660000000002,0.08174819663483025,capacity-balanced inferred shortest-path assignment on OSM streets; not an as-built feeder
SYN-2072,220232167,Novi Sad 7 - Juzni Telep,NS7,NS7,Novi Sad 7 - Juzni Telep,20.0,3783392864,0.512678,0.08174819663483025,capacity-balanced inferred shortest-path assignment on OSM streets; not an as-built feeder
SYN-2073,220232167,Novi Sad 7 - Juzni Telep,NS7,NS7,Novi Sad 7 - Juzni Telep,20.0,12126210688,0.960412,0.08174819663483025,capacity-balanced inferred shortest-path assignment on OSM streets; not an as-built feeder
SYN-2074,220232167,Novi Sad 7 - Juzni Telep,NS7,NS7,Novi Sad 7 - Juzni Telep,20.0,363661662,1.0024380000000002,0.08174819663483025,capacity-balanced inferred shortest-path assignment on OSM streets; not an as-built feeder
SYN-2075,220232167,Novi Sad 7 - Juzni Telep,NS7,NS7,Novi Sad 7 - Juzni Telep,20.0,11841044214,0.42588799999999993,0.08174819663483025,capacity-balanced inferred shortest-path assignment on OSM streets; not an as-built feeder
SYN-2076,220232167,Novi Sad 7 - Juzni Telep,NS7,NS7,Novi Sad 7 - Juzni Telep,20.0,2769744063,0.9977870000000002,0.08174819663483025,capacity-balanced inferred shortest-path assignment on OSM streets; not an as-built feeder
SYN-2077,220232167,Novi Sad 7 - Juzni Telep,NS7,NS7,Novi Sad 7 - Juzni Telep,20.0,2717804004,1.0633470000000003,0.08174819663483025,capacity-balanced inferred shortest-path assignment on OSM streets; not an as-built feeder
SYN-2078,220232167,Novi Sad 7 - Juzni Telep,NS7,NS7,Novi Sad 7 - Juzni Telep,20.0,986912874,0.5786629999999999,0.08174819663483025,capacity-balanced inferred shortest-path assignment on OSM streets; not an as-built feeder
SYN-2079,220232167,Novi Sad 7 - Juzni Telep,NS7,NS7,Novi Sad 7 - Juzni Telep,20.0,3047454591,0.836245,0.08174819663483025,capacity-balanced inferred shortest-path assignment on OSM streets; not an as-built feeder
SYN-2080,220232167,Novi Sad 7 - Juzni Telep,NS7,NS7,Novi Sad 7 - Juzni Telep,20.0,902585173,0.523168,0.08174819663483025,capacity-balanced inferred shortest-path assignment on OSM streets; not an as-built feeder
SYN-2081,220232167,Novi Sad 7 - Juzni Telep,NS7,NS7,Novi Sad 7 - Juzni Telep,20.0,6770731800,0.9314910000000001,0.08174819663483025,capacity-balanced inferred shortest-path assignment on OSM streets; not an as-built feeder
SYN-2082,220232167,Novi Sad 7 - Juzni Telep,NS7,NS7,Novi Sad 7 - Juzni Telep,20.0,363661662,1.0024380000000002,0.08174819663483025,capacity-balanced inferred shortest-path assignment on OSM streets; not an as-built feeder
SYN-2083,220232167,Novi Sad 7 - Juzni Telep,NS7,NS7,Novi Sad 7 - Juzni Telep,20.0,8578982120,0.9776729999999999,0.08174819663483025,capacity-balanced inferred shortest-path assignment on OSM streets; not an as-built feeder
SYN-2084,220232167,Novi Sad 7 - Juzni Telep,NS7,NS7,Novi Sad 7 - Juzni Telep,20.0,3190550625,0.581697,0.08174819663483025,capacity-balanced inferred shortest-path assignment on OSM streets; not an as-built feeder
SYN-2085,220232167,Novi Sad 7 - Juzni Telep,NS7,NS7,Novi Sad 7 - Juzni Telep,20.0,1083543371,1.2472310000000002,0.08174819663483025,capacity-balanced inferred shortest-path assignment on OSM streets; not an as-built feeder
SYN-2086,220232167,Novi Sad 7 - Juzni Telep,NS7,NS7,Novi Sad 7 - Juzni Telep,20.0,319533339,1.0327400000000002,0.08174819663483025,capacity-balanced inferred shortest-path assignment on OSM streets; not an as-built feeder
SYN-2087,220232167,Novi Sad 7 - Juzni Telep,NS7,NS7,Novi Sad 7 - Juzni Telep,20.0,11841305994,1.0821259999999997,0.08174819663483025,capacity-balanced inferred shortest-path assignment on OSM streets; not an as-built feeder
SYN-2088,220232167,Novi Sad 7 - Juzni Telep,NS7,NS7,Novi Sad 7 - Juzni Telep,20.0,11841305988,1.41575,0.08174819663483025,capacity-balanced inferred shortest-path assignment on OSM streets; not an as-built feeder
SYN-2089,220232167,Novi Sad 7 - Juzni Telep,NS7,NS7,Novi Sad 7 - Juzni Telep,20.0,986912889,0.402839,0.08174819663483025,capacity-balanced inferred shortest-path assignment on OSM streets; not an as-built feeder
SYN-2090,220232167,Novi Sad 7 - Juzni Telep,NS7,NS7,Novi Sad 7 - Juzni Telep,20.0,3783392526,0.440019,0.08174819663483025,capacity-balanced inferred shortest-path assignment on OSM streets; not an as-built feeder
SYN-2091,220232167,Novi Sad 7 - Juzni Telep,NS7,NS7,Novi Sad 7 - Juzni Telep,20.0,11346045125,0.6585779999999999,0.08174819663483025,capacity-balanced inferred shortest-path assignment on OSM streets; not an as-built feeder
SYN-2092,220232167,Novi Sad 7 - Juzni Telep,NS7,NS7,Novi Sad 7 - Juzni Telep,20.0,11346065507,0.7821950000000001,0.08174819663483025,capacity-balanced inferred shortest-path assignment on OSM streets; not an as-built feeder
SYN-2093,220232167,Novi Sad 7 - Juzni Telep,NS7,NS7,Novi Sad 7 - Juzni Telep,20.0,1230711510,0.579127,0.08174819663483025,capacity-balanced inferred shortest-path assignment on OSM streets; not an as-built feeder
SYN-2094,220232167,Novi Sad 7 - Juzni Telep,NS7,NS7,Novi Sad 7 - Juzni Telep,20.0,11841446714,1.309989,0.08174819663483025,capacity-balanced inferred shortest-path assignment on OSM streets; not an as-built feeder
SYN-2095,220232167,Novi Sad 7 - Juzni Telep,NS7,NS7,Novi Sad 7 - Juzni Telep,20.0,3787132030,0.32405999999999996,0.08174819663483025,capacity-balanced inferred shortest-path assignment on OSM streets; not an as-built feeder
SYN-2096,220232167,Novi Sad 7 - Juzni Telep,NS7,NS7,Novi Sad 7 - Juzni Telep,20.0,2885874398,1.0151839999999999,0.08174819663483025,capacity-balanced inferred shortest-path assignment on OSM streets; not an as-built feeder
SYN-2097,220232167,Novi Sad 7 - Juzni Telep,NS7,NS7,Novi Sad 7 - Juzni Telep,20.0,1231084478,0.95426,0.08174819663483025,capacity-balanced inferred shortest-path assignment on OSM streets; not an as-built feeder
SYN-2098,220232167,Novi Sad 7 - Juzni Telep,NS7,NS7,Novi Sad 7 - Juzni Telep,20.0,986912906,0.7478869999999996,0.08174819663483025,capacity-balanced inferred shortest-path assignment on OSM streets; not an as-built feeder
SYN-2099,220232167,Novi Sad 7 - Juzni Telep,NS7,NS7,Novi Sad 7 - Juzni Telep,20.0,902585173,0.523168,0.08174819663483025,capacity-balanced inferred shortest-path assignment on OSM streets; not an as-built feeder
SYN-2100,220232167,Novi Sad 7 - Juzni Telep,NS7,NS7,Novi Sad 7 - Juzni Telep,20.0,986912848,0.572956,0.08174819663483025,capacity-balanced inferred shortest-path assignment on OSM streets; not an as-built feeder
SYN-2101,220232167,Novi Sad 7 - Juzni Telep,NS7,NS7,Novi Sad 7 - Juzni Telep,20.0,1083543191,1.0990210000000002,0.08174819663483025,capacity-balanced inferred shortest-path assignment on OSM streets; not an as-built feeder
SYN-2102,220232167,Novi Sad 7 - Juzni Telep,NS7,NS7,Novi Sad 7 - Juzni Telep,20.0,3120904025,0.5411909999999999,0.08174819663483025,capacity-balanced inferred shortest-path assignment on OSM streets; not an as-built feeder
SYN-2103,220232167,Novi Sad 7 - Juzni Telep,NS7,NS7,Novi Sad 7 - Juzni Telep,20.0,3780889951,1.045274,0.08174819663483025,capacity-balanced inferred shortest-path assignment on OSM streets; not an as-built feeder
SYN-2104,220232167,Novi Sad 7 - Juzni Telep,NS7,NS7,Novi Sad 7 - Juzni Telep,20.0,11346045125,0.6585779999999999,0.08174819663483025,capacity-balanced inferred shortest-path assignment on OSM streets; not an as-built feeder
SYN-2105,220232167,Novi Sad 7 - Juzni Telep,NS7,NS7,Novi Sad 7 - Juzni Telep,20.0,11346045125,0.6585779999999999,0.08174819663483025,capacity-balanced inferred shortest-path assignment on OSM streets; not an as-built feeder
SYN-2106,220232167,Novi Sad 7 - Juzni Telep,NS7,NS7,Novi Sad 7 - Juzni Telep,20.0,3787820094,0.8199200000000001,0.08174819663483025,capacity-balanced inferred shortest-path assignment on OSM streets; not an as-built feeder
SYN-2107,220232167,Novi Sad 7 - Juzni Telep,NS7,NS7,Novi Sad 7 - Juzni Telep,20.0,904119284,0.482578,0.08174819663483025,capacity-balanced inferred shortest-path assignment on OSM streets; not an as-built feeder
SYN-2108,220232167,Novi Sad 7 - Juzni Telep,NS7,NS7,Novi Sad 7 - Juzni Telep,20.0,3190603768,1.039338,0.08174819663483025,capacity-balanced inferred shortest-path assignment on OSM streets; not an as-built feeder
SYN-2109,220232167,Novi Sad 7 - Juzni Telep,NS7,NS7,Novi Sad 7 - Juzni Telep,20.0,3783474054,0.22427499999999997,0.08174819663483025,capacity-balanced inferred shortest-path assignment on OSM streets; not an as-built feeder
SYN-2110,220232167,Novi Sad 7 - Juzni Telep,NS7,NS7,Novi Sad 7 - Juzni Telep,20.0,11346045125,0.6585779999999999,0.08174819663483025,capacity-balanced inferred shortest-path assignment on OSM streets; not an as-built feeder
SYN-2111,220232167,Novi Sad 7 - Juzni Telep,NS7,NS7,Novi Sad 7 - Juzni Telep,20.0,1083543222,1.044305,0.08174819663483025,capacity-balanced inferred shortest-path assignment on OSM streets; not an as-built feeder
SYN-2112,220232167,Novi Sad 7 - Juzni Telep,NS7,NS7,Novi Sad 7 - Juzni Telep,20.0,904119273,0.5772889999999999,0.08174819663483025,capacity-balanced inferred shortest-path assignment on OSM streets; not an as-built feeder
SYN-2113,220232167,Novi Sad 7 - Juzni Telep,NS7,NS7,Novi Sad 7 - Juzni Telep,20.0,319533339,1.0327400000000002,0.08174819663483025,capacity-balanced inferred shortest-path assignment on OSM streets; not an as-built feeder
SYN-2114,220232167,Novi Sad 7 - Juzni Telep,NS7,NS7,Novi Sad 7 - Juzni Telep,20.0,902585179,0.377839,0.08174819663483025,capacity-balanced inferred shortest-path assignment on OSM streets; not an as-built feeder
SYN-2115,220232167,Novi Sad 7 - Juzni Telep,NS7,NS7,Novi Sad 7 - Juzni Telep,20.0,6770731807,0.8261179999999999,0.08174819663483025,capacity-balanced inferred shortest-path assignment on OSM streets; not an as-built feeder
SYN-2116,220232167,Novi Sad 7 - Juzni Telep,NS7,NS7,Novi Sad 7 - Juzni Telep,20.0,11338247911,1.5481089999999997,0.08174819663483025,capacity-balanced inferred shortest-path assignment on OSM streets; not an as-built feeder
SYN-2117,220232167,Novi Sad 7 - Juzni Telep,NS7,NS7,Novi Sad 7 - Juzni Telep,20.0,1083543641,1.8683219999999996,0.08174819663483025,capacity-balanced inferred shortest-path assignment on OSM streets; not an as-built feeder
SYN-2118,220232167,Novi Sad 7 - Juzni Telep,NS7,NS7,Novi Sad 7 - Juzni Telep,20.0,1083543093,1.340696,0.08174819663483025,capacity-balanced inferred shortest-path assignment on OSM streets; not an as-built feeder
SYN-2119,220232167,Novi Sad 7 - Juzni Telep,NS7,NS7,Novi Sad 7 - Juzni Telep,20.0,986912822,0.6144039999999998,0.08174819663483025,capacity-balanced inferred shortest-path assignment on OSM streets; not an as-built feeder
SYN-2120,220232167,Novi Sad 7 - Juzni Telep,NS7,NS7,Novi Sad 7 - Juzni Telep,20.0,902585186,0.5847269999999999,0.08174819663483025,capacity-balanced inferred shortest-path assignment on OSM streets; not an as-built feeder
SYN-2121,220232167,Novi Sad 7 - Juzni Telep,NS7,NS7,Novi Sad 7 - Juzni Telep,20.0,11346045124,0.568483,0.08174819663483025,capacity-balanced inferred shortest-path assignment on OSM streets; not an as-built feeder
SYN-2122,220232167,Novi Sad 7 - Juzni Telep,NS7,NS7,Novi Sad 7 - Juzni Telep,20.0,904119273,0.5772889999999999,0.08174819663483025,capacity-balanced inferred shortest-path assignment on OSM streets; not an as-built feeder
SYN-2123,220232167,Novi Sad 7 - Juzni Telep,NS7,NS7,Novi Sad 7 - Juzni Telep,20.0,11841427778,1.2233300000000003,0.08174819663483025,capacity-balanced inferred shortest-path assignment on OSM streets; not an as-built feeder
SYN-2124,220232167,Novi Sad 7 - Juzni Telep,NS7,NS7,Novi Sad 7 - Juzni Telep,20.0,13136889508,0.9000290000000001,0.08174819663483025,capacity-balanced inferred shortest-path assignment on OSM streets; not an as-built feeder
SYN-2125,220232167,Novi Sad 7 - Juzni Telep,NS7,NS7,Novi Sad 7 - Juzni Telep,20.0,904119318,0.5893630000000001,0.08174819663483025,capacity-balanced inferred shortest-path assignment on OSM streets; not an as-built feeder
SYN-2126,220232167,Novi Sad 7 - Juzni Telep,NS7,NS7,Novi Sad 7 - Juzni Telep,20.0,904119318,0.5893630000000001,0.08174819663483025,capacity-balanced inferred shortest-path assignment on OSM streets; not an as-built feeder
SYN-2127,220232167,Novi Sad 7 - Juzni Telep,NS7,NS7,Novi Sad 7 - Juzni Telep,20.0,12126210687,0.880128,0.08174819663483025,capacity-balanced inferred shortest-path assignment on OSM streets; not an as-built feeder
SYN-2128,220232167,Novi Sad 7 - Juzni Telep,NS7,NS7,Novi Sad 7 - Juzni Telep,20.0,3030959715,0.8691550000000001,0.08174819663483025,capacity-balanced inferred shortest-path assignment on OSM streets; not an as-built feeder
SYN-2129,220232167,Novi Sad 7 - Juzni Telep,NS7,NS7,Novi Sad 7 - Juzni Telep,20.0,2500636077,1.16143,0.11691046330501428,capacity-balanced inferred shortest-path assignment on OSM streets; not an as-built feeder
SYN-2160,220232167,Novi Sad 7 - Juzni Telep,NS7,NS7,Novi Sad 7 - Juzni Telep,20.0,9880465238,4.499564999999999,0.0013391524118191213,capacity-balanced inferred shortest-path assignment on OSM streets; not an as-built feeder
SYN-2185,220232167,Novi Sad 7 - Juzni Telep,NS7,NS7,Novi Sad 7 - Juzni Telep,20.0,7013707647,2.4727120000000005,0.02444738773669992,capacity-balanced inferred shortest-path assignment on OSM streets; not an as-built feeder
SYN-2191,220232167,Novi Sad 7 - Juzni Telep,NS7,NS7,Novi Sad 7 - Juzni Telep,20.0,11841305990,1.1495969999999998,0.022864020277424756,capacity-balanced inferred shortest-path assignment on OSM streets; not an as-built feeder
SYN-2192,220232167,Novi Sad 7 - Juzni Telep,NS7,NS7,Novi Sad 7 - Juzni Telep,20.0,11841305987,1.1971649999999998,0.008374054275158782,capacity-balanced inferred shortest-path assignment on OSM streets; not an as-built feeder
SYN-2197,220232167,Novi Sad 7 - Juzni Telep,NS7,NS7,Novi Sad 7 - Juzni Telep,20.0,1535957452,1.7507894064671627,0.03682249633311974,capacity-balanced inferred shortest-path assignment on OSM streets; not an as-built feeder
SYN-2198,220232167,Novi Sad 7 - Juzni Telep,NS7,NS7,Novi Sad 7 - Juzni Telep,20.0,1535957438,1.8339394064671624,0.03682249633311974,capacity-balanced inferred shortest-path assignment on OSM streets; not an as-built feeder
SYN-2391,220232167,Novi Sad 7 - Juzni Telep,NS7,NS7,Novi Sad 7 - Juzni Telep,20.0,60673005,2.138341406467163,0.08021487392746472,capacity-balanced inferred shortest-path assignment on OSM streets; not an as-built feeder
SYN-2412,220232167,Novi Sad 7 - Juzni Telep,NS7,NS7,Novi Sad 7 - Juzni Telep,20.0,12165254669,2.8449754064671624,0.03537241527967864,capacity-balanced inferred shortest-path assignment on OSM streets; not an as-built feeder
SYN-2413,220232167,Novi Sad 7 - Juzni Telep,NS7,NS7,Novi Sad 7 - Juzni Telep,20.0,1595618040,2.8493334064671627,0.03537241527967864,capacity-balanced inferred shortest-path assignment on OSM streets; not an as-built feeder
SYN-2416,220232167,Novi Sad 7 - Juzni Telep,NS7,NS7,Novi Sad 7 - Juzni Telep,20.0,3181939391,2.3147620000000004,0.08121892608068448,capacity-balanced inferred shortest-path assignment on OSM streets; not an as-built feeder
SYN-2418,220232167,Novi Sad 7 - Juzni Telep,NS7,NS7,Novi Sad 7 - Juzni Telep,20.0,6250574671,1.50345,0.08121892608068448,capacity-balanced inferred shortest-path assignment on OSM streets; not an as-built feeder
SYN-2420,220232167,Novi Sad 7 - Juzni Telep,NS7,NS7,Novi Sad 7 - Juzni Telep,20.0,3113626744,3.196604,0.08121892608068448,capacity-balanced inferred shortest-path assignment on OSM streets; not an as-built feeder
SYN-2423,220232167,Novi Sad 7 - Juzni Telep,NS7,NS7,Novi Sad 7 - Juzni Telep,20.0,6250683291,1.578684,0.08121892608068448,capacity-balanced inferred shortest-path assignment on OSM streets; not an as-built feeder
SYN-2424,220232167,Novi Sad 7 - Juzni Telep,NS7,NS7,Novi Sad 7 - Juzni Telep,20.0,1213463540,2.6049789999999997,0.08121892608068448,capacity-balanced inferred shortest-path assignment on OSM streets; not an as-built feeder
SYN-2425,220232167,Novi Sad 7 - Juzni Telep,NS7,NS7,Novi Sad 7 - Juzni Telep,20.0,1230711047,2.2430289999999995,0.08121892608068448,capacity-balanced inferred shortest-path assignment on OSM streets; not an as-built feeder
SYN-2426,220232167,Novi Sad 7 - Juzni Telep,NS7,NS7,Novi Sad 7 - Juzni Telep,20.0,2915816061,1.883584,0.08121892608068448,capacity-balanced inferred shortest-path assignment on OSM streets; not an as-built feeder
SYN-2427,220232167,Novi Sad 7 - Juzni Telep,NS7,NS7,Novi Sad 7 - Juzni Telep,20.0,11801802043,2.2928539999999997,0.08121892608068448,capacity-balanced inferred shortest-path assignment on OSM streets; not an as-built feeder
SYN-2429,220232167,Novi Sad 7 - Juzni Telep,NS7,NS7,Novi Sad 7 - Juzni Telep,20.0,3079766665,1.9022949999999998,0.08121892608068448,capacity-balanced inferred shortest-path assignment on OSM streets; not an as-built feeder
SYN-2430,220232167,Novi Sad 7 - Juzni Telep,NS7,NS7,Novi Sad 7 - Juzni Telep,20.0,11843097937,2.503979,0.08121892608068448,capacity-balanced inferred shortest-path assignment on OSM streets; not an as-built feeder
SYN-2432,220232167,Novi Sad 7 - Juzni Telep,NS7,NS7,Novi Sad 7 - Juzni Telep,20.0,1229948789,2.4321049999999995,0.08121892608068448,capacity-balanced inferred shortest-path assignment on OSM streets; not an as-built feeder
SYN-2433,220232167,Novi Sad 7 - Juzni Telep,NS7,NS7,Novi Sad 7 - Juzni Telep,20.0,1229948824,4.010332999999999,0.08121892608068448,capacity-balanced inferred shortest-path assignment on OSM streets; not an as-built feeder
SYN-2434,220232167,Novi Sad 7 - Juzni Telep,NS7,NS7,Novi Sad 7 - Juzni Telep,20.0,11013908792,4.047255999999999,0.08121892608068448,capacity-balanced inferred shortest-path assignment on OSM streets; not an as-built feeder
SYN-2435,220232167,Novi Sad 7 - Juzni Telep,NS7,NS7,Novi Sad 7 - Juzni Telep,20.0,3190434103,1.225947,0.08121892608068448,capacity-balanced inferred shortest-path assignment on OSM streets; not an as-built feeder
SYN-2436,220232167,Novi Sad 7 - Juzni Telep,NS7,NS7,Novi Sad 7 - Juzni Telep,20.0,6250524896,1.4780380000000002,0.08121892608068448,capacity-balanced inferred shortest-path assignment on OSM streets; not an as-built feeder
SYN-2437,220232167,Novi Sad 7 - Juzni Telep,NS7,NS7,Novi Sad 7 - Juzni Telep,20.0,8578982179,0.8414839999999998,0.08121892608068448,capacity-balanced inferred shortest-path assignment on OSM streets; not an as-built feeder
SYN-2438,220232167,Novi Sad 7 - Juzni Telep,NS7,NS7,Novi Sad 7 - Juzni Telep,20.0,9908092438,3.9003909999999995,0.08121892608068448,capacity-balanced inferred shortest-path assignment on OSM streets; not an as-built feeder
SYN-2439,220232167,Novi Sad 7 - Juzni Telep,NS7,NS7,Novi Sad 7 - Juzni Telep,20.0,3398392496,1.5715189999999999,0.08121892608068448,capacity-balanced inferred shortest-path assignment on OSM streets; not an as-built feeder
SYN-2443,220232167,Novi Sad 7 - Juzni Telep,NS7,NS7,Novi Sad 7 - Juzni Telep,20.0,3128838041,2.673545,0.08121892608068448,capacity-balanced inferred shortest-path assignment on OSM streets; not an as-built feeder
SYN-2444,220232167,Novi Sad 7 - Juzni Telep,NS7,NS7,Novi Sad 7 - Juzni Telep,20.0,12585143095,1.7117019999999998,0.08121892608068448,capacity-balanced inferred shortest-path assignment on OSM streets; not an as-built feeder
SYN-2447,220232167,Novi Sad 7 - Juzni Telep,NS7,NS7,Novi Sad 7 - Juzni Telep,20.0,3079955214,3.130405,0.08121892608068448,capacity-balanced inferred shortest-path assignment on OSM streets; not an as-built feeder
SYN-2448,220232167,Novi Sad 7 - Juzni Telep,NS7,NS7,Novi Sad 7 - Juzni Telep,20.0,1213463840,3.186843,0.08121892608068448,capacity-balanced inferred shortest-path assignment on OSM streets; not an as-built feeder
SYN-2449,220232167,Novi Sad 7 - Juzni Telep,NS7,NS7,Novi Sad 7 - Juzni Telep,20.0,1229948806,3.6389609999999997,0.08121892608068448,capacity-balanced inferred shortest-path assignment on OSM streets; not an as-built feeder
SYN-2451,220232167,Novi Sad 7 - Juzni Telep,NS7,NS7,Novi Sad 7 - Juzni Telep,20.0,11116182479,3.799651,0.08121892608068448,capacity-balanced inferred shortest-path assignment on OSM streets; not an as-built feeder
SYN-2452,220232167,Novi Sad 7 - Juzni Telep,NS7,NS7,Novi Sad 7 - Juzni Telep,20.0,1375666060,1.8852579999999997,0.08121892608068448,capacity-balanced inferred shortest-path assignment on OSM streets; not an as-built feeder
SYN-2454,220232167,Novi Sad 7 - Juzni Telep,NS7,NS7,Novi Sad 7 - Juzni Telep,20.0,3181939429,1.8782820000000002,0.08121892608068448,capacity-balanced inferred shortest-path assignment on OSM streets; not an as-built feeder
SYN-2455,220232167,Novi Sad 7 - Juzni Telep,NS7,NS7,Novi Sad 7 - Juzni Telep,20.0,6250683314,1.653089,0.08121892608068448,capacity-balanced inferred shortest-path assignment on OSM streets; not an as-built feeder
SYN-2456,220232167,Novi Sad 7 - Juzni Telep,NS7,NS7,Novi Sad 7 - Juzni Telep,20.0,3128133049,2.743003,0.08121892608068448,capacity-balanced inferred shortest-path assignment on OSM streets; not an as-built feeder
SYN-2457,220232167,Novi Sad 7 - Juzni Telep,NS7,NS7,Novi Sad 7 - Juzni Telep,20.0,12976733124,3.515506,0.08121892608068448,capacity-balanced inferred shortest-path assignment on OSM streets; not an as-built feeder
SYN-2458,220232167,Novi Sad 7 - Juzni Telep,NS7,NS7,Novi Sad 7 - Juzni Telep,20.0,9645761357,1.6282389999999998,0.08121892608068448,capacity-balanced inferred shortest-path assignment on OSM streets; not an as-built feeder
SYN-2459,220232167,Novi Sad 7 - Juzni Telep,NS7,NS7,Novi Sad 7 - Juzni Telep,20.0,12976733129,3.409379,0.08121892608068448,capacity-balanced inferred shortest-path assignment on OSM streets; not an as-built feeder
SYN-2461,220232167,Novi Sad 7 - Juzni Telep,NS7,NS7,Novi Sad 7 - Juzni Telep,20.0,3181939383,2.1078500000000004,0.08121892608068448,capacity-balanced inferred shortest-path assignment on OSM streets; not an as-built feeder
SYN-2462,220232167,Novi Sad 7 - Juzni Telep,NS7,NS7,Novi Sad 7 - Juzni Telep,20.0,10768597494,2.481698,0.08121892608068448,capacity-balanced inferred shortest-path assignment on OSM streets; not an as-built feeder
SYN-2463,220232167,Novi Sad 7 - Juzni Telep,NS7,NS7,Novi Sad 7 - Juzni Telep,20.0,3069965635,2.876169,0.08121892608068448,capacity-balanced inferred shortest-path assignment on OSM streets; not an as-built feeder
SYN-2465,220232167,Novi Sad 7 - Juzni Telep,NS7,NS7,Novi Sad 7 - Juzni Telep,20.0,1213463436,3.075092,0.08121892608068448,capacity-balanced inferred shortest-path assignment on OSM streets; not an as-built feeder
SYN-2466,220232167,Novi Sad 7 - Juzni Telep,NS7,NS7,Novi Sad 7 - Juzni Telep,20.0,6250683314,1.653089,0.08121892608068448,capacity-balanced inferred shortest-path assignment on OSM streets; not an as-built feeder
SYN-2468,220232167,Novi Sad 7 - Juzni Telep,NS7,NS7,Novi Sad 7 - Juzni Telep,20.0,1230711803,2.19229,0.08121892608068448,capacity-balanced inferred shortest-path assignment on OSM streets; not an as-built feeder
SYN-2469,220232167,Novi Sad 7 - Juzni Telep,NS7,NS7,Novi Sad 7 - Juzni Telep,20.0,3758471929,1.488262,0.08121892608068448,capacity-balanced inferred shortest-path assignment on OSM streets; not an as-built feeder
SYN-2470,220232167,Novi Sad 7 - Juzni Telep,NS7,NS7,Novi Sad 7 - Juzni Telep,20.0,3392438268,2.1695819999999997,0.08121892608068448,capacity-balanced inferred shortest-path assignment on OSM streets; not an as-built feeder
SYN-2472,220232167,Novi Sad 7 - Juzni Telep,NS7,NS7,Novi Sad 7 - Juzni Telep,20.0,3181939413,2.4363349999999997,0.08121892608068448,capacity-balanced inferred shortest-path assignment on OSM streets; not an as-built feeder
SYN-2473,220232167,Novi Sad 7 - Juzni Telep,NS7,NS7,Novi Sad 7 - Juzni Telep,20.0,12585143060,2.4774860000000003,0.08121892608068448,capacity-balanced inferred shortest-path assignment on OSM streets; not an as-built feeder
SYN-2476,220232167,Novi Sad 7 - Juzni Telep,NS7,NS7,Novi Sad 7 - Juzni Telep,20.0,3758471934,1.9395919999999995,0.08121892608068448,capacity-balanced inferred shortest-path assignment on OSM streets; not an as-built feeder
SYN-2477,220232167,Novi Sad 7 - Juzni Telep,NS7,NS7,Novi Sad 7 - Juzni Telep,20.0,3190434103,1.225947,0.08121892608068448,capacity-balanced inferred shortest-path assignment on OSM streets; not an as-built feeder
SYN-2479,220232167,Novi Sad 7 - Juzni Telep,NS7,NS7,Novi Sad 7 - Juzni Telep,20.0,319532995,1.772487,0.08121892608068448,capacity-balanced inferred shortest-path assignment on OSM streets; not an as-built feeder
SYN-2480,220232167,Novi Sad 7 - Juzni Telep,NS7,NS7,Novi Sad 7 - Juzni Telep,20.0,1213464065,2.5214679999999996,0.08121892608068448,capacity-balanced inferred shortest-path assignment on OSM streets; not an as-built feeder
SYN-2481,220232167,Novi Sad 7 - Juzni Telep,NS7,NS7,Novi Sad 7 - Juzni Telep,20.0,10293755239,1.519652,0.08121892608068448,capacity-balanced inferred shortest-path assignment on OSM streets; not an as-built feeder
SYN-2482,220232167,Novi Sad 7 - Juzni Telep,NS7,NS7,Novi Sad 7 - Juzni Telep,20.0,60884997,1.6559059999999999,0.08121892608068448,capacity-balanced inferred shortest-path assignment on OSM streets; not an as-built feeder
SYN-2487,220232167,Novi Sad 7 - Juzni Telep,NS7,NS7,Novi Sad 7 - Juzni Telep,20.0,3068271221,1.9964869999999997,0.08121892608068448,capacity-balanced inferred shortest-path assignment on OSM streets; not an as-built feeder
SYN-2488,220232167,Novi Sad 7 - Juzni Telep,NS7,NS7,Novi Sad 7 - Juzni Telep,20.0,1375666030,1.734071,0.08121892608068448,capacity-balanced inferred shortest-path assignment on OSM streets; not an as-built feeder
SYN-2491,220232167,Novi Sad 7 - Juzni Telep,NS7,NS7,Novi Sad 7 - Juzni Telep,20.0,2915822390,2.7168270000000003,0.08121892608068448,capacity-balanced inferred shortest-path assignment on OSM streets; not an as-built feeder
SYN-2492,220232167,Novi Sad 7 - Juzni Telep,NS7,NS7,Novi Sad 7 - Juzni Telep,20.0,1229948787,2.998493,0.08121892608068448,capacity-balanced inferred shortest-path assignment on OSM streets; not an as-built feeder
SYN-2493,220232167,Novi Sad 7 - Juzni Telep,NS7,NS7,Novi Sad 7 - Juzni Telep,20.0,319532995,1.772487,0.08121892608068448,capacity-balanced inferred shortest-path assignment on OSM streets; not an as-built feeder
SYN-2494,220232167,Novi Sad 7 - Juzni Telep,NS7,NS7,Novi Sad 7 - Juzni Telep,20.0,3080143637,1.8832289999999998,0.08121892608068448,capacity-balanced inferred shortest-path assignment on OSM streets; not an as-built feeder
SYN-2495,220232167,Novi Sad 7 - Juzni Telep,NS7,NS7,Novi Sad 7 - Juzni Telep,20.0,2915816048,2.433307,0.08121892608068448,capacity-balanced inferred shortest-path assignment on OSM streets; not an as-built feeder
SYN-2496,220232167,Novi Sad 7 - Juzni Telep,NS7,NS7,Novi Sad 7 - Juzni Telep,20.0,3068217063,3.1880779999999995,0.08121892608068448,capacity-balanced inferred shortest-path assignment on OSM streets; not an as-built feeder
SYN-2500,220232167,Novi Sad 7 - Juzni Telep,NS7,NS7,Novi Sad 7 - Juzni Telep,20.0,1213463657,3.2218439999999995,0.08121892608068448,capacity-balanced inferred shortest-path assignment on OSM streets; not an as-built feeder
SYN-2501,220232167,Novi Sad 7 - Juzni Telep,NS7,NS7,Novi Sad 7 - Juzni Telep,20.0,2915822380,2.6141010000000002,0.08121892608068448,capacity-balanced inferred shortest-path assignment on OSM streets; not an as-built feeder
SYN-2503,220232167,Novi Sad 7 - Juzni Telep,NS7,NS7,Novi Sad 7 - Juzni Telep,20.0,3190154993,2.1778969999999997,0.08121892608068448,capacity-balanced inferred shortest-path assignment on OSM streets; not an as-built feeder
SYN-2504,220232167,Novi Sad 7 - Juzni Telep,NS7,NS7,Novi Sad 7 - Juzni Telep,20.0,3128838041,2.673545,0.08121892608068448,capacity-balanced inferred shortest-path assignment on OSM streets; not an as-built feeder
SYN-2505,220232167,Novi Sad 7 - Juzni Telep,NS7,NS7,Novi Sad 7 - Juzni Telep,20.0,11338223918,2.2510909999999993,0.08121892608068448,capacity-balanced inferred shortest-path assignment on OSM streets; not an as-built feeder
SYN-2507,220232167,Novi Sad 7 - Juzni Telep,NS7,NS7,Novi Sad 7 - Juzni Telep,20.0,2915816056,2.03298,0.08121892608068448,capacity-balanced inferred shortest-path assignment on OSM streets; not an as-built feeder
SYN-2509,220232167,Novi Sad 7 - Juzni Telep,NS7,NS7,Novi Sad 7 - Juzni Telep,20.0,3403699291,4.143227999999999,0.08121892608068448,capacity-balanced inferred shortest-path assignment on OSM streets; not an as-built feeder
SYN-2512,220232167,Novi Sad 7 - Juzni Telep,NS7,NS7,Novi Sad 7 - Juzni Telep,20.0,1213463949,2.4148479999999997,0.08121892608068448,capacity-balanced inferred shortest-path assignment on OSM streets; not an as-built feeder
SYN-2513,220232167,Novi Sad 7 - Juzni Telep,NS7,NS7,Novi Sad 7 - Juzni Telep,20.0,11338223918,2.2510909999999993,0.08121892608068448,capacity-balanced inferred shortest-path assignment on OSM streets; not an as-built feeder
SYN-2514,220232167,Novi Sad 7 - Juzni Telep,NS7,NS7,Novi Sad 7 - Juzni Telep,20.0,1230711685,2.226412,0.08121892608068448,capacity-balanced inferred shortest-path assignment on OSM streets; not an as-built feeder
SYN-2515,220232167,Novi Sad 7 - Juzni Telep,NS7,NS7,Novi Sad 7 - Juzni Telep,20.0,11843098212,1.8498549999999996,0.08121892608068448,capacity-balanced inferred shortest-path assignment on OSM streets; not an as-built feeder
SYN-2518,220232167,Novi Sad 7 - Juzni Telep,NS7,NS7,Novi Sad 7 - Juzni Telep,20.0,2915816061,1.883584,0.08121892608068448,capacity-balanced inferred shortest-path assignment on OSM streets; not an as-built feeder
SYN-2520,220232167,Novi Sad 7 - Juzni Telep,NS7,NS7,Novi Sad 7 - Juzni Telep,20.0,3071806996,2.7825969999999995,0.08121892608068448,capacity-balanced inferred shortest-path assignment on OSM streets; not an as-built feeder
SYN-2521,220232167,Novi Sad 7 - Juzni Telep,NS7,NS7,Novi Sad 7 - Juzni Telep,20.0,1229948820,3.8860839999999994,0.08121892608068448,capacity-balanced inferred shortest-path assignment on OSM streets; not an as-built feeder
SYN-2523,220232167,Novi Sad 7 - Juzni Telep,NS7,NS7,Novi Sad 7 - Juzni Telep,20.0,6250524887,1.3564570000000002,0.08121892608068448,capacity-balanced inferred shortest-path assignment on OSM streets; not an as-built feeder
SYN-2524,220232167,Novi Sad 7 - Juzni Telep,NS7,NS7,Novi Sad 7 - Juzni Telep,20.0,3189354080,1.9892010000000002,0.08121892608068448,capacity-balanced inferred shortest-path assignment on OSM streets; not an as-built feeder
SYN-2525,220232167,Novi Sad 7 - Juzni Telep,NS7,NS7,Novi Sad 7 - Juzni Telep,20.0,3181852255,3.068324,0.08121892608068448,capacity-balanced inferred shortest-path assignment on OSM streets; not an as-built feeder
SYN-2526,220232167,Novi Sad 7 - Juzni Telep,NS7,NS7,Novi Sad 7 - Juzni Telep,20.0,11116155158,3.826588999999999,0.08121892608068448,capacity-balanced inferred shortest-path assignment on OSM streets; not an as-built feeder
SYN-2529,220232167,Novi Sad 7 - Juzni Telep,NS7,NS7,Novi Sad 7 - Juzni Telep,20.0,1213463643,2.7278070000000003,0.08121892608068448,capacity-balanced inferred shortest-path assignment on OSM streets; not an as-built feeder
SYN-2530,220232167,Novi Sad 7 - Juzni Telep,NS7,NS7,Novi Sad 7 - Juzni Telep,20.0,1229948882,3.0720699999999996,0.08121892608068448,capacity-balanced inferred shortest-path assignment on OSM streets; not an as-built feeder
SYN-2532,220232167,Novi Sad 7 - Juzni Telep,NS7,NS7,Novi Sad 7 - Juzni Telep,20.0,1213463880,2.0674939999999995,0.08121892608068448,capacity-balanced inferred shortest-path assignment on OSM streets; not an as-built feeder
SYN-2533,220232167,Novi Sad 7 - Juzni Telep,NS7,NS7,Novi Sad 7 - Juzni Telep,20.0,3129632176,2.353489,0.08121892608068448,capacity-balanced inferred shortest-path assignment on OSM streets; not an as-built feeder
SYN-2534,220232167,Novi Sad 7 - Juzni Telep,NS7,NS7,Novi Sad 7 - Juzni Telep,20.0,6250524896,1.4780380000000002,0.08121892608068448,capacity-balanced inferred shortest-path assignment on OSM streets; not an as-built feeder
SYN-2535,220232167,Novi Sad 7 - Juzni Telep,NS7,NS7,Novi Sad 7 - Juzni Telep,20.0,3398391552,1.6230470000000001,0.08121892608068448,capacity-balanced inferred shortest-path assignment on OSM streets; not an as-built feeder
SYN-2536,220232167,Novi Sad 7 - Juzni Telep,NS7,NS7,Novi Sad 7 - Juzni Telep,20.0,6250524896,1.4780380000000002,0.08121892608068448,capacity-balanced inferred shortest-path assignment on OSM streets; not an as-built feeder
SYN-2537,220232167,Novi Sad 7 - Juzni Telep,NS7,NS7,Novi Sad 7 - Juzni Telep,20.0,3398795435,1.8870230000000001,0.08121892608068448,capacity-balanced inferred shortest-path assignment on OSM streets; not an as-built feeder
SYN-2540,220232167,Novi Sad 7 - Juzni Telep,NS7,NS7,Novi Sad 7 - Juzni Telep,20.0,3068264952,1.7166769999999998,0.08121892608068448,capacity-balanced inferred shortest-path assignment on OSM streets; not an as-built feeder
SYN-2541,220232167,Novi Sad 7 - Juzni Telep,NS7,NS7,Novi Sad 7 - Juzni Telep,20.0,10682963456,3.9788999999999994,0.08121892608068448,capacity-balanced inferred shortest-path assignment on OSM streets; not an as-built feeder
SYN-2542,220232167,Novi Sad 7 - Juzni Telep,NS7,NS7,Novi Sad 7 - Juzni Telep,20.0,3398971103,1.951131,0.08121892608068448,capacity-balanced inferred shortest-path assignment on OSM streets; not an as-built feeder
SYN-2543,220232167,Novi Sad 7 - Juzni Telep,NS7,NS7,Novi Sad 7 - Juzni Telep,20.0,11116155116,4.256945999999998,0.08121892608068448,capacity-balanced inferred shortest-path assignment on OSM streets; not an as-built feeder
SYN-2544,220232167,Novi Sad 7 - Juzni Telep,NS7,NS7,Novi Sad 7 - Juzni Telep,20.0,12976733124,3.515506,0.08121892608068448,capacity-balanced inferred shortest-path assignment on OSM streets; not an as-built feeder
SYN-2545,220232167,Novi Sad 7 - Juzni Telep,NS7,NS7,Novi Sad 7 - Juzni Telep,20.0,2915816048,2.433307,0.08121892608068448,capacity-balanced inferred shortest-path assignment on OSM streets; not an as-built feeder
SYN-2550,220232167,Novi Sad 7 - Juzni Telep,NS7,NS7,Novi Sad 7 - Juzni Telep,20.0,3525168193,3.9564949999999994,0.08121892608068448,capacity-balanced inferred shortest-path assignment on OSM streets; not an as-built feeder
SYN-2551,220232167,Novi Sad 7 - Juzni Telep,NS7,NS7,Novi Sad 7 - Juzni Telep,20.0,3061794257,1.772092,0.08121892608068448,capacity-balanced inferred shortest-path assignment on OSM streets; not an as-built feeder
SYN-2553,220232167,Novi Sad 7 - Juzni Telep,NS7,NS7,Novi Sad 7 - Juzni Telep,20.0,9880464917,3.533143999999999,0.08121892608068448,capacity-balanced inferred shortest-path assignment on OSM streets; not an as-built feeder
SYN-2554,220232167,Novi Sad 7 - Juzni Telep,NS7,NS7,Novi Sad 7 - Juzni Telep,20.0,3189156973,3.6925749999999993,0.08121892608068448,capacity-balanced inferred shortest-path assignment on OSM streets; not an as-built feeder
SYN-2556,220232167,Novi Sad 7 - Juzni Telep,NS7,NS7,Novi Sad 7 - Juzni Telep,20.0,3398529849,1.101911,0.08121892608068448,capacity-balanced inferred shortest-path assignment on OSM streets; not an as-built feeder
SYN-2557,220232167,Novi Sad 7 - Juzni Telep,NS7,NS7,Novi Sad 7 - Juzni Telep,20.0,3068264952,1.7166769999999998,0.08121892608068448,capacity-balanced inferred shortest-path assignment on OSM streets; not an as-built feeder
SYN-2559,220232167,Novi Sad 7 - Juzni Telep,NS7,NS7,Novi Sad 7 - Juzni Telep,20.0,3181939391,2.3147620000000004,0.08121892608068448,capacity-balanced inferred shortest-path assignment on OSM streets; not an as-built feeder
SYN-2560,220232167,Novi Sad 7 - Juzni Telep,NS7,NS7,Novi Sad 7 - Juzni Telep,20.0,6258095193,1.4512000000000003,0.08121892608068448,capacity-balanced inferred shortest-path assignment on OSM streets; not an as-built feeder
SYN-2561,220232167,Novi Sad 7 - Juzni Telep,NS7,NS7,Novi Sad 7 - Juzni Telep,20.0,3189156454,3.369204,0.08121892608068448,capacity-balanced inferred shortest-path assignment on OSM streets; not an as-built feeder
SYN-2562,220232167,Novi Sad 7 - Juzni Telep,NS7,NS7,Novi Sad 7 - Juzni Telep,20.0,1213463815,3.121521,0.08121892608068448,capacity-balanced inferred shortest-path assignment on OSM streets; not an as-built feeder
SYN-2567,220232167,Novi Sad 7 - Juzni Telep,NS7,NS7,Novi Sad 7 - Juzni Telep,20.0,3181892666,2.6549300000000007,0.08121892608068448,capacity-balanced inferred shortest-path assignment on OSM streets; not an as-built feeder
SYN-2569,220232167,Novi Sad 7 - Juzni Telep,NS7,NS7,Novi Sad 7 - Juzni Telep,20.0,3079766665,1.9022949999999998,0.08121892608068448,capacity-balanced inferred shortest-path assignment on OSM streets; not an as-built feeder
SYN-2571,220232167,Novi Sad 7 - Juzni Telep,NS7,NS7,Novi Sad 7 - Juzni Telep,20.0,1229948860,2.5728790000000004,0.08121892608068448,capacity-balanced inferred shortest-path assignment on OSM streets; not an as-built feeder
SYN-2572,220232167,Novi Sad 7 - Juzni Telep,NS7,NS7,Novi Sad 7 - Juzni Telep,20.0,10293755239,1.519652,0.08121892608068448,capacity-balanced inferred shortest-path assignment on OSM streets; not an as-built feeder
SYN-2573,220232167,Novi Sad 7 - Juzni Telep,NS7,NS7,Novi Sad 7 - Juzni Telep,20.0,11116182479,3.799651,0.08121892608068448,capacity-balanced inferred shortest-path assignment on OSM streets; not an as-built feeder
SYN-2574,220232167,Novi Sad 7 - Juzni Telep,NS7,NS7,Novi Sad 7 - Juzni Telep,20.0,1213463643,2.7278070000000003,0.08121892608068448,capacity-balanced inferred shortest-path assignment on OSM streets; not an as-built feeder
SYN-2576,220232167,Novi Sad 7 - Juzni Telep,NS7,NS7,Novi Sad 7 - Juzni Telep,20.0,2915831108,3.3223709999999995,0.08121892608068448,capacity-balanced inferred shortest-path assignment on OSM streets; not an as-built feeder
SYN-2579,220232167,Novi Sad 7 - Juzni Telep,NS7,NS7,Novi Sad 7 - Juzni Telep,20.0,3068217063,3.1880779999999995,0.08121892608068448,capacity-balanced inferred shortest-path assignment on OSM streets; not an as-built feeder
SYN-2582,220232167,Novi Sad 7 - Juzni Telep,NS7,NS7,Novi Sad 7 - Juzni Telep,20.0,3189354078,1.9396780000000002,0.08121892608068448,capacity-balanced inferred shortest-path assignment on OSM streets; not an as-built feeder
SYN-2583,220232167,Novi Sad 7 - Juzni Telep,NS7,NS7,Novi Sad 7 - Juzni Telep,20.0,1213463815,3.121521,0.08121892608068448,capacity-balanced inferred shortest-path assignment on OSM streets; not an as-built feeder
SYN-2584,220232167,Novi Sad 7 - Juzni Telep,NS7,NS7,Novi Sad 7 - Juzni Telep,20.0,12258212471,3.23026,0.08121892608068448,capacity-balanced inferred shortest-path assignment on OSM streets; not an as-built feeder
SYN-2586,220232167,Novi Sad 7 - Juzni Telep,NS7,NS7,Novi Sad 7 - Juzni Telep,20.0,6777999548,3.6533479999999994,0.08121892608068448,capacity-balanced inferred shortest-path assignment on OSM streets; not an as-built feeder
SYN-2587,220232167,Novi Sad 7 - Juzni Telep,NS7,NS7,Novi Sad 7 - Juzni Telep,20.0,3190249905,2.3063479999999994,0.08121892608068448,capacity-balanced inferred shortest-path assignment on OSM streets; not an as-built feeder
SYN-2588,220232167,Novi Sad 7 - Juzni Telep,NS7,NS7,Novi Sad 7 - Juzni Telep,20.0,12585143086,1.8728869999999997,0.08121892608068448,capacity-balanced inferred shortest-path assignment on OSM streets; not an as-built feeder
SYN-2589,220232167,Novi Sad 7 - Juzni Telep,NS7,NS7,Novi Sad 7 - Juzni Telep,20.0,11013908792,4.047255999999999,0.08121892608068448,capacity-balanced inferred shortest-path assignment on OSM streets; not an as-built feeder
SYN-2590,220232167,Novi Sad 7 - Juzni Telep,NS7,NS7,Novi Sad 7 - Juzni Telep,20.0,3189354071,1.8216400000000004,0.08121892608068448,capacity-balanced inferred shortest-path assignment on OSM streets; not an as-built feeder
SYN-2591,220232167,Novi Sad 7 - Juzni Telep,NS7,NS7,Novi Sad 7 - Juzni Telep,20.0,8578982179,0.8414839999999998,0.08121892608068448,capacity-balanced inferred shortest-path assignment on OSM streets; not an as-built feeder
SYN-2593,220232167,Novi Sad 7 - Juzni Telep,NS7,NS7,Novi Sad 7 - Juzni Telep,20.0,3129685089,2.091435,0.08121892608068448,capacity-balanced inferred shortest-path assignment on OSM streets; not an as-built feeder
SYN-2594,220232167,Novi Sad 7 - Juzni Telep,NS7,NS7,Novi Sad 7 - Juzni Telep,20.0,3181939401,2.0553100000000004,0.08121892608068448,capacity-balanced inferred shortest-path assignment on OSM streets; not an as-built feeder
SYN-2595,220232167,Novi Sad 7 - Juzni Telep,NS7,NS7,Novi Sad 7 - Juzni Telep,20.0,1213464065,2.5214679999999996,0.08121892608068448,capacity-balanced inferred shortest-path assignment on OSM streets; not an as-built feeder
SYN-2597,220232167,Novi Sad 7 - Juzni Telep,NS7,NS7,Novi Sad 7 - Juzni Telep,20.0,6424941199,2.5948859999999994,0.08121892608068448,capacity-balanced inferred shortest-path assignment on OSM streets; not an as-built feeder
SYN-2598,220232167,Novi Sad 7 - Juzni Telep,NS7,NS7,Novi Sad 7 - Juzni Telep,20.0,3128838041,2.673545,0.08121892608068448,capacity-balanced inferred shortest-path assignment on OSM streets; not an as-built feeder
SYN-2599,220232167,Novi Sad 7 - Juzni Telep,NS7,NS7,Novi Sad 7 - Juzni Telep,20.0,3128838041,2.673545,0.08121892608068448,capacity-balanced inferred shortest-path assignment on OSM streets; not an as-built feeder
SYN-2600,220232167,Novi Sad 7 - Juzni Telep,NS7,NS7,Novi Sad 7 - Juzni Telep,20.0,12976733130,3.381407,0.08121892608068448,capacity-balanced inferred shortest-path assignment on OSM streets; not an as-built feeder
SYN-2602,220232167,Novi Sad 7 - Juzni Telep,NS7,NS7,Novi Sad 7 - Juzni Telep,20.0,3190430191,1.510796,0.08121892608068448,capacity-balanced inferred shortest-path assignment on OSM streets; not an as-built feeder
SYN-2605,220232167,Novi Sad 7 - Juzni Telep,NS7,NS7,Novi Sad 7 - Juzni Telep,20.0,3129685089,2.091435,0.08121892608068448,capacity-balanced inferred shortest-path assignment on OSM streets; not an as-built feeder
SYN-2606,220232167,Novi Sad 7 - Juzni Telep,NS7,NS7,Novi Sad 7 - Juzni Telep,20.0,3068139009,3.949960999999999,0.08121892608068448,capacity-balanced inferred shortest-path assignment on OSM streets; not an as-built feeder
SYN-2607,220232167,Novi Sad 7 - Juzni Telep,NS7,NS7,Novi Sad 7 - Juzni Telep,20.0,1213463498,2.185377,0.08121892608068448,capacity-balanced inferred shortest-path assignment on OSM streets; not an as-built feeder
SYN-2608,220232167,Novi Sad 7 - Juzni Telep,NS7,NS7,Novi Sad 7 - Juzni Telep,20.0,3189156974,3.6873339999999994,0.08121892608068448,capacity-balanced inferred shortest-path assignment on OSM streets; not an as-built feeder
SYN-2609,220232167,Novi Sad 7 - Juzni Telep,NS7,NS7,Novi Sad 7 - Juzni Telep,20.0,3071806997,2.5744100000000003,0.08121892608068448,capacity-balanced inferred shortest-path assignment on OSM streets; not an as-built feeder
SYN-2611,220232167,Novi Sad 7 - Juzni Telep,NS7,NS7,Novi Sad 7 - Juzni Telep,20.0,10789918852,2.7826079999999997,0.08121892608068448,capacity-balanced inferred shortest-path assignment on OSM streets; not an as-built feeder
SYN-2612,220232167,Novi Sad 7 - Juzni Telep,NS7,NS7,Novi Sad 7 - Juzni Telep,20.0,363661793,2.0074409999999996,0.08121892608068448,capacity-balanced inferred shortest-path assignment on OSM streets; not an as-built feeder
SYN-2613,220232167,Novi Sad 7 - Juzni Telep,NS7,NS7,Novi Sad 7 - Juzni Telep,20.0,3079766665,1.9022949999999998,0.08121892608068448,capacity-balanced inferred shortest-path assignment on OSM streets; not an as-built feeder
SYN-2614,220232167,Novi Sad 7 - Juzni Telep,NS7,NS7,Novi Sad 7 - Juzni Telep,20.0,3398529849,1.101911,0.08121892608068448,capacity-balanced inferred shortest-path assignment on OSM streets; not an as-built feeder
SYN-2616,220232167,Novi Sad 7 - Juzni Telep,NS7,NS7,Novi Sad 7 - Juzni Telep,20.0,3398391545,1.547188,0.08121892608068448,capacity-balanced inferred shortest-path assignment on OSM streets; not an as-built feeder
SYN-2617,220232167,Novi Sad 7 - Juzni Telep,NS7,NS7,Novi Sad 7 - Juzni Telep,20.0,1375666091,1.4463710000000003,0.08121892608068448,capacity-balanced inferred shortest-path assignment on OSM streets; not an as-built feeder
SYN-2619,220232167,Novi Sad 7 - Juzni Telep,NS7,NS7,Novi Sad 7 - Juzni Telep,20.0,3190249905,2.3063479999999994,0.08121892608068448,capacity-balanced inferred shortest-path assignment on OSM streets; not an as-built feeder
SYN-2621,220232167,Novi Sad 7 - Juzni Telep,NS7,NS7,Novi Sad 7 - Juzni Telep,20.0,2915816050,2.286929,0.08121892608068448,capacity-balanced inferred shortest-path assignment on OSM streets; not an as-built feeder
SYN-2623,220232167,Novi Sad 7 - Juzni Telep,NS7,NS7,Novi Sad 7 - Juzni Telep,20.0,3190249905,2.3063479999999994,0.08121892608068448,capacity-balanced inferred shortest-path assignment on OSM streets; not an as-built feeder
SYN-2625,220232167,Novi Sad 7 - Juzni Telep,NS7,NS7,Novi Sad 7 - Juzni Telep,20.0,3068264948,1.7252699999999999,0.08121892608068448,capacity-balanced inferred shortest-path assignment on OSM streets; not an as-built feeder
SYN-2628,220232167,Novi Sad 7 - Juzni Telep,NS7,NS7,Novi Sad 7 - Juzni Telep,20.0,1213463923,3.341243,0.08121892608068448,capacity-balanced inferred shortest-path assignment on OSM streets; not an as-built feeder
SYN-2629,220232167,Novi Sad 7 - Juzni Telep,NS7,NS7,Novi Sad 7 - Juzni Telep,20.0,12963317094,2.9320190000000004,0.08121892608068448,capacity-balanced inferred shortest-path assignment on OSM streets; not an as-built feeder
SYN-2630,220232167,Novi Sad 7 - Juzni Telep,NS7,NS7,Novi Sad 7 - Juzni Telep,20.0,12976733127,3.417289,0.08121892608068448,capacity-balanced inferred shortest-path assignment on OSM streets; not an as-built feeder
SYN-2631,220232167,Novi Sad 7 - Juzni Telep,NS7,NS7,Novi Sad 7 - Juzni Telep,20.0,922841194,3.408831,0.08121892608068448,capacity-balanced inferred shortest-path assignment on OSM streets; not an as-built feeder
SYN-2632,220232167,Novi Sad 7 - Juzni Telep,NS7,NS7,Novi Sad 7 - Juzni Telep,20.0,3398542090,0.9049200000000001,0.08121892608068448,capacity-balanced inferred shortest-path assignment on OSM streets; not an as-built feeder
SYN-2633,220232167,Novi Sad 7 - Juzni Telep,NS7,NS7,Novi Sad 7 - Juzni Telep,20.0,3758471929,1.488262,0.08121892608068448,capacity-balanced inferred shortest-path assignment on OSM streets; not an as-built feeder
SYN-2635,220232167,Novi Sad 7 - Juzni Telep,NS7,NS7,Novi Sad 7 - Juzni Telep,20.0,3068271219,2.0085049999999995,0.08121892608068448,capacity-balanced inferred shortest-path assignment on OSM streets; not an as-built feeder
SYN-2636,220232167,Novi Sad 7 - Juzni Telep,NS7,NS7,Novi Sad 7 - Juzni Telep,20.0,2915816061,1.883584,0.08121892608068448,capacity-balanced inferred shortest-path assignment on OSM streets; not an as-built feeder
SYN-2637,220232167,Novi Sad 7 - Juzni Telep,NS7,NS7,Novi Sad 7 - Juzni Telep,20.0,3080143637,1.8832289999999998,0.08121892608068448,capacity-balanced inferred shortest-path assignment on OSM streets; not an as-built feeder
SYN-2639,220232167,Novi Sad 7 - Juzni Telep,NS7,NS7,Novi Sad 7 - Juzni Telep,20.0,1213464159,2.826393,0.08121892608068448,capacity-balanced inferred shortest-path assignment on OSM streets; not an as-built feeder
SYN-2640,220232167,Novi Sad 7 - Juzni Telep,NS7,NS7,Novi Sad 7 - Juzni Telep,20.0,1229948824,4.010332999999999,0.08121892608068448,capacity-balanced inferred shortest-path assignment on OSM streets; not an as-built feeder
SYN-2641,220232167,Novi Sad 7 - Juzni Telep,NS7,NS7,Novi Sad 7 - Juzni Telep,20.0,1230711047,2.2430289999999995,0.08121892608068448,capacity-balanced inferred shortest-path assignment on OSM streets; not an as-built feeder
SYN-2642,220232167,Novi Sad 7 - Juzni Telep,NS7,NS7,Novi Sad 7 - Juzni Telep,20.0,1229948858,2.9156329999999997,0.08121892608068448,capacity-balanced inferred shortest-path assignment on OSM streets; not an as-built feeder
SYN-2643,220232167,Novi Sad 7 - Juzni Telep,NS7,NS7,Novi Sad 7 - Juzni Telep,20.0,3398391544,1.5421010000000002,0.08121892608068448,capacity-balanced inferred shortest-path assignment on OSM streets; not an as-built feeder
SYN-2644,220232167,Novi Sad 7 - Juzni Telep,NS7,NS7,Novi Sad 7 - Juzni Telep,20.0,12374164170,2.9421500000000003,0.08121892608068448,capacity-balanced inferred shortest-path assignment on OSM streets; not an as-built feeder
SYN-2645,220232167,Novi Sad 7 - Juzni Telep,NS7,NS7,Novi Sad 7 - Juzni Telep,20.0,3128084203,2.661204,0.08121892608068448,capacity-balanced inferred shortest-path assignment on OSM streets; not an as-built feeder
SYN-2648,220232167,Novi Sad 7 - Juzni Telep,NS7,NS7,Novi Sad 7 - Juzni Telep,20.0,3181892666,2.6549300000000007,0.08121892607636914,capacity-balanced inferred shortest-path assignment on OSM streets; not an as-built feeder
SYN-0006,359523533,Novi Sad 9 - Rafinerija,NS9,NS9,Novi Sad 9 - Rafinerija,20.0,3574776898,1.1651509999999998,0.08359118932179689,capacity-balanced inferred shortest-path assignment on OSM streets; not an as-built feeder
SYN-0007,359523533,Novi Sad 9 - Rafinerija,NS9,NS9,Novi Sad 9 - Rafinerija,20.0,1230711792,1.3582349999999999,0.08359118932179689,capacity-balanced inferred shortest-path assignment on OSM streets; not an as-built feeder
SYN-0008,359523533,Novi Sad 9 - Rafinerija,NS9,NS9,Novi Sad 9 - Rafinerija,20.0,3574776898,1.1651509999999998,0.08359118932179689,capacity-balanced inferred shortest-path assignment on OSM streets; not an as-built feeder
SYN-0009,359523533,Novi Sad 9 - Rafinerija,NS9,NS9,Novi Sad 9 - Rafinerija,20.0,3574776883,1.213345,0.08359118932179689,capacity-balanced inferred shortest-path assignment on OSM streets; not an as-built feeder
SYN-0010,359523533,Novi Sad 9 - Rafinerija,NS9,NS9,Novi Sad 9 - Rafinerija,20.0,3574776898,1.1651509999999998,0.08359118932179689,capacity-balanced inferred shortest-path assignment on OSM streets; not an as-built feeder
SYN-0011,359523533,Novi Sad 9 - Rafinerija,NS9,NS9,Novi Sad 9 - Rafinerija,20.0,3574776883,1.213345,0.08359118932179689,capacity-balanced inferred shortest-path assignment on OSM streets; not an as-built feeder
SYN-0012,359523533,Novi Sad 9 - Rafinerija,NS9,NS9,Novi Sad 9 - Rafinerija,20.0,3574776799,1.3081919999999998,0.08359118932179689,capacity-balanced inferred shortest-path assignment on OSM streets; not an as-built feeder
SYN-0143,359523533,Novi Sad 9 - Rafinerija,NS9,NS9,Novi Sad 9 - Rafinerija,20.0,7467743081,2.288384,0.08891427114180007,capacity-balanced inferred shortest-path assignment on OSM streets; not an as-built feeder
SYN-0144,359523533,Novi Sad 9 - Rafinerija,NS9,NS9,Novi Sad 9 - Rafinerija,20.0,7467743068,2.224228,0.08891427114180007,capacity-balanced inferred shortest-path assignment on OSM streets; not an as-built feeder
SYN-0145,359523533,Novi Sad 9 - Rafinerija,NS9,NS9,Novi Sad 9 - Rafinerija,20.0,7467743076,2.360593,0.08891427114180007,capacity-balanced inferred shortest-path assignment on OSM streets; not an as-built feeder
SYN-0146,359523533,Novi Sad 9 - Rafinerija,NS9,NS9,Novi Sad 9 - Rafinerija,20.0,11192812717,4.827949999999998,0.08650735175498854,capacity-balanced inferred shortest-path assignment on OSM streets; not an as-built feeder
SYN-0149,359523533,Novi Sad 9 - Rafinerija,NS9,NS9,Novi Sad 9 - Rafinerija,20.0,1205664502,4.501375999999999,0.08650735175498854,capacity-balanced inferred shortest-path assignment on OSM streets; not an as-built feeder
SYN-0153,359523533,Novi Sad 9 - Rafinerija,NS9,NS9,Novi Sad 9 - Rafinerija,20.0,2894822523,4.787438999999999,0.08650735175498854,capacity-balanced inferred shortest-path assignment on OSM streets; not an as-built feeder
SYN-0154,359523533,Novi Sad 9 - Rafinerija,NS9,NS9,Novi Sad 9 - Rafinerija,20.0,11192869971,4.460514999999997,0.08650735175498854,capacity-balanced inferred shortest-path assignment on OSM streets; not an as-built feeder
SYN-0155,359523533,Novi Sad 9 - Rafinerija,NS9,NS9,Novi Sad 9 - Rafinerija,20.0,3616172859,4.563966999999999,0.08650735175498854,capacity-balanced inferred shortest-path assignment on OSM streets; not an as-built feeder
SYN-0239,359523533,Novi Sad 9 - Rafinerija,NS9,NS9,Novi Sad 9 - Rafinerija,20.0,12399591111,3.5836799999999975,0.089776261869313,capacity-balanced inferred shortest-path assignment on OSM streets; not an as-built feeder
SYN-0240,359523533,Novi Sad 9 - Rafinerija,NS9,NS9,Novi Sad 9 - Rafinerija,20.0,12399591111,3.5836799999999975,0.089776261869313,capacity-balanced inferred shortest-path assignment on OSM streets; not an as-built feeder
SYN-0241,359523533,Novi Sad 9 - Rafinerija,NS9,NS9,Novi Sad 9 - Rafinerija,20.0,1573829836,3.6822199999999974,0.089776261869313,capacity-balanced inferred shortest-path assignment on OSM streets; not an as-built feeder
SYN-0243,359523533,Novi Sad 9 - Rafinerija,NS9,NS9,Novi Sad 9 - Rafinerija,20.0,1573824971,3.5200709999999975,0.089776261869313,capacity-balanced inferred shortest-path assignment on OSM streets; not an as-built feeder
SYN-0290,359523533,Novi Sad 9 - Rafinerija,NS9,NS9,Novi Sad 9 - Rafinerija,20.0,12892379092,4.295436,0.013195242353897572,capacity-balanced inferred shortest-path assignment on OSM streets; not an as-built feeder
SYN-0291,359523533,Novi Sad 9 - Rafinerija,NS9,NS9,Novi Sad 9 - Rafinerija,20.0,12892379091,4.259207999999999,0.011590477255745177,capacity-balanced inferred shortest-path assignment on OSM streets; not an as-built feeder
SYN-0292,359523533,Novi Sad 9 - Rafinerija,NS9,NS9,Novi Sad 9 - Rafinerija,20.0,11942789918,4.071221,0.08946628732653691,capacity-balanced inferred shortest-path assignment on OSM streets; not an as-built feeder
SYN-0293,359523533,Novi Sad 9 - Rafinerija,NS9,NS9,Novi Sad 9 - Rafinerija,20.0,11942789918,4.071221,0.08946628732653691,capacity-balanced inferred shortest-path assignment on OSM streets; not an as-built feeder
SYN-0294,359523533,Novi Sad 9 - Rafinerija,NS9,NS9,Novi Sad 9 - Rafinerija,20.0,3766218172,4.240617999999998,0.0163672823904456,capacity-balanced inferred shortest-path assignment on OSM streets; not an as-built feeder
SYN-0575,359523533,Novi Sad 9 - Rafinerija,NS9,NS9,Novi Sad 9 - Rafinerija,20.0,7331702801,1.1132730000000002,0.1374859002654831,capacity-balanced inferred shortest-path assignment on OSM streets; not an as-built feeder
SYN-0786,359523533,Novi Sad 9 - Rafinerija,NS9,NS9,Novi Sad 9 - Rafinerija,20.0,3625370712,3.784483999999999,0.017423330302261474,capacity-balanced inferred shortest-path assignment on OSM streets; not an as-built feeder
SYN-0787,359523533,Novi Sad 9 - Rafinerija,NS9,NS9,Novi Sad 9 - Rafinerija,20.0,1207161703,4.061270999999999,0.03343909442285499,capacity-balanced inferred shortest-path assignment on OSM streets; not an as-built feeder
SYN-0788,359523533,Novi Sad 9 - Rafinerija,NS9,NS9,Novi Sad 9 - Rafinerija,20.0,1207161703,4.061270999999999,0.03343909442285499,capacity-balanced inferred shortest-path assignment on OSM streets; not an as-built feeder
SYN-0789,359523533,Novi Sad 9 - Rafinerija,NS9,NS9,Novi Sad 9 - Rafinerija,20.0,3574060060,0.755327,0.08177437607499768,capacity-balanced inferred shortest-path assignment on OSM streets; not an as-built feeder
SYN-0790,359523533,Novi Sad 9 - Rafinerija,NS9,NS9,Novi Sad 9 - Rafinerija,20.0,3574060060,0.755327,0.08177437607499768,capacity-balanced inferred shortest-path assignment on OSM streets; not an as-built feeder
SYN-0791,359523533,Novi Sad 9 - Rafinerija,NS9,NS9,Novi Sad 9 - Rafinerija,20.0,1675139683,0.604324,0.08177437607499768,capacity-balanced inferred shortest-path assignment on OSM streets; not an as-built feeder
SYN-0792,359523533,Novi Sad 9 - Rafinerija,NS9,NS9,Novi Sad 9 - Rafinerija,20.0,11192186450,0.9195619999999999,0.08177437607499768,capacity-balanced inferred shortest-path assignment on OSM streets; not an as-built feeder
SYN-0793,359523533,Novi Sad 9 - Rafinerija,NS9,NS9,Novi Sad 9 - Rafinerija,20.0,11192318843,0.8677749999999999,0.08177437607499768,capacity-balanced inferred shortest-path assignment on OSM streets; not an as-built feeder
SYN-0794,359523533,Novi Sad 9 - Rafinerija,NS9,NS9,Novi Sad 9 - Rafinerija,20.0,11192186455,0.8143549999999999,0.08177437607499768,capacity-balanced inferred shortest-path assignment on OSM streets; not an as-built feeder
SYN-0795,359523533,Novi Sad 9 - Rafinerija,NS9,NS9,Novi Sad 9 - Rafinerija,20.0,11192310135,0.980695,0.08177437607499768,capacity-balanced inferred shortest-path assignment on OSM streets; not an as-built feeder
SYN-0796,359523533,Novi Sad 9 - Rafinerija,NS9,NS9,Novi Sad 9 - Rafinerija,20.0,1675139763,0.574465,0.08177437607499768,capacity-balanced inferred shortest-path assignment on OSM streets; not an as-built feeder
SYN-0797,359523533,Novi Sad 9 - Rafinerija,NS9,NS9,Novi Sad 9 - Rafinerija,20.0,11192186456,0.7310949999999999,0.08177437607499768,capacity-balanced inferred shortest-path assignment on OSM streets; not an as-built feeder
SYN-0798,359523533,Novi Sad 9 - Rafinerija,NS9,NS9,Novi Sad 9 - Rafinerija,20.0,1230711797,0.318437,0.08177437607499768,capacity-balanced inferred shortest-path assignment on OSM streets; not an as-built feeder
SYN-0799,359523533,Novi Sad 9 - Rafinerija,NS9,NS9,Novi Sad 9 - Rafinerija,20.0,11192186452,0.8920669999999999,0.08177437607499768,capacity-balanced inferred shortest-path assignment on OSM streets; not an as-built feeder
SYN-0800,359523533,Novi Sad 9 - Rafinerija,NS9,NS9,Novi Sad 9 - Rafinerija,20.0,11192186456,0.7310949999999999,0.08177437607499768,capacity-balanced inferred shortest-path assignment on OSM streets; not an as-built feeder
SYN-0801,359523533,Novi Sad 9 - Rafinerija,NS9,NS9,Novi Sad 9 - Rafinerija,20.0,7606033134,0.13761199999999998,0.08177437607499768,capacity-balanced inferred shortest-path assignment on OSM streets; not an as-built feeder
SYN-0802,359523533,Novi Sad 9 - Rafinerija,NS9,NS9,Novi Sad 9 - Rafinerija,20.0,11192186450,0.9195619999999999,0.08177437607499768,capacity-balanced inferred shortest-path assignment on OSM streets; not an as-built feeder
SYN-0803,359523533,Novi Sad 9 - Rafinerija,NS9,NS9,Novi Sad 9 - Rafinerija,20.0,1230711797,0.318437,0.08177437607499768,capacity-balanced inferred shortest-path assignment on OSM streets; not an as-built feeder
SYN-0804,359523533,Novi Sad 9 - Rafinerija,NS9,NS9,Novi Sad 9 - Rafinerija,20.0,1675139683,0.604324,0.08177437607499768,capacity-balanced inferred shortest-path assignment on OSM streets; not an as-built feeder
SYN-0805,359523533,Novi Sad 9 - Rafinerija,NS9,NS9,Novi Sad 9 - Rafinerija,20.0,11192186454,0.8923049999999999,0.08177437607499768,capacity-balanced inferred shortest-path assignment on OSM streets; not an as-built feeder
SYN-0806,359523533,Novi Sad 9 - Rafinerija,NS9,NS9,Novi Sad 9 - Rafinerija,20.0,11192186456,0.7310949999999999,0.08177437607499768,capacity-balanced inferred shortest-path assignment on OSM streets; not an as-built feeder
SYN-0823,359523533,Novi Sad 9 - Rafinerija,NS9,NS9,Novi Sad 9 - Rafinerija,20.0,1230711241,1.59358,0.04040711231802712,capacity-balanced inferred shortest-path assignment on OSM streets; not an as-built feeder
SYN-1007,359523533,Novi Sad 9 - Rafinerija,NS9,NS9,Novi Sad 9 - Rafinerija,20.0,1675130108,2.478642999999999,0.08381427532930769,capacity-balanced inferred shortest-path assignment on OSM streets; not an as-built feeder
SYN-1008,359523533,Novi Sad 9 - Rafinerija,NS9,NS9,Novi Sad 9 - Rafinerija,20.0,1675130031,2.354472999999999,0.08381427532930769,capacity-balanced inferred shortest-path assignment on OSM streets; not an as-built feeder
SYN-1009,359523533,Novi Sad 9 - Rafinerija,NS9,NS9,Novi Sad 9 - Rafinerija,20.0,3975118740,2.3906519999999998,0.08381427532930769,capacity-balanced inferred shortest-path assignment on OSM streets; not an as-built feeder
SYN-1010,359523533,Novi Sad 9 - Rafinerija,NS9,NS9,Novi Sad 9 - Rafinerija,20.0,3975118754,2.4076939999999993,0.08381427532930769,capacity-balanced inferred shortest-path assignment on OSM streets; not an as-built feeder
SYN-1011,359523533,Novi Sad 9 - Rafinerija,NS9,NS9,Novi Sad 9 - Rafinerija,20.0,3975128477,2.1477729999999995,0.08381427532930769,capacity-balanced inferred shortest-path assignment on OSM streets; not an as-built feeder
SYN-1012,359523533,Novi Sad 9 - Rafinerija,NS9,NS9,Novi Sad 9 - Rafinerija,20.0,1675130031,2.354472999999999,0.08381427532930769,capacity-balanced inferred shortest-path assignment on OSM streets; not an as-built feeder
SYN-1013,359523533,Novi Sad 9 - Rafinerija,NS9,NS9,Novi Sad 9 - Rafinerija,20.0,3989339130,2.550318999999999,0.08381427532930769,capacity-balanced inferred shortest-path assignment on OSM streets; not an as-built feeder
SYN-1014,359523533,Novi Sad 9 - Rafinerija,NS9,NS9,Novi Sad 9 - Rafinerija,20.0,1675129840,1.7930559999999998,0.11114942337105223,capacity-balanced inferred shortest-path assignment on OSM streets; not an as-built feeder
SYN-1015,359523533,Novi Sad 9 - Rafinerija,NS9,NS9,Novi Sad 9 - Rafinerija,20.0,1675129840,1.7930559999999998,0.11114942337105223,capacity-balanced inferred shortest-path assignment on OSM streets; not an as-built feeder
SYN-1018,359523533,Novi Sad 9 - Rafinerija,NS9,NS9,Novi Sad 9 - Rafinerija,20.0,3642324888,1.020194,0.03981198009335658,capacity-balanced inferred shortest-path assignment on OSM streets; not an as-built feeder
SYN-1019,359523533,Novi Sad 9 - Rafinerija,NS9,NS9,Novi Sad 9 - Rafinerija,20.0,3642324888,1.020194,0.03981198009335658,capacity-balanced inferred shortest-path assignment on OSM streets; not an as-built feeder
SYN-1020,359523533,Novi Sad 9 - Rafinerija,NS9,NS9,Novi Sad 9 - Rafinerija,20.0,3642324894,0.595519,0.08257137516735914,capacity-balanced inferred shortest-path assignment on OSM streets; not an as-built feeder
SYN-1021,359523533,Novi Sad 9 - Rafinerija,NS9,NS9,Novi Sad 9 - Rafinerija,20.0,3642324941,0.62963,0.08257137516735914,capacity-balanced inferred shortest-path assignment on OSM streets; not an as-built feeder
SYN-1022,359523533,Novi Sad 9 - Rafinerija,NS9,NS9,Novi Sad 9 - Rafinerija,20.0,3642324965,0.7404010000000001,0.08257137516735914,capacity-balanced inferred shortest-path assignment on OSM streets; not an as-built feeder
SYN-1023,359523533,Novi Sad 9 - Rafinerija,NS9,NS9,Novi Sad 9 - Rafinerija,20.0,3999060090,0.777256,0.08257137516735914,capacity-balanced inferred shortest-path assignment on OSM streets; not an as-built feeder
SYN-1024,359523533,Novi Sad 9 - Rafinerija,NS9,NS9,Novi Sad 9 - Rafinerija,20.0,3642238030,0.6125940000000001,0.08257137516735914,capacity-balanced inferred shortest-path assignment on OSM streets; not an as-built feeder
SYN-1025,359523533,Novi Sad 9 - Rafinerija,NS9,NS9,Novi Sad 9 - Rafinerija,20.0,3999066513,0.740995,0.08257137516735914,capacity-balanced inferred shortest-path assignment on OSM streets; not an as-built feeder
SYN-1026,359523533,Novi Sad 9 - Rafinerija,NS9,NS9,Novi Sad 9 - Rafinerija,20.0,3642324965,0.7404010000000001,0.08257137516735914,capacity-balanced inferred shortest-path assignment on OSM streets; not an as-built feeder
SYN-1027,359523533,Novi Sad 9 - Rafinerija,NS9,NS9,Novi Sad 9 - Rafinerija,20.0,3999066474,0.971625,0.07820877780543421,capacity-balanced inferred shortest-path assignment on OSM streets; not an as-built feeder
SYN-1028,359523533,Novi Sad 9 - Rafinerija,NS9,NS9,Novi Sad 9 - Rafinerija,20.0,3975104595,1.488949,0.07820877780543421,capacity-balanced inferred shortest-path assignment on OSM streets; not an as-built feeder
SYN-1029,359523533,Novi Sad 9 - Rafinerija,NS9,NS9,Novi Sad 9 - Rafinerija,20.0,3999060150,0.894728,0.08100737348206576,capacity-balanced inferred shortest-path assignment on OSM streets; not an as-built feeder
SYN-1030,359523533,Novi Sad 9 - Rafinerija,NS9,NS9,Novi Sad 9 - Rafinerija,20.0,3999060108,0.965817,0.08100737348206576,capacity-balanced inferred shortest-path assignment on OSM streets; not an as-built feeder
SYN-1031,359523533,Novi Sad 9 - Rafinerija,NS9,NS9,Novi Sad 9 - Rafinerija,20.0,3999060130,0.84475,0.08100737348206576,capacity-balanced inferred shortest-path assignment on OSM streets; not an as-built feeder
SYN-1032,359523533,Novi Sad 9 - Rafinerija,NS9,NS9,Novi Sad 9 - Rafinerija,20.0,3999060145,0.980971,0.08100737348206576,capacity-balanced inferred shortest-path assignment on OSM streets; not an as-built feeder
SYN-1033,359523533,Novi Sad 9 - Rafinerija,NS9,NS9,Novi Sad 9 - Rafinerija,20.0,3999060128,0.8007839999999999,0.08100737348206576,capacity-balanced inferred shortest-path assignment on OSM streets; not an as-built feeder
SYN-1034,359523533,Novi Sad 9 - Rafinerija,NS9,NS9,Novi Sad 9 - Rafinerija,20.0,3999060113,0.964967,0.08100737348206576,capacity-balanced inferred shortest-path assignment on OSM streets; not an as-built feeder
SYN-1035,359523533,Novi Sad 9 - Rafinerija,NS9,NS9,Novi Sad 9 - Rafinerija,20.0,3999066540,0.8781789999999999,0.08100737348206576,capacity-balanced inferred shortest-path assignment on OSM streets; not an as-built feeder
SYN-1036,359523533,Novi Sad 9 - Rafinerija,NS9,NS9,Novi Sad 9 - Rafinerija,20.0,3999060128,0.8007839999999999,0.08100737348206576,capacity-balanced inferred shortest-path assignment on OSM streets; not an as-built feeder
SYN-1037,359523533,Novi Sad 9 - Rafinerija,NS9,NS9,Novi Sad 9 - Rafinerija,20.0,3999060107,0.856087,0.08100737348206576,capacity-balanced inferred shortest-path assignment on OSM streets; not an as-built feeder
SYN-1049,359523533,Novi Sad 9 - Rafinerija,NS9,NS9,Novi Sad 9 - Rafinerija,20.0,6008610311,2.3855660000000003,0.083845433323154,capacity-balanced inferred shortest-path assignment on OSM streets; not an as-built feeder
SYN-1050,359523533,Novi Sad 9 - Rafinerija,NS9,NS9,Novi Sad 9 - Rafinerija,20.0,10588604811,2.345334,0.083845433323154,capacity-balanced inferred shortest-path assignment on OSM streets; not an as-built feeder
SYN-1051,359523533,Novi Sad 9 - Rafinerija,NS9,NS9,Novi Sad 9 - Rafinerija,20.0,6008610310,2.3386890000000005,0.083845433323154,capacity-balanced inferred shortest-path assignment on OSM streets; not an as-built feeder
SYN-1052,359523533,Novi Sad 9 - Rafinerija,NS9,NS9,Novi Sad 9 - Rafinerija,20.0,6008610296,2.2918179999999997,0.083845433323154,capacity-balanced inferred shortest-path assignment on OSM streets; not an as-built feeder
SYN-1053,359523533,Novi Sad 9 - Rafinerija,NS9,NS9,Novi Sad 9 - Rafinerija,20.0,6008610303,2.195883,0.083845433323154,capacity-balanced inferred shortest-path assignment on OSM streets; not an as-built feeder
SYN-1054,359523533,Novi Sad 9 - Rafinerija,NS9,NS9,Novi Sad 9 - Rafinerija,20.0,6008610306,2.248703,0.083845433323154,capacity-balanced inferred shortest-path assignment on OSM streets; not an as-built feeder
SYN-1055,359523533,Novi Sad 9 - Rafinerija,NS9,NS9,Novi Sad 9 - Rafinerija,20.0,9643517221,2.229655,0.083845433323154,capacity-balanced inferred shortest-path assignment on OSM streets; not an as-built feeder
SYN-1056,359523533,Novi Sad 9 - Rafinerija,NS9,NS9,Novi Sad 9 - Rafinerija,20.0,6008610296,2.2918179999999997,0.083845433323154,capacity-balanced inferred shortest-path assignment on OSM streets; not an as-built feeder
SYN-1057,359523533,Novi Sad 9 - Rafinerija,NS9,NS9,Novi Sad 9 - Rafinerija,20.0,12830286216,2.3080040000000004,0.083845433323154,capacity-balanced inferred shortest-path assignment on OSM streets; not an as-built feeder
SYN-1058,359523533,Novi Sad 9 - Rafinerija,NS9,NS9,Novi Sad 9 - Rafinerija,20.0,6008610313,2.4998580000000006,0.083845433323154,capacity-balanced inferred shortest-path assignment on OSM streets; not an as-built feeder
SYN-1059,359523533,Novi Sad 9 - Rafinerija,NS9,NS9,Novi Sad 9 - Rafinerija,20.0,13160062698,4.304590999999999,0.08008433619673659,capacity-balanced inferred shortest-path assignment on OSM streets; not an as-built feeder
SYN-1060,359523533,Novi Sad 9 - Rafinerija,NS9,NS9,Novi Sad 9 - Rafinerija,20.0,7032903423,4.511850000000001,0.08008433619673659,capacity-balanced inferred shortest-path assignment on OSM streets; not an as-built feeder
SYN-1061,359523533,Novi Sad 9 - Rafinerija,NS9,NS9,Novi Sad 9 - Rafinerija,20.0,7032903425,4.454005000000001,0.08008433619673659,capacity-balanced inferred shortest-path assignment on OSM streets; not an as-built feeder
SYN-1062,359523533,Novi Sad 9 - Rafinerija,NS9,NS9,Novi Sad 9 - Rafinerija,20.0,7032903423,4.511850000000001,0.08008433619673659,capacity-balanced inferred shortest-path assignment on OSM streets; not an as-built feeder
SYN-1063,359523533,Novi Sad 9 - Rafinerija,NS9,NS9,Novi Sad 9 - Rafinerija,20.0,7032903433,4.931553000000001,0.08008433619673659,capacity-balanced inferred shortest-path assignment on OSM streets; not an as-built feeder
SYN-1064,359523533,Novi Sad 9 - Rafinerija,NS9,NS9,Novi Sad 9 - Rafinerija,20.0,7032903438,4.554507,0.08008433619673659,capacity-balanced inferred shortest-path assignment on OSM streets; not an as-built feeder
SYN-1065,359523533,Novi Sad 9 - Rafinerija,NS9,NS9,Novi Sad 9 - Rafinerija,20.0,13160062698,4.304590999999999,0.08008433619673659,capacity-balanced inferred shortest-path assignment on OSM streets; not an as-built feeder
SYN-1066,359523533,Novi Sad 9 - Rafinerija,NS9,NS9,Novi Sad 9 - Rafinerija,20.0,8974275122,4.412525,0.08008433619673659,capacity-balanced inferred shortest-path assignment on OSM streets; not an as-built feeder
SYN-1067,359523533,Novi Sad 9 - Rafinerija,NS9,NS9,Novi Sad 9 - Rafinerija,20.0,7032903441,4.619764000000001,0.08008433619673659,capacity-balanced inferred shortest-path assignment on OSM streets; not an as-built feeder
SYN-1068,359523533,Novi Sad 9 - Rafinerija,NS9,NS9,Novi Sad 9 - Rafinerija,20.0,7032903439,4.545652000000001,0.08008433619673659,capacity-balanced inferred shortest-path assignment on OSM streets; not an as-built feeder
SYN-1069,359523533,Novi Sad 9 - Rafinerija,NS9,NS9,Novi Sad 9 - Rafinerija,20.0,2327184783,4.2820920000000005,0.08008433619673659,capacity-balanced inferred shortest-path assignment on OSM streets; not an as-built feeder
SYN-1070,359523533,Novi Sad 9 - Rafinerija,NS9,NS9,Novi Sad 9 - Rafinerija,20.0,7032903434,4.937236,0.08008433619673659,capacity-balanced inferred shortest-path assignment on OSM streets; not an as-built feeder
SYN-1071,359523533,Novi Sad 9 - Rafinerija,NS9,NS9,Novi Sad 9 - Rafinerija,20.0,7032903429,4.762856000000001,0.08008433619673659,capacity-balanced inferred shortest-path assignment on OSM streets; not an as-built feeder
SYN-1072,359523533,Novi Sad 9 - Rafinerija,NS9,NS9,Novi Sad 9 - Rafinerija,20.0,7032903432,4.922290000000001,0.08008433619673659,capacity-balanced inferred shortest-path assignment on OSM streets; not an as-built feeder
SYN-1073,359523533,Novi Sad 9 - Rafinerija,NS9,NS9,Novi Sad 9 - Rafinerija,20.0,7032903429,4.762856000000001,0.08008433619673659,capacity-balanced inferred shortest-path assignment on OSM streets; not an as-built feeder
SYN-1074,359523533,Novi Sad 9 - Rafinerija,NS9,NS9,Novi Sad 9 - Rafinerija,20.0,7032903439,4.545652000000001,0.08008433619673659,capacity-balanced inferred shortest-path assignment on OSM streets; not an as-built feeder
SYN-1075,359523533,Novi Sad 9 - Rafinerija,NS9,NS9,Novi Sad 9 - Rafinerija,20.0,9643517229,2.0591890000000004,0.07954555363849398,capacity-balanced inferred shortest-path assignment on OSM streets; not an as-built feeder
SYN-1076,359523533,Novi Sad 9 - Rafinerija,NS9,NS9,Novi Sad 9 - Rafinerija,20.0,9643517218,2.032048,0.07954555363849398,capacity-balanced inferred shortest-path assignment on OSM streets; not an as-built feeder
SYN-1077,359523533,Novi Sad 9 - Rafinerija,NS9,NS9,Novi Sad 9 - Rafinerija,20.0,9643517221,2.229655,0.07954555363849398,capacity-balanced inferred shortest-path assignment on OSM streets; not an as-built feeder
SYN-1078,359523533,Novi Sad 9 - Rafinerija,NS9,NS9,Novi Sad 9 - Rafinerija,20.0,9643517226,2.15073,0.07954555363849398,capacity-balanced inferred shortest-path assignment on OSM streets; not an as-built feeder
SYN-1079,359523533,Novi Sad 9 - Rafinerija,NS9,NS9,Novi Sad 9 - Rafinerija,20.0,9643517221,2.229655,0.07954555363849398,capacity-balanced inferred shortest-path assignment on OSM streets; not an as-built feeder
SYN-1080,359523533,Novi Sad 9 - Rafinerija,NS9,NS9,Novi Sad 9 - Rafinerija,20.0,9643517230,1.925092,0.07954555363849398,capacity-balanced inferred shortest-path assignment on OSM streets; not an as-built feeder
SYN-1081,359523533,Novi Sad 9 - Rafinerija,NS9,NS9,Novi Sad 9 - Rafinerija,20.0,9643517221,2.229655,0.07954555363849398,capacity-balanced inferred shortest-path assignment on OSM streets; not an as-built feeder
SYN-1082,359523533,Novi Sad 9 - Rafinerija,NS9,NS9,Novi Sad 9 - Rafinerija,20.0,6709314709,1.8505939999999999,0.07954555363849398,capacity-balanced inferred shortest-path assignment on OSM streets; not an as-built feeder
SYN-1245,359523533,Novi Sad 9 - Rafinerija,NS9,NS9,Novi Sad 9 - Rafinerija,20.0,6774630163,2.722316,0.03646442586326173,capacity-balanced inferred shortest-path assignment on OSM streets; not an as-built feeder
SYN-1246,359523533,Novi Sad 9 - Rafinerija,NS9,NS9,Novi Sad 9 - Rafinerija,20.0,3707358381,1.8106349999999998,0.08283469580425405,capacity-balanced inferred shortest-path assignment on OSM streets; not an as-built feeder
SYN-1247,359523533,Novi Sad 9 - Rafinerija,NS9,NS9,Novi Sad 9 - Rafinerija,20.0,3707358381,1.8106349999999998,0.08283469580425405,capacity-balanced inferred shortest-path assignment on OSM streets; not an as-built feeder
SYN-1248,359523533,Novi Sad 9 - Rafinerija,NS9,NS9,Novi Sad 9 - Rafinerija,20.0,3707358441,2.4342490000000003,0.08283469580425405,capacity-balanced inferred shortest-path assignment on OSM streets; not an as-built feeder
SYN-1249,359523533,Novi Sad 9 - Rafinerija,NS9,NS9,Novi Sad 9 - Rafinerija,20.0,3707358381,1.8106349999999998,0.08283469580425405,capacity-balanced inferred shortest-path assignment on OSM streets; not an as-built feeder
SYN-1250,359523533,Novi Sad 9 - Rafinerija,NS9,NS9,Novi Sad 9 - Rafinerija,20.0,3707358392,1.947533,0.08283469580425405,capacity-balanced inferred shortest-path assignment on OSM streets; not an as-built feeder
SYN-1251,359523533,Novi Sad 9 - Rafinerija,NS9,NS9,Novi Sad 9 - Rafinerija,20.0,3707358376,1.9823199999999996,0.08283469580425405,capacity-balanced inferred shortest-path assignment on OSM streets; not an as-built feeder
SYN-1252,359523533,Novi Sad 9 - Rafinerija,NS9,NS9,Novi Sad 9 - Rafinerija,20.0,3707372616,1.863438,0.08283469580425405,capacity-balanced inferred shortest-path assignment on OSM streets; not an as-built feeder
SYN-1253,359523533,Novi Sad 9 - Rafinerija,NS9,NS9,Novi Sad 9 - Rafinerija,20.0,3707358426,2.115973,0.08283469580425405,capacity-balanced inferred shortest-path assignment on OSM streets; not an as-built feeder
SYN-1254,359523533,Novi Sad 9 - Rafinerija,NS9,NS9,Novi Sad 9 - Rafinerija,20.0,3707358382,2.1954730000000002,0.08283469580425405,capacity-balanced inferred shortest-path assignment on OSM streets; not an as-built feeder
SYN-1255,359523533,Novi Sad 9 - Rafinerija,NS9,NS9,Novi Sad 9 - Rafinerija,20.0,3707358465,1.733209,0.08283469580425405,capacity-balanced inferred shortest-path assignment on OSM streets; not an as-built feeder
SYN-1256,359523533,Novi Sad 9 - Rafinerija,NS9,NS9,Novi Sad 9 - Rafinerija,20.0,3707358380,1.700602,0.08283469580425405,capacity-balanced inferred shortest-path assignment on OSM streets; not an as-built feeder
SYN-1257,359523533,Novi Sad 9 - Rafinerija,NS9,NS9,Novi Sad 9 - Rafinerija,20.0,3707358463,1.929827,0.08283469580425405,capacity-balanced inferred shortest-path assignment on OSM streets; not an as-built feeder
SYN-1258,359523533,Novi Sad 9 - Rafinerija,NS9,NS9,Novi Sad 9 - Rafinerija,20.0,3707358420,1.903393,0.08283469580425405,capacity-balanced inferred shortest-path assignment on OSM streets; not an as-built feeder
SYN-1259,359523533,Novi Sad 9 - Rafinerija,NS9,NS9,Novi Sad 9 - Rafinerija,20.0,3707358462,1.955498,0.08283469580425405,capacity-balanced inferred shortest-path assignment on OSM streets; not an as-built feeder
SYN-1260,359523533,Novi Sad 9 - Rafinerija,NS9,NS9,Novi Sad 9 - Rafinerija,20.0,3707358378,2.018347,0.08283469580425405,capacity-balanced inferred shortest-path assignment on OSM streets; not an as-built feeder
SYN-1261,359523533,Novi Sad 9 - Rafinerija,NS9,NS9,Novi Sad 9 - Rafinerija,20.0,6774630213,2.03295,0.08283469580425405,capacity-balanced inferred shortest-path assignment on OSM streets; not an as-built feeder
SYN-1262,359523533,Novi Sad 9 - Rafinerija,NS9,NS9,Novi Sad 9 - Rafinerija,20.0,3707358441,2.4342490000000003,0.08283469580425405,capacity-balanced inferred shortest-path assignment on OSM streets; not an as-built feeder
SYN-1263,359523533,Novi Sad 9 - Rafinerija,NS9,NS9,Novi Sad 9 - Rafinerija,20.0,3707358466,1.609096,0.08283469580425405,capacity-balanced inferred shortest-path assignment on OSM streets; not an as-built feeder
SYN-1264,359523533,Novi Sad 9 - Rafinerija,NS9,NS9,Novi Sad 9 - Rafinerija,20.0,3707358449,2.322499,0.08283469580425405,capacity-balanced inferred shortest-path assignment on OSM streets; not an as-built feeder
SYN-1265,359523533,Novi Sad 9 - Rafinerija,NS9,NS9,Novi Sad 9 - Rafinerija,20.0,6774630214,2.094192,0.08283469580425405,capacity-balanced inferred shortest-path assignment on OSM streets; not an as-built feeder
SYN-1266,359523533,Novi Sad 9 - Rafinerija,NS9,NS9,Novi Sad 9 - Rafinerija,20.0,3707358461,1.972091,0.08283469580425405,capacity-balanced inferred shortest-path assignment on OSM streets; not an as-built feeder
SYN-1267,359523533,Novi Sad 9 - Rafinerija,NS9,NS9,Novi Sad 9 - Rafinerija,20.0,3707358377,2.212236,0.08283469580425405,capacity-balanced inferred shortest-path assignment on OSM streets; not an as-built feeder
SYN-1268,359523533,Novi Sad 9 - Rafinerija,NS9,NS9,Novi Sad 9 - Rafinerija,20.0,3707358385,2.064547,0.08283469580425405,capacity-balanced inferred shortest-path assignment on OSM streets; not an as-built feeder
SYN-1269,359523533,Novi Sad 9 - Rafinerija,NS9,NS9,Novi Sad 9 - Rafinerija,20.0,3707358433,2.313786,0.08283469580425405,capacity-balanced inferred shortest-path assignment on OSM streets; not an as-built feeder
SYN-1270,359523533,Novi Sad 9 - Rafinerija,NS9,NS9,Novi Sad 9 - Rafinerija,20.0,3707358436,2.337987,0.08283469580425405,capacity-balanced inferred shortest-path assignment on OSM streets; not an as-built feeder
SYN-1271,359523533,Novi Sad 9 - Rafinerija,NS9,NS9,Novi Sad 9 - Rafinerija,20.0,3707358381,1.8106349999999998,0.08283469580425405,capacity-balanced inferred shortest-path assignment on OSM streets; not an as-built feeder
SYN-1272,359523533,Novi Sad 9 - Rafinerija,NS9,NS9,Novi Sad 9 - Rafinerija,20.0,6774630214,2.094192,0.08283469580425405,capacity-balanced inferred shortest-path assignment on OSM streets; not an as-built feeder
SYN-1528,359523533,Novi Sad 9 - Rafinerija,NS9,NS9,Novi Sad 9 - Rafinerija,20.0,14039487357,4.568953,0.09129914021920088,capacity-balanced inferred shortest-path assignment on OSM streets; not an as-built feeder
SYN-1529,359523533,Novi Sad 9 - Rafinerija,NS9,NS9,Novi Sad 9 - Rafinerija,20.0,8456593330,4.667884999999999,0.09129914021920088,capacity-balanced inferred shortest-path assignment on OSM streets; not an as-built feeder
SYN-1699,359523533,Novi Sad 9 - Rafinerija,NS9,NS9,Novi Sad 9 - Rafinerija,20.0,2894822518,4.7992089999999985,0.08404129195057779,capacity-balanced inferred shortest-path assignment on OSM streets; not an as-built feeder
SYN-1700,359523533,Novi Sad 9 - Rafinerija,NS9,NS9,Novi Sad 9 - Rafinerija,20.0,11716927632,4.565893999999998,0.08404129195057779,capacity-balanced inferred shortest-path assignment on OSM streets; not an as-built feeder
SYN-1703,359523533,Novi Sad 9 - Rafinerija,NS9,NS9,Novi Sad 9 - Rafinerija,20.0,6804836899,4.366913999999998,0.08404129195057779,capacity-balanced inferred shortest-path assignment on OSM streets; not an as-built feeder
SYN-1705,359523533,Novi Sad 9 - Rafinerija,NS9,NS9,Novi Sad 9 - Rafinerija,20.0,1205664499,4.668186999999999,0.08404129195057779,capacity-balanced inferred shortest-path assignment on OSM streets; not an as-built feeder
SYN-1706,359523533,Novi Sad 9 - Rafinerija,NS9,NS9,Novi Sad 9 - Rafinerija,20.0,1205713395,4.5866859999999985,0.08404129195057779,capacity-balanced inferred shortest-path assignment on OSM streets; not an as-built feeder
SYN-1707,359523533,Novi Sad 9 - Rafinerija,NS9,NS9,Novi Sad 9 - Rafinerija,20.0,1205664499,4.668186999999999,0.08404129195057779,capacity-balanced inferred shortest-path assignment on OSM streets; not an as-built feeder
SYN-1713,359523533,Novi Sad 9 - Rafinerija,NS9,NS9,Novi Sad 9 - Rafinerija,20.0,1205664490,4.839467999999999,0.08404129195057779,capacity-balanced inferred shortest-path assignment on OSM streets; not an as-built feeder
SYN-1714,359523533,Novi Sad 9 - Rafinerija,NS9,NS9,Novi Sad 9 - Rafinerija,20.0,1205713395,4.5866859999999985,0.08404129195057779,capacity-balanced inferred shortest-path assignment on OSM streets; not an as-built feeder
SYN-1715,359523533,Novi Sad 9 - Rafinerija,NS9,NS9,Novi Sad 9 - Rafinerija,20.0,13318350308,4.5322130000000005,0.08404129195057779,capacity-balanced inferred shortest-path assignment on OSM streets; not an as-built feeder
SYN-1716,359523533,Novi Sad 9 - Rafinerija,NS9,NS9,Novi Sad 9 - Rafinerija,20.0,1205713509,4.646914999999998,0.08404129195057779,capacity-balanced inferred shortest-path assignment on OSM streets; not an as-built feeder
SYN-1719,359523533,Novi Sad 9 - Rafinerija,NS9,NS9,Novi Sad 9 - Rafinerija,20.0,1207173054,3.539390999999999,0.08201334189745285,capacity-balanced inferred shortest-path assignment on OSM streets; not an as-built feeder
SYN-1721,359523533,Novi Sad 9 - Rafinerija,NS9,NS9,Novi Sad 9 - Rafinerija,20.0,3641674261,3.7356719999999983,0.08201334189745285,capacity-balanced inferred shortest-path assignment on OSM streets; not an as-built feeder
SYN-1722,359523533,Novi Sad 9 - Rafinerija,NS9,NS9,Novi Sad 9 - Rafinerija,20.0,3625370710,3.762825999999999,0.08201334189745285,capacity-balanced inferred shortest-path assignment on OSM streets; not an as-built feeder
SYN-1743,359523533,Novi Sad 9 - Rafinerija,NS9,NS9,Novi Sad 9 - Rafinerija,20.0,3641591293,3.628792999999999,0.08201334189745285,capacity-balanced inferred shortest-path assignment on OSM streets; not an as-built feeder
SYN-1745,359523533,Novi Sad 9 - Rafinerija,NS9,NS9,Novi Sad 9 - Rafinerija,20.0,3641591336,3.730842999999998,0.08201334189745285,capacity-balanced inferred shortest-path assignment on OSM streets; not an as-built feeder
SYN-1749,359523533,Novi Sad 9 - Rafinerija,NS9,NS9,Novi Sad 9 - Rafinerija,20.0,3641621881,3.3795249999999992,0.08201334189745285,capacity-balanced inferred shortest-path assignment on OSM streets; not an as-built feeder
SYN-1751,359523533,Novi Sad 9 - Rafinerija,NS9,NS9,Novi Sad 9 - Rafinerija,20.0,3641631195,3.484322,0.08201334189745285,capacity-balanced inferred shortest-path assignment on OSM streets; not an as-built feeder
SYN-1755,359523533,Novi Sad 9 - Rafinerija,NS9,NS9,Novi Sad 9 - Rafinerija,20.0,3641591351,3.7069979999999982,0.08201334189745285,capacity-balanced inferred shortest-path assignment on OSM streets; not an as-built feeder
SYN-1758,359523533,Novi Sad 9 - Rafinerija,NS9,NS9,Novi Sad 9 - Rafinerija,20.0,1207161717,3.980806999999999,0.08201334189745285,capacity-balanced inferred shortest-path assignment on OSM streets; not an as-built feeder
SYN-1760,359523533,Novi Sad 9 - Rafinerija,NS9,NS9,Novi Sad 9 - Rafinerija,20.0,3625370712,3.784483999999999,0.08201334189745285,capacity-balanced inferred shortest-path assignment on OSM streets; not an as-built feeder
SYN-1761,359523533,Novi Sad 9 - Rafinerija,NS9,NS9,Novi Sad 9 - Rafinerija,20.0,3641479352,3.5703529999999986,0.08201334189745285,capacity-balanced inferred shortest-path assignment on OSM streets; not an as-built feeder
SYN-1777,359523533,Novi Sad 9 - Rafinerija,NS9,NS9,Novi Sad 9 - Rafinerija,20.0,8974275120,4.2035659999999995,0.0856266802256214,capacity-balanced inferred shortest-path assignment on OSM streets; not an as-built feeder
SYN-1778,359523533,Novi Sad 9 - Rafinerija,NS9,NS9,Novi Sad 9 - Rafinerija,20.0,7032903434,4.937236,0.0856266802256214,capacity-balanced inferred shortest-path assignment on OSM streets; not an as-built feeder
SYN-1779,359523533,Novi Sad 9 - Rafinerija,NS9,NS9,Novi Sad 9 - Rafinerija,20.0,8974275143,4.385141000000001,0.0856266802256214,capacity-balanced inferred shortest-path assignment on OSM streets; not an as-built feeder
SYN-1780,359523533,Novi Sad 9 - Rafinerija,NS9,NS9,Novi Sad 9 - Rafinerija,20.0,8974275154,4.338003,0.0856266802256214,capacity-balanced inferred shortest-path assignment on OSM streets; not an as-built feeder
SYN-1781,359523533,Novi Sad 9 - Rafinerija,NS9,NS9,Novi Sad 9 - Rafinerija,20.0,7032903434,4.937236,0.0856266802256214,capacity-balanced inferred shortest-path assignment on OSM streets; not an as-built feeder
SYN-1782,359523533,Novi Sad 9 - Rafinerija,NS9,NS9,Novi Sad 9 - Rafinerija,20.0,8974275125,4.213099000000001,0.0856266802256214,capacity-balanced inferred shortest-path assignment on OSM streets; not an as-built feeder
SYN-1783,359523533,Novi Sad 9 - Rafinerija,NS9,NS9,Novi Sad 9 - Rafinerija,20.0,8974275184,4.242879,0.0856266802256214,capacity-balanced inferred shortest-path assignment on OSM streets; not an as-built feeder
SYN-1784,359523533,Novi Sad 9 - Rafinerija,NS9,NS9,Novi Sad 9 - Rafinerija,20.0,8974275181,4.142143999999999,0.0856266802256214,capacity-balanced inferred shortest-path assignment on OSM streets; not an as-built feeder
SYN-1785,359523533,Novi Sad 9 - Rafinerija,NS9,NS9,Novi Sad 9 - Rafinerija,20.0,8974275126,4.382733,0.0856266802256214,capacity-balanced inferred shortest-path assignment on OSM streets; not an as-built feeder
SYN-1786,359523533,Novi Sad 9 - Rafinerija,NS9,NS9,Novi Sad 9 - Rafinerija,20.0,8974275157,4.256037,0.0856266802256214,capacity-balanced inferred shortest-path assignment on OSM streets; not an as-built feeder
SYN-1787,359523533,Novi Sad 9 - Rafinerija,NS9,NS9,Novi Sad 9 - Rafinerija,20.0,8974275121,4.408663,0.0856266802256214,capacity-balanced inferred shortest-path assignment on OSM streets; not an as-built feeder
SYN-1788,359523533,Novi Sad 9 - Rafinerija,NS9,NS9,Novi Sad 9 - Rafinerija,20.0,8974275123,4.2997179999999995,0.0856266802256214,capacity-balanced inferred shortest-path assignment on OSM streets; not an as-built feeder
SYN-1972,359523533,Novi Sad 9 - Rafinerija,NS9,NS9,Novi Sad 9 - Rafinerija,20.0,7331702796,0.7538900000000001,0.0849581188873364,capacity-balanced inferred shortest-path assignment on OSM streets; not an as-built feeder
SYN-1973,359523533,Novi Sad 9 - Rafinerija,NS9,NS9,Novi Sad 9 - Rafinerija,20.0,3708774387,0.8591250000000002,0.0849581188873364,capacity-balanced inferred shortest-path assignment on OSM streets; not an as-built feeder
SYN-1974,359523533,Novi Sad 9 - Rafinerija,NS9,NS9,Novi Sad 9 - Rafinerija,20.0,7331702795,0.6358410000000001,0.0849581188873364,capacity-balanced inferred shortest-path assignment on OSM streets; not an as-built feeder
SYN-1975,359523533,Novi Sad 9 - Rafinerija,NS9,NS9,Novi Sad 9 - Rafinerija,20.0,3708774387,0.8591250000000002,0.0849581188873364,capacity-balanced inferred shortest-path assignment on OSM streets; not an as-built feeder
SYN-1976,359523533,Novi Sad 9 - Rafinerija,NS9,NS9,Novi Sad 9 - Rafinerija,20.0,3708774386,0.6849790000000001,0.0849581188873364,capacity-balanced inferred shortest-path assignment on OSM streets; not an as-built feeder
SYN-1977,359523533,Novi Sad 9 - Rafinerija,NS9,NS9,Novi Sad 9 - Rafinerija,20.0,1230711403,0.4866730000000001,0.13608578507878122,capacity-balanced inferred shortest-path assignment on OSM streets; not an as-built feeder
SYN-2000,359523533,Novi Sad 9 - Rafinerija,NS9,NS9,Novi Sad 9 - Rafinerija,20.0,11072773472,3.0194689999999995,0.08689291530545273,capacity-balanced inferred shortest-path assignment on OSM streets; not an as-built feeder
SYN-2001,359523533,Novi Sad 9 - Rafinerija,NS9,NS9,Novi Sad 9 - Rafinerija,20.0,9643524145,3.233459,0.08689291530545273,capacity-balanced inferred shortest-path assignment on OSM streets; not an as-built feeder
SYN-2002,359523533,Novi Sad 9 - Rafinerija,NS9,NS9,Novi Sad 9 - Rafinerija,20.0,2327184138,3.4849339999999995,0.08204780156273753,capacity-balanced inferred shortest-path assignment on OSM streets; not an as-built feeder
SYN-2003,359523533,Novi Sad 9 - Rafinerija,NS9,NS9,Novi Sad 9 - Rafinerija,20.0,3573987914,3.583615,0.08204780156273753,capacity-balanced inferred shortest-path assignment on OSM streets; not an as-built feeder
SYN-2004,359523533,Novi Sad 9 - Rafinerija,NS9,NS9,Novi Sad 9 - Rafinerija,20.0,2327184134,3.6055219999999997,0.08204780156273753,capacity-balanced inferred shortest-path assignment on OSM streets; not an as-built feeder
SYN-2005,359523533,Novi Sad 9 - Rafinerija,NS9,NS9,Novi Sad 9 - Rafinerija,20.0,2327184130,3.2134679999999993,0.08204780156273753,capacity-balanced inferred shortest-path assignment on OSM streets; not an as-built feeder
SYN-2006,359523533,Novi Sad 9 - Rafinerija,NS9,NS9,Novi Sad 9 - Rafinerija,20.0,2327184135,3.6234439999999997,0.08204780156273753,capacity-balanced inferred shortest-path assignment on OSM streets; not an as-built feeder
SYN-2007,359523533,Novi Sad 9 - Rafinerija,NS9,NS9,Novi Sad 9 - Rafinerija,20.0,2327184128,3.2927489999999993,0.08204780156273753,capacity-balanced inferred shortest-path assignment on OSM streets; not an as-built feeder
SYN-2008,359523533,Novi Sad 9 - Rafinerija,NS9,NS9,Novi Sad 9 - Rafinerija,20.0,2327184129,3.310803999999999,0.08204780156273753,capacity-balanced inferred shortest-path assignment on OSM streets; not an as-built feeder
SYN-2009,359523533,Novi Sad 9 - Rafinerija,NS9,NS9,Novi Sad 9 - Rafinerija,20.0,3573987931,3.6377930000000003,0.08204780156273753,capacity-balanced inferred shortest-path assignment on OSM streets; not an as-built feeder
SYN-2036,359523533,Novi Sad 9 - Rafinerija,NS9,NS9,Novi Sad 9 - Rafinerija,20.0,3641058294,3.963465,0.04487999983666783,capacity-balanced inferred shortest-path assignment on OSM streets; not an as-built feeder
SYN-2037,359523533,Novi Sad 9 - Rafinerija,NS9,NS9,Novi Sad 9 - Rafinerija,20.0,3553575486,4.731994,0.043156150093296076,capacity-balanced inferred shortest-path assignment on OSM streets; not an as-built feeder
SYN-2139,359523533,Novi Sad 9 - Rafinerija,NS9,NS9,Novi Sad 9 - Rafinerija,20.0,6008610018,2.6499309999999996,0.08081310207785297,capacity-balanced inferred shortest-path assignment on OSM streets; not an as-built feeder
SYN-2140,359523533,Novi Sad 9 - Rafinerija,NS9,NS9,Novi Sad 9 - Rafinerija,20.0,6008610016,2.4528949999999994,0.08081310207785297,capacity-balanced inferred shortest-path assignment on OSM streets; not an as-built feeder
SYN-2141,359523533,Novi Sad 9 - Rafinerija,NS9,NS9,Novi Sad 9 - Rafinerija,20.0,9868171137,2.7456419999999992,0.08081310207785297,capacity-balanced inferred shortest-path assignment on OSM streets; not an as-built feeder
SYN-2142,359523533,Novi Sad 9 - Rafinerija,NS9,NS9,Novi Sad 9 - Rafinerija,20.0,10910999943,2.165347,0.08081310207785297,capacity-balanced inferred shortest-path assignment on OSM streets; not an as-built feeder
SYN-2143,359523533,Novi Sad 9 - Rafinerija,NS9,NS9,Novi Sad 9 - Rafinerija,20.0,6008610103,1.9293509999999998,0.08081310207785297,capacity-balanced inferred shortest-path assignment on OSM streets; not an as-built feeder
SYN-2144,359523533,Novi Sad 9 - Rafinerija,NS9,NS9,Novi Sad 9 - Rafinerija,20.0,6008610103,1.9293509999999998,0.08081310207785297,capacity-balanced inferred shortest-path assignment on OSM streets; not an as-built feeder
SYN-2145,359523533,Novi Sad 9 - Rafinerija,NS9,NS9,Novi Sad 9 - Rafinerija,20.0,10910999937,2.245231,0.08081310207785297,capacity-balanced inferred shortest-path assignment on OSM streets; not an as-built feeder
SYN-2146,359523533,Novi Sad 9 - Rafinerija,NS9,NS9,Novi Sad 9 - Rafinerija,20.0,10910999953,2.208588,0.08081310207785297,capacity-balanced inferred shortest-path assignment on OSM streets; not an as-built feeder
SYN-2147,359523533,Novi Sad 9 - Rafinerija,NS9,NS9,Novi Sad 9 - Rafinerija,20.0,9868171137,2.7456419999999992,0.08081310207785297,capacity-balanced inferred shortest-path assignment on OSM streets; not an as-built feeder
SYN-2148,359523533,Novi Sad 9 - Rafinerija,NS9,NS9,Novi Sad 9 - Rafinerija,20.0,10910999935,2.0781709999999998,0.08081310207785297,capacity-balanced inferred shortest-path assignment on OSM streets; not an as-built feeder
SYN-2149,359523533,Novi Sad 9 - Rafinerija,NS9,NS9,Novi Sad 9 - Rafinerija,20.0,10910999959,2.200265,0.08081310207785297,capacity-balanced inferred shortest-path assignment on OSM streets; not an as-built feeder
SYN-2150,359523533,Novi Sad 9 - Rafinerija,NS9,NS9,Novi Sad 9 - Rafinerija,20.0,10910999953,2.208588,0.08081310207785297,capacity-balanced inferred shortest-path assignment on OSM streets; not an as-built feeder
SYN-2151,359523533,Novi Sad 9 - Rafinerija,NS9,NS9,Novi Sad 9 - Rafinerija,20.0,10910999952,2.139139,0.08081310207785297,capacity-balanced inferred shortest-path assignment on OSM streets; not an as-built feeder
SYN-2152,359523533,Novi Sad 9 - Rafinerija,NS9,NS9,Novi Sad 9 - Rafinerija,20.0,10910999927,2.1050009999999997,0.08081310207785297,capacity-balanced inferred shortest-path assignment on OSM streets; not an as-built feeder
SYN-2153,359523533,Novi Sad 9 - Rafinerija,NS9,NS9,Novi Sad 9 - Rafinerija,20.0,10910999945,2.172103,0.08081310207785297,capacity-balanced inferred shortest-path assignment on OSM streets; not an as-built feeder
SYN-2154,359523533,Novi Sad 9 - Rafinerija,NS9,NS9,Novi Sad 9 - Rafinerija,20.0,9643517220,2.015272,0.08081310207785297,capacity-balanced inferred shortest-path assignment on OSM streets; not an as-built feeder
SYN-2155,359523533,Novi Sad 9 - Rafinerija,NS9,NS9,Novi Sad 9 - Rafinerija,20.0,10910999953,2.208588,0.08081310207785297,capacity-balanced inferred shortest-path assignment on OSM streets; not an as-built feeder
SYN-2156,359523533,Novi Sad 9 - Rafinerija,NS9,NS9,Novi Sad 9 - Rafinerija,20.0,10910999959,2.200265,0.08081310207785297,capacity-balanced inferred shortest-path assignment on OSM streets; not an as-built feeder
SYN-2157,359523533,Novi Sad 9 - Rafinerija,NS9,NS9,Novi Sad 9 - Rafinerija,20.0,10910999945,2.172103,0.08081310207785297,capacity-balanced inferred shortest-path assignment on OSM streets; not an as-built feeder
SYN-2158,359523533,Novi Sad 9 - Rafinerija,NS9,NS9,Novi Sad 9 - Rafinerija,20.0,6008610019,2.714086,0.08081310207785297,capacity-balanced inferred shortest-path assignment on OSM streets; not an as-built feeder
SYN-2159,359523533,Novi Sad 9 - Rafinerija,NS9,NS9,Novi Sad 9 - Rafinerija,20.0,10910999927,2.1050009999999997,0.08081310207785297,capacity-balanced inferred shortest-path assignment on OSM streets; not an as-built feeder
SYN-2379,359523533,Novi Sad 9 - Rafinerija,NS9,NS9,Novi Sad 9 - Rafinerija,20.0,7328105749,4.842996,0.01201135575034643,capacity-balanced inferred shortest-path assignment on OSM streets; not an as-built feeder
SYN-2397,359523533,Novi Sad 9 - Rafinerija,NS9,NS9,Novi Sad 9 - Rafinerija,20.0,6700872962,5.466334999999997,0.09188243094721833,capacity-balanced inferred shortest-path assignment on OSM streets; not an as-built feeder
SYN-0148,365927134,Rimski Sancevi,RIM,RIM,Rimski Sancevi,20.0,11943448126,3.3952374674905292,0.08650735175498854,capacity-balanced inferred shortest-path assignment on OSM streets; not an as-built feeder
SYN-0150,365927134,Rimski Sancevi,RIM,RIM,Rimski Sancevi,20.0,11192812717,3.232846467490529,0.08650735175498854,capacity-balanced inferred shortest-path assignment on OSM streets; not an as-built feeder
SYN-0151,365927134,Rimski Sancevi,RIM,RIM,Rimski Sancevi,20.0,11192812717,3.232846467490529,0.08650735175498854,capacity-balanced inferred shortest-path assignment on OSM streets; not an as-built feeder
SYN-0214,365927134,Rimski Sancevi,RIM,RIM,Rimski Sancevi,20.0,7026423885,3.37772246749053,0.09019443793317855,capacity-balanced inferred shortest-path assignment on OSM streets; not an as-built feeder
SYN-0233,365927134,Rimski Sancevi,RIM,RIM,Rimski Sancevi,20.0,1234226045,1.2126764674905286,0.02122544245825571,capacity-balanced inferred shortest-path assignment on OSM streets; not an as-built feeder
SYN-0234,365927134,Rimski Sancevi,RIM,RIM,Rimski Sancevi,20.0,10979449091,2.049675467490529,0.13874910166395038,capacity-balanced inferred shortest-path assignment on OSM streets; not an as-built feeder
SYN-0235,365927134,Rimski Sancevi,RIM,RIM,Rimski Sancevi,20.0,3608929596,1.3195544674905286,0.027974722095843205,capacity-balanced inferred shortest-path assignment on OSM streets; not an as-built feeder
SYN-0295,365927134,Rimski Sancevi,RIM,RIM,Rimski Sancevi,20.0,12558856948,2.5522564674905293,0.035763456566673034,capacity-balanced inferred shortest-path assignment on OSM streets; not an as-built feeder
SYN-0296,365927134,Rimski Sancevi,RIM,RIM,Rimski Sancevi,20.0,3218187320,2.674639467490529,0.0956235758674382,capacity-balanced inferred shortest-path assignment on OSM streets; not an as-built feeder
SYN-0297,365927134,Rimski Sancevi,RIM,RIM,Rimski Sancevi,20.0,3218187325,2.7015554674905293,0.0956235758674382,capacity-balanced inferred shortest-path assignment on OSM streets; not an as-built feeder
SYN-0298,365927134,Rimski Sancevi,RIM,RIM,Rimski Sancevi,20.0,12558856940,2.505003467490529,0.09928024052186403,capacity-balanced inferred shortest-path assignment on OSM streets; not an as-built feeder
SYN-0299,365927134,Rimski Sancevi,RIM,RIM,Rimski Sancevi,20.0,12558856938,2.4755034674905287,0.09928024052186403,capacity-balanced inferred shortest-path assignment on OSM streets; not an as-built feeder
SYN-0517,365927134,Rimski Sancevi,RIM,RIM,Rimski Sancevi,20.0,3553578122,2.386349467490529,0.0904317982872928,capacity-balanced inferred shortest-path assignment on OSM streets; not an as-built feeder
SYN-0518,365927134,Rimski Sancevi,RIM,RIM,Rimski Sancevi,20.0,3563333408,0.6677834674905286,0.08823057124502622,capacity-balanced inferred shortest-path assignment on OSM streets; not an as-built feeder
SYN-0519,365927134,Rimski Sancevi,RIM,RIM,Rimski Sancevi,20.0,3563333408,0.6677834674905286,0.08823057124502622,capacity-balanced inferred shortest-path assignment on OSM streets; not an as-built feeder
SYN-0520,365927134,Rimski Sancevi,RIM,RIM,Rimski Sancevi,20.0,3563333408,0.6677834674905286,0.08823057124502622,capacity-balanced inferred shortest-path assignment on OSM streets; not an as-built feeder
SYN-0521,365927134,Rimski Sancevi,RIM,RIM,Rimski Sancevi,20.0,3563333444,0.4279164674905287,0.08472901624139938,capacity-balanced inferred shortest-path assignment on OSM streets; not an as-built feeder
SYN-0522,365927134,Rimski Sancevi,RIM,RIM,Rimski Sancevi,20.0,3563333439,0.5393974674905287,0.08472901624139938,capacity-balanced inferred shortest-path assignment on OSM streets; not an as-built feeder
SYN-0523,365927134,Rimski Sancevi,RIM,RIM,Rimski Sancevi,20.0,3563333443,0.48343946749052874,0.08472901624139938,capacity-balanced inferred shortest-path assignment on OSM streets; not an as-built feeder
SYN-0524,365927134,Rimski Sancevi,RIM,RIM,Rimski Sancevi,20.0,6704029119,2.324245467490529,0.08472901624139938,capacity-balanced inferred shortest-path assignment on OSM streets; not an as-built feeder
SYN-0525,365927134,Rimski Sancevi,RIM,RIM,Rimski Sancevi,20.0,3563333443,0.48343946749052874,0.08472901624139938,capacity-balanced inferred shortest-path assignment on OSM streets; not an as-built feeder
SYN-0526,365927134,Rimski Sancevi,RIM,RIM,Rimski Sancevi,20.0,3563333439,0.5393974674905287,0.08472901624139938,capacity-balanced inferred shortest-path assignment on OSM streets; not an as-built feeder
SYN-0527,365927134,Rimski Sancevi,RIM,RIM,Rimski Sancevi,20.0,3563379594,0.21133946749052873,0.03457721739635986,capacity-balanced inferred shortest-path assignment on OSM streets; not an as-built feeder
SYN-0528,365927134,Rimski Sancevi,RIM,RIM,Rimski Sancevi,20.0,3563379594,0.21133946749052873,0.03457721739635986,capacity-balanced inferred shortest-path assignment on OSM streets; not an as-built feeder
SYN-0529,365927134,Rimski Sancevi,RIM,RIM,Rimski Sancevi,20.0,2019021836,0.4607114674905287,0.08175343587355498,capacity-balanced inferred shortest-path assignment on OSM streets; not an as-built feeder
SYN-0530,365927134,Rimski Sancevi,RIM,RIM,Rimski Sancevi,20.0,2019021836,0.4607114674905287,0.08175343587355498,capacity-balanced inferred shortest-path assignment on OSM streets; not an as-built feeder
SYN-0531,365927134,Rimski Sancevi,RIM,RIM,Rimski Sancevi,20.0,2019021841,0.45937446749052874,0.08175343587355498,capacity-balanced inferred shortest-path assignment on OSM streets; not an as-built feeder
SYN-0532,365927134,Rimski Sancevi,RIM,RIM,Rimski Sancevi,20.0,2019021841,0.45937446749052874,0.08175343587355498,capacity-balanced inferred shortest-path assignment on OSM streets; not an as-built feeder
SYN-0533,365927134,Rimski Sancevi,RIM,RIM,Rimski Sancevi,20.0,2019021842,0.6048374674905288,0.08175343587355498,capacity-balanced inferred shortest-path assignment on OSM streets; not an as-built feeder
SYN-0534,365927134,Rimski Sancevi,RIM,RIM,Rimski Sancevi,20.0,2019021833,0.4328664674905287,0.08175343587355498,capacity-balanced inferred shortest-path assignment on OSM streets; not an as-built feeder
SYN-0535,365927134,Rimski Sancevi,RIM,RIM,Rimski Sancevi,20.0,2019021836,0.4607114674905287,0.08175343587355498,capacity-balanced inferred shortest-path assignment on OSM streets; not an as-built feeder
SYN-0536,365927134,Rimski Sancevi,RIM,RIM,Rimski Sancevi,20.0,2019021842,0.6048374674905288,0.08175343587355498,capacity-balanced inferred shortest-path assignment on OSM streets; not an as-built feeder
SYN-0537,365927134,Rimski Sancevi,RIM,RIM,Rimski Sancevi,20.0,2019021842,0.6048374674905288,0.08175343587355498,capacity-balanced inferred shortest-path assignment on OSM streets; not an as-built feeder
SYN-0538,365927134,Rimski Sancevi,RIM,RIM,Rimski Sancevi,20.0,2019021821,0.4143424674905287,0.08175343587355498,capacity-balanced inferred shortest-path assignment on OSM streets; not an as-built feeder
SYN-0539,365927134,Rimski Sancevi,RIM,RIM,Rimski Sancevi,20.0,2019021844,0.6937594674905287,0.08175343587355498,capacity-balanced inferred shortest-path assignment on OSM streets; not an as-built feeder
SYN-0540,365927134,Rimski Sancevi,RIM,RIM,Rimski Sancevi,20.0,2019021847,0.5876734674905287,0.08175343587355498,capacity-balanced inferred shortest-path assignment on OSM streets; not an as-built feeder
SYN-0541,365927134,Rimski Sancevi,RIM,RIM,Rimski Sancevi,20.0,2019021854,0.7701234674905287,0.08175343587355498,capacity-balanced inferred shortest-path assignment on OSM streets; not an as-built feeder
SYN-0542,365927134,Rimski Sancevi,RIM,RIM,Rimski Sancevi,20.0,2019021849,0.7000114674905288,0.08175343587355498,capacity-balanced inferred shortest-path assignment on OSM streets; not an as-built feeder
SYN-0543,365927134,Rimski Sancevi,RIM,RIM,Rimski Sancevi,20.0,2019021858,0.7358184674905287,0.08175343587355498,capacity-balanced inferred shortest-path assignment on OSM streets; not an as-built feeder
SYN-0544,365927134,Rimski Sancevi,RIM,RIM,Rimski Sancevi,20.0,2019021851,0.7530174674905288,0.08175343587355498,capacity-balanced inferred shortest-path assignment on OSM streets; not an as-built feeder
SYN-0545,365927134,Rimski Sancevi,RIM,RIM,Rimski Sancevi,20.0,2019021821,0.4143424674905287,0.08175343587355498,capacity-balanced inferred shortest-path assignment on OSM streets; not an as-built feeder
SYN-0546,365927134,Rimski Sancevi,RIM,RIM,Rimski Sancevi,20.0,2019021864,0.8525264674905287,0.08175343587355498,capacity-balanced inferred shortest-path assignment on OSM streets; not an as-built feeder
SYN-0547,365927134,Rimski Sancevi,RIM,RIM,Rimski Sancevi,20.0,2019021833,0.4328664674905287,0.08175343587355498,capacity-balanced inferred shortest-path assignment on OSM streets; not an as-built feeder
SYN-0548,365927134,Rimski Sancevi,RIM,RIM,Rimski Sancevi,20.0,2019021836,0.4607114674905287,0.08175343587355498,capacity-balanced inferred shortest-path assignment on OSM streets; not an as-built feeder
SYN-0549,365927134,Rimski Sancevi,RIM,RIM,Rimski Sancevi,20.0,2019021847,0.5876734674905287,0.08175343587355498,capacity-balanced inferred shortest-path assignment on OSM streets; not an as-built feeder
SYN-0550,365927134,Rimski Sancevi,RIM,RIM,Rimski Sancevi,20.0,2019021821,0.4143424674905287,0.08175343587355498,capacity-balanced inferred shortest-path assignment on OSM streets; not an as-built feeder
SYN-0551,365927134,Rimski Sancevi,RIM,RIM,Rimski Sancevi,20.0,2019021842,0.6048374674905288,0.08175343587355498,capacity-balanced inferred shortest-path assignment on OSM streets; not an as-built feeder
SYN-0552,365927134,Rimski Sancevi,RIM,RIM,Rimski Sancevi,20.0,2019021841,0.45937446749052874,0.08175343587355498,capacity-balanced inferred shortest-path assignment on OSM streets; not an as-built feeder
SYN-0553,365927134,Rimski Sancevi,RIM,RIM,Rimski Sancevi,20.0,2019021841,0.45937446749052874,0.08175343587355498,capacity-balanced inferred shortest-path assignment on OSM streets; not an as-built feeder
SYN-0554,365927134,Rimski Sancevi,RIM,RIM,Rimski Sancevi,20.0,2019021829,0.3288164674905287,0.08175343587355498,capacity-balanced inferred shortest-path assignment on OSM streets; not an as-built feeder
SYN-0555,365927134,Rimski Sancevi,RIM,RIM,Rimski Sancevi,20.0,2019021841,0.45937446749052874,0.08175343587355498,capacity-balanced inferred shortest-path assignment on OSM streets; not an as-built feeder
SYN-0556,365927134,Rimski Sancevi,RIM,RIM,Rimski Sancevi,20.0,2019021841,0.45937446749052874,0.08175343587355498,capacity-balanced inferred shortest-path assignment on OSM streets; not an as-built feeder
SYN-0557,365927134,Rimski Sancevi,RIM,RIM,Rimski Sancevi,20.0,2019021821,0.4143424674905287,0.08175343587355498,capacity-balanced inferred shortest-path assignment on OSM streets; not an as-built feeder
SYN-0558,365927134,Rimski Sancevi,RIM,RIM,Rimski Sancevi,20.0,2019021845,0.7022484674905288,0.08175343587355498,capacity-balanced inferred shortest-path assignment on OSM streets; not an as-built feeder
SYN-0559,365927134,Rimski Sancevi,RIM,RIM,Rimski Sancevi,20.0,2019021854,0.7701234674905287,0.08175343587355498,capacity-balanced inferred shortest-path assignment on OSM streets; not an as-built feeder
SYN-0560,365927134,Rimski Sancevi,RIM,RIM,Rimski Sancevi,20.0,2019021844,0.6937594674905287,0.08175343587355498,capacity-balanced inferred shortest-path assignment on OSM streets; not an as-built feeder
SYN-0561,365927134,Rimski Sancevi,RIM,RIM,Rimski Sancevi,20.0,2019021844,0.6937594674905287,0.08175343587355498,capacity-balanced inferred shortest-path assignment on OSM streets; not an as-built feeder
SYN-0562,365927134,Rimski Sancevi,RIM,RIM,Rimski Sancevi,20.0,2019021844,0.6937594674905287,0.08175343587355498,capacity-balanced inferred shortest-path assignment on OSM streets; not an as-built feeder
SYN-0563,365927134,Rimski Sancevi,RIM,RIM,Rimski Sancevi,20.0,2019021844,0.6937594674905287,0.08175343587355498,capacity-balanced inferred shortest-path assignment on OSM streets; not an as-built feeder
SYN-0564,365927134,Rimski Sancevi,RIM,RIM,Rimski Sancevi,20.0,2019021842,0.6048374674905288,0.08175343587355498,capacity-balanced inferred shortest-path assignment on OSM streets; not an as-built feeder
SYN-0565,365927134,Rimski Sancevi,RIM,RIM,Rimski Sancevi,20.0,9294216855,0.8561124674905286,0.033262847796891155,capacity-balanced inferred shortest-path assignment on OSM streets; not an as-built feeder
SYN-0566,365927134,Rimski Sancevi,RIM,RIM,Rimski Sancevi,20.0,3563691444,0.6908034674905287,0.033262847796891155,capacity-balanced inferred shortest-path assignment on OSM streets; not an as-built feeder
SYN-0567,365927134,Rimski Sancevi,RIM,RIM,Rimski Sancevi,20.0,2019021836,0.4607114674905287,0.14436571674048057,capacity-balanced inferred shortest-path assignment on OSM streets; not an as-built feeder
SYN-0568,365927134,Rimski Sancevi,RIM,RIM,Rimski Sancevi,20.0,1570035521,1.035320467490529,0.09617357978963789,capacity-balanced inferred shortest-path assignment on OSM streets; not an as-built feeder
SYN-0569,365927134,Rimski Sancevi,RIM,RIM,Rimski Sancevi,20.0,12981824385,0.8389844674905288,0.09617357978963789,capacity-balanced inferred shortest-path assignment on OSM streets; not an as-built feeder
SYN-0570,365927134,Rimski Sancevi,RIM,RIM,Rimski Sancevi,20.0,1362589576,1.172252467490529,0.09617357978963789,capacity-balanced inferred shortest-path assignment on OSM streets; not an as-built feeder
SYN-0571,365927134,Rimski Sancevi,RIM,RIM,Rimski Sancevi,20.0,3563773557,1.107686467490529,0.03470377101828029,capacity-balanced inferred shortest-path assignment on OSM streets; not an as-built feeder
SYN-0572,365927134,Rimski Sancevi,RIM,RIM,Rimski Sancevi,20.0,2269264489,1.2374884674905289,0.03470377101828029,capacity-balanced inferred shortest-path assignment on OSM streets; not an as-built feeder
SYN-0573,365927134,Rimski Sancevi,RIM,RIM,Rimski Sancevi,20.0,3568235224,1.5942004674905286,0.03825688428565577,capacity-balanced inferred shortest-path assignment on OSM streets; not an as-built feeder
SYN-0574,365927134,Rimski Sancevi,RIM,RIM,Rimski Sancevi,20.0,3073594635,2.098299467490529,0.09852845493796004,capacity-balanced inferred shortest-path assignment on OSM streets; not an as-built feeder
SYN-0576,365927134,Rimski Sancevi,RIM,RIM,Rimski Sancevi,20.0,3588248743,2.4282254674905293,0.05085285656279196,capacity-balanced inferred shortest-path assignment on OSM streets; not an as-built feeder
SYN-0579,365927134,Rimski Sancevi,RIM,RIM,Rimski Sancevi,20.0,7467357112,2.985412467490529,0.08021720711911454,capacity-balanced inferred shortest-path assignment on OSM streets; not an as-built feeder
SYN-0580,365927134,Rimski Sancevi,RIM,RIM,Rimski Sancevi,20.0,13971333897,1.678782467490529,0.10093853422337042,capacity-balanced inferred shortest-path assignment on OSM streets; not an as-built feeder
SYN-0587,365927134,Rimski Sancevi,RIM,RIM,Rimski Sancevi,20.0,3566339243,1.120150467490529,0.059901643337819846,capacity-balanced inferred shortest-path assignment on OSM streets; not an as-built feeder
SYN-0588,365927134,Rimski Sancevi,RIM,RIM,Rimski Sancevi,20.0,1829023137,2.289990467490529,0.030463618115637397,capacity-balanced inferred shortest-path assignment on OSM streets; not an as-built feeder
SYN-0589,365927134,Rimski Sancevi,RIM,RIM,Rimski Sancevi,20.0,11889125596,2.006238467490529,0.027149121406650094,capacity-balanced inferred shortest-path assignment on OSM streets; not an as-built feeder
SYN-0590,365927134,Rimski Sancevi,RIM,RIM,Rimski Sancevi,20.0,7019547514,2.250478467490529,0.024919928891702418,capacity-balanced inferred shortest-path assignment on OSM streets; not an as-built feeder
SYN-0591,365927134,Rimski Sancevi,RIM,RIM,Rimski Sancevi,20.0,12558889779,2.8727594674905306,0.02063228212427246,capacity-balanced inferred shortest-path assignment on OSM streets; not an as-built feeder
SYN-0592,365927134,Rimski Sancevi,RIM,RIM,Rimski Sancevi,20.0,10979449094,2.233877467490529,0.037739635994419006,capacity-balanced inferred shortest-path assignment on OSM streets; not an as-built feeder
SYN-0593,365927134,Rimski Sancevi,RIM,RIM,Rimski Sancevi,20.0,12558847147,2.788175467490528,0.037739635994419006,capacity-balanced inferred shortest-path assignment on OSM streets; not an as-built feeder
SYN-0594,365927134,Rimski Sancevi,RIM,RIM,Rimski Sancevi,20.0,12558856943,2.4662244674905294,0.10476919904273595,capacity-balanced inferred shortest-path assignment on OSM streets; not an as-built feeder
SYN-0595,365927134,Rimski Sancevi,RIM,RIM,Rimski Sancevi,20.0,12558856949,2.482159467490529,0.10476919904273595,capacity-balanced inferred shortest-path assignment on OSM streets; not an as-built feeder
SYN-0612,365927134,Rimski Sancevi,RIM,RIM,Rimski Sancevi,20.0,10979449100,2.8706884674905297,0.0963317408057578,capacity-balanced inferred shortest-path assignment on OSM streets; not an as-built feeder
SYN-0613,365927134,Rimski Sancevi,RIM,RIM,Rimski Sancevi,20.0,11192844397,1.974379467490529,0.07959142664702137,capacity-balanced inferred shortest-path assignment on OSM streets; not an as-built feeder
SYN-0614,365927134,Rimski Sancevi,RIM,RIM,Rimski Sancevi,20.0,13929103822,2.0265814674905296,0.07959142664702137,capacity-balanced inferred shortest-path assignment on OSM streets; not an as-built feeder
SYN-0615,365927134,Rimski Sancevi,RIM,RIM,Rimski Sancevi,20.0,12558809449,2.797269467490528,0.038495565832668596,capacity-balanced inferred shortest-path assignment on OSM streets; not an as-built feeder
SYN-0616,365927134,Rimski Sancevi,RIM,RIM,Rimski Sancevi,20.0,12558809451,2.837372467490528,0.038495565832668596,capacity-balanced inferred shortest-path assignment on OSM streets; not an as-built feeder
SYN-0782,365927134,Rimski Sancevi,RIM,RIM,Rimski Sancevi,20.0,7853810904,3.640983467490529,0.08176168550325662,capacity-balanced inferred shortest-path assignment on OSM streets; not an as-built feeder
SYN-0783,365927134,Rimski Sancevi,RIM,RIM,Rimski Sancevi,20.0,7853810905,3.7210704674905286,0.08176168550325662,capacity-balanced inferred shortest-path assignment on OSM streets; not an as-built feeder
SYN-0784,365927134,Rimski Sancevi,RIM,RIM,Rimski Sancevi,20.0,7853810904,3.640983467490529,0.08176168550325662,capacity-balanced inferred shortest-path assignment on OSM streets; not an as-built feeder
SYN-0785,365927134,Rimski Sancevi,RIM,RIM,Rimski Sancevi,20.0,2031462337,0.2265004674905287,0.026905333130268466,capacity-balanced inferred shortest-path assignment on OSM streets; not an as-built feeder
SYN-0819,365927134,Rimski Sancevi,RIM,RIM,Rimski Sancevi,20.0,3699875142,2.641963467490529,0.08523171650482912,capacity-balanced inferred shortest-path assignment on OSM streets; not an as-built feeder
SYN-0820,365927134,Rimski Sancevi,RIM,RIM,Rimski Sancevi,20.0,3699875126,2.584810467490529,0.08523171650482912,capacity-balanced inferred shortest-path assignment on OSM streets; not an as-built feeder
SYN-0821,365927134,Rimski Sancevi,RIM,RIM,Rimski Sancevi,20.0,3699875141,2.622509467490529,0.08523171650482912,capacity-balanced inferred shortest-path assignment on OSM streets; not an as-built feeder
SYN-0992,365927134,Rimski Sancevi,RIM,RIM,Rimski Sancevi,20.0,13019472043,2.91766546749053,0.09050790328866719,capacity-balanced inferred shortest-path assignment on OSM streets; not an as-built feeder
SYN-0993,365927134,Rimski Sancevi,RIM,RIM,Rimski Sancevi,20.0,3450496721,3.0812304674905304,0.09050790328866719,capacity-balanced inferred shortest-path assignment on OSM streets; not an as-built feeder
SYN-0994,365927134,Rimski Sancevi,RIM,RIM,Rimski Sancevi,20.0,13019472055,2.8335394674905303,0.09050790328866719,capacity-balanced inferred shortest-path assignment on OSM streets; not an as-built feeder
SYN-0995,365927134,Rimski Sancevi,RIM,RIM,Rimski Sancevi,20.0,7245229535,3.1038694674905294,0.09050790328866719,capacity-balanced inferred shortest-path assignment on OSM streets; not an as-built feeder
SYN-0996,365927134,Rimski Sancevi,RIM,RIM,Rimski Sancevi,20.0,3450496721,3.0812304674905304,0.09050790328866719,capacity-balanced inferred shortest-path assignment on OSM streets; not an as-built feeder
SYN-0997,365927134,Rimski Sancevi,RIM,RIM,Rimski Sancevi,20.0,7245229541,3.02161146749053,0.09050790328866719,capacity-balanced inferred shortest-path assignment on OSM streets; not an as-built feeder
SYN-1433,365927134,Rimski Sancevi,RIM,RIM,Rimski Sancevi,20.0,3611233893,2.323602467490529,0.08072704908728653,capacity-balanced inferred shortest-path assignment on OSM streets; not an as-built feeder
SYN-1439,365927134,Rimski Sancevi,RIM,RIM,Rimski Sancevi,20.0,3611233893,2.323602467490529,0.08072704908728653,capacity-balanced inferred shortest-path assignment on OSM streets; not an as-built feeder
SYN-1442,365927134,Rimski Sancevi,RIM,RIM,Rimski Sancevi,20.0,10979449095,2.263455467490529,0.08072704908728653,capacity-balanced inferred shortest-path assignment on OSM streets; not an as-built feeder
SYN-1447,365927134,Rimski Sancevi,RIM,RIM,Rimski Sancevi,20.0,1829023167,2.4231774674905293,0.08072704908728653,capacity-balanced inferred shortest-path assignment on OSM streets; not an as-built feeder
SYN-1448,365927134,Rimski Sancevi,RIM,RIM,Rimski Sancevi,20.0,7019547514,2.250478467490529,0.08072704908728653,capacity-balanced inferred shortest-path assignment on OSM streets; not an as-built feeder
SYN-1453,365927134,Rimski Sancevi,RIM,RIM,Rimski Sancevi,20.0,1234226049,1.8516234674905292,0.13429314120830693,capacity-balanced inferred shortest-path assignment on OSM streets; not an as-built feeder
SYN-1454,365927134,Rimski Sancevi,RIM,RIM,Rimski Sancevi,20.0,3611233897,2.2360774674905293,0.03412120514619261,capacity-balanced inferred shortest-path assignment on OSM streets; not an as-built feeder
SYN-1455,365927134,Rimski Sancevi,RIM,RIM,Rimski Sancevi,20.0,11889125602,1.993579467490529,0.03412120514619261,capacity-balanced inferred shortest-path assignment on OSM streets; not an as-built feeder
SYN-1456,365927134,Rimski Sancevi,RIM,RIM,Rimski Sancevi,20.0,1829023137,2.289990467490529,0.02170799252371074,capacity-balanced inferred shortest-path assignment on OSM streets; not an as-built feeder
SYN-1457,365927134,Rimski Sancevi,RIM,RIM,Rimski Sancevi,20.0,13530309814,1.0239584674905289,0.08158438852918827,capacity-balanced inferred shortest-path assignment on OSM streets; not an as-built feeder
SYN-1458,365927134,Rimski Sancevi,RIM,RIM,Rimski Sancevi,20.0,13530309827,1.487880467490529,0.08158438852918827,capacity-balanced inferred shortest-path assignment on OSM streets; not an as-built feeder
SYN-1460,365927134,Rimski Sancevi,RIM,RIM,Rimski Sancevi,20.0,3607831484,1.165836467490529,0.08158438852918827,capacity-balanced inferred shortest-path assignment on OSM streets; not an as-built feeder
SYN-1461,365927134,Rimski Sancevi,RIM,RIM,Rimski Sancevi,20.0,3607883857,1.4338254674905289,0.08158438852918827,capacity-balanced inferred shortest-path assignment on OSM streets; not an as-built feeder
SYN-1463,365927134,Rimski Sancevi,RIM,RIM,Rimski Sancevi,20.0,3607883681,0.941288467490529,0.08158438852918827,capacity-balanced inferred shortest-path assignment on OSM streets; not an as-built feeder
SYN-1464,365927134,Rimski Sancevi,RIM,RIM,Rimski Sancevi,20.0,3610457906,1.4848344674905285,0.08158438852918827,capacity-balanced inferred shortest-path assignment on OSM streets; not an as-built feeder
SYN-1466,365927134,Rimski Sancevi,RIM,RIM,Rimski Sancevi,20.0,1570061178,1.4719904674905293,0.08158438852918827,capacity-balanced inferred shortest-path assignment on OSM streets; not an as-built feeder
SYN-1467,365927134,Rimski Sancevi,RIM,RIM,Rimski Sancevi,20.0,1234226022,1.280355467490529,0.08158438852918827,capacity-balanced inferred shortest-path assignment on OSM streets; not an as-built feeder
SYN-1468,365927134,Rimski Sancevi,RIM,RIM,Rimski Sancevi,20.0,1234226004,1.6818044674905293,0.08158438852918827,capacity-balanced inferred shortest-path assignment on OSM streets; not an as-built feeder
SYN-1469,365927134,Rimski Sancevi,RIM,RIM,Rimski Sancevi,20.0,3607831481,1.3167154674905286,0.08158438852918827,capacity-balanced inferred shortest-path assignment on OSM streets; not an as-built feeder
SYN-1470,365927134,Rimski Sancevi,RIM,RIM,Rimski Sancevi,20.0,1234226059,1.2080464674905291,0.08158438852918827,capacity-balanced inferred shortest-path assignment on OSM streets; not an as-built feeder
SYN-1472,365927134,Rimski Sancevi,RIM,RIM,Rimski Sancevi,20.0,3607883855,1.3228834674905285,0.08158438852918827,capacity-balanced inferred shortest-path assignment on OSM streets; not an as-built feeder
SYN-1473,365927134,Rimski Sancevi,RIM,RIM,Rimski Sancevi,20.0,1234226016,1.3779644674905294,0.08158438852918827,capacity-balanced inferred shortest-path assignment on OSM streets; not an as-built feeder
SYN-1474,365927134,Rimski Sancevi,RIM,RIM,Rimski Sancevi,20.0,13530309826,1.4849804674905291,0.08158438852918827,capacity-balanced inferred shortest-path assignment on OSM streets; not an as-built feeder
SYN-1475,365927134,Rimski Sancevi,RIM,RIM,Rimski Sancevi,20.0,11890822009,1.5061374674905292,0.08158438852918827,capacity-balanced inferred shortest-path assignment on OSM streets; not an as-built feeder
SYN-1476,365927134,Rimski Sancevi,RIM,RIM,Rimski Sancevi,20.0,1234226059,1.2080464674905291,0.08158438852918827,capacity-balanced inferred shortest-path assignment on OSM streets; not an as-built feeder
SYN-1477,365927134,Rimski Sancevi,RIM,RIM,Rimski Sancevi,20.0,3610457814,1.561683467490529,0.08158438852918827,capacity-balanced inferred shortest-path assignment on OSM streets; not an as-built feeder
SYN-1478,365927134,Rimski Sancevi,RIM,RIM,Rimski Sancevi,20.0,11890822009,1.5061374674905292,0.08158438852918827,capacity-balanced inferred shortest-path assignment on OSM streets; not an as-built feeder
SYN-1479,365927134,Rimski Sancevi,RIM,RIM,Rimski Sancevi,20.0,1234226061,1.2976954674905292,0.08158438852918827,capacity-balanced inferred shortest-path assignment on OSM streets; not an as-built feeder
SYN-1480,365927134,Rimski Sancevi,RIM,RIM,Rimski Sancevi,20.0,3610458059,1.4459514674905296,0.08158438852918827,capacity-balanced inferred shortest-path assignment on OSM streets; not an as-built feeder
SYN-1482,365927134,Rimski Sancevi,RIM,RIM,Rimski Sancevi,20.0,1234226051,1.186118467490529,0.08158438852918827,capacity-balanced inferred shortest-path assignment on OSM streets; not an as-built feeder
SYN-1483,365927134,Rimski Sancevi,RIM,RIM,Rimski Sancevi,20.0,1234226012,1.344904467490529,0.08158438852918827,capacity-balanced inferred shortest-path assignment on OSM streets; not an as-built feeder
SYN-1484,365927134,Rimski Sancevi,RIM,RIM,Rimski Sancevi,20.0,3607831481,1.3167154674905286,0.08158438852918827,capacity-balanced inferred shortest-path assignment on OSM streets; not an as-built feeder
SYN-1487,365927134,Rimski Sancevi,RIM,RIM,Rimski Sancevi,20.0,1584128635,1.8994624674905292,0.08158438852918827,capacity-balanced inferred shortest-path assignment on OSM streets; not an as-built feeder
SYN-1490,365927134,Rimski Sancevi,RIM,RIM,Rimski Sancevi,20.0,1234226025,1.083767467490529,0.08158438852918827,capacity-balanced inferred shortest-path assignment on OSM streets; not an as-built feeder
SYN-1491,365927134,Rimski Sancevi,RIM,RIM,Rimski Sancevi,20.0,1234226009,1.407069467490529,0.08158438852918827,capacity-balanced inferred shortest-path assignment on OSM streets; not an as-built feeder
SYN-1492,365927134,Rimski Sancevi,RIM,RIM,Rimski Sancevi,20.0,1234226009,1.407069467490529,0.08158438852918827,capacity-balanced inferred shortest-path assignment on OSM streets; not an as-built feeder
SYN-1493,365927134,Rimski Sancevi,RIM,RIM,Rimski Sancevi,20.0,1234226016,1.3779644674905294,0.08158438852918827,capacity-balanced inferred shortest-path assignment on OSM streets; not an as-built feeder
SYN-1494,365927134,Rimski Sancevi,RIM,RIM,Rimski Sancevi,20.0,12406472272,1.5532304674905295,0.08158438852918827,capacity-balanced inferred shortest-path assignment on OSM streets; not an as-built feeder
SYN-1495,365927134,Rimski Sancevi,RIM,RIM,Rimski Sancevi,20.0,3607883660,0.947033467490529,0.08158438852918827,capacity-balanced inferred shortest-path assignment on OSM streets; not an as-built feeder
SYN-1496,365927134,Rimski Sancevi,RIM,RIM,Rimski Sancevi,20.0,2684760808,0.972787467490529,0.08158438852918827,capacity-balanced inferred shortest-path assignment on OSM streets; not an as-built feeder
SYN-1498,365927134,Rimski Sancevi,RIM,RIM,Rimski Sancevi,20.0,11889125605,1.3028624674905294,0.08158438852918827,capacity-balanced inferred shortest-path assignment on OSM streets; not an as-built feeder
SYN-1499,365927134,Rimski Sancevi,RIM,RIM,Rimski Sancevi,20.0,3569915498,1.8965814674905281,0.08424638108493748,capacity-balanced inferred shortest-path assignment on OSM streets; not an as-built feeder
SYN-1500,365927134,Rimski Sancevi,RIM,RIM,Rimski Sancevi,20.0,3566339225,1.3130474674905286,0.08424638108493748,capacity-balanced inferred shortest-path assignment on OSM streets; not an as-built feeder
SYN-1501,365927134,Rimski Sancevi,RIM,RIM,Rimski Sancevi,20.0,1570034935,1.4695904674905287,0.08424638108493748,capacity-balanced inferred shortest-path assignment on OSM streets; not an as-built feeder
SYN-1502,365927134,Rimski Sancevi,RIM,RIM,Rimski Sancevi,20.0,3608929596,1.3195544674905286,0.08424638108493748,capacity-balanced inferred shortest-path assignment on OSM streets; not an as-built feeder
SYN-1503,365927134,Rimski Sancevi,RIM,RIM,Rimski Sancevi,20.0,1570035516,1.4621474674905284,0.08424638108493748,capacity-balanced inferred shortest-path assignment on OSM streets; not an as-built feeder
SYN-1504,365927134,Rimski Sancevi,RIM,RIM,Rimski Sancevi,20.0,12981824343,1.3941554674905285,0.08424638108493748,capacity-balanced inferred shortest-path assignment on OSM streets; not an as-built feeder
SYN-1505,365927134,Rimski Sancevi,RIM,RIM,Rimski Sancevi,20.0,3566339229,1.2744834674905285,0.08424638108493748,capacity-balanced inferred shortest-path assignment on OSM streets; not an as-built feeder
SYN-1506,365927134,Rimski Sancevi,RIM,RIM,Rimski Sancevi,20.0,12003242580,1.7917534674905287,0.08424638108493748,capacity-balanced inferred shortest-path assignment on OSM streets; not an as-built feeder
SYN-1507,365927134,Rimski Sancevi,RIM,RIM,Rimski Sancevi,20.0,3569915498,1.8965814674905281,0.08424638108493748,capacity-balanced inferred shortest-path assignment on OSM streets; not an as-built feeder
SYN-1508,365927134,Rimski Sancevi,RIM,RIM,Rimski Sancevi,20.0,2269264487,1.3186514674905288,0.08903176479568531,capacity-balanced inferred shortest-path assignment on OSM streets; not an as-built feeder
SYN-1509,365927134,Rimski Sancevi,RIM,RIM,Rimski Sancevi,20.0,3563783663,1.3477454674905287,0.08903176479568531,capacity-balanced inferred shortest-path assignment on OSM streets; not an as-built feeder
SYN-1510,365927134,Rimski Sancevi,RIM,RIM,Rimski Sancevi,20.0,3563773558,1.3581794674905288,0.08903176479568531,capacity-balanced inferred shortest-path assignment on OSM streets; not an as-built feeder
SYN-1511,365927134,Rimski Sancevi,RIM,RIM,Rimski Sancevi,20.0,3450496710,2.841123467490527,0.08903176479568531,capacity-balanced inferred shortest-path assignment on OSM streets; not an as-built feeder
SYN-1512,365927134,Rimski Sancevi,RIM,RIM,Rimski Sancevi,20.0,3552331819,2.0832164674905287,0.08239372963716486,capacity-balanced inferred shortest-path assignment on OSM streets; not an as-built feeder
SYN-1513,365927134,Rimski Sancevi,RIM,RIM,Rimski Sancevi,20.0,3552331860,1.9867574674905293,0.08239372963716486,capacity-balanced inferred shortest-path assignment on OSM streets; not an as-built feeder
SYN-1514,365927134,Rimski Sancevi,RIM,RIM,Rimski Sancevi,20.0,12948983045,1.9964304674905295,0.08239372963716486,capacity-balanced inferred shortest-path assignment on OSM streets; not an as-built feeder
SYN-1515,365927134,Rimski Sancevi,RIM,RIM,Rimski Sancevi,20.0,3553395679,2.306562467490529,0.08239372963716486,capacity-balanced inferred shortest-path assignment on OSM streets; not an as-built feeder
SYN-1516,365927134,Rimski Sancevi,RIM,RIM,Rimski Sancevi,20.0,3552315267,1.8487004674905296,0.08239372963716486,capacity-balanced inferred shortest-path assignment on OSM streets; not an as-built feeder
SYN-1517,365927134,Rimski Sancevi,RIM,RIM,Rimski Sancevi,20.0,3553577945,2.5878654674905293,0.08239372963716486,capacity-balanced inferred shortest-path assignment on OSM streets; not an as-built feeder
SYN-1518,365927134,Rimski Sancevi,RIM,RIM,Rimski Sancevi,20.0,3553919601,2.165340467490529,0.08239372963716486,capacity-balanced inferred shortest-path assignment on OSM streets; not an as-built feeder
SYN-1519,365927134,Rimski Sancevi,RIM,RIM,Rimski Sancevi,20.0,3553845815,1.8808804674905295,0.08239372963716486,capacity-balanced inferred shortest-path assignment on OSM streets; not an as-built feeder
SYN-1520,365927134,Rimski Sancevi,RIM,RIM,Rimski Sancevi,20.0,11530369054,2.1152174674905297,0.08239372963716486,capacity-balanced inferred shortest-path assignment on OSM streets; not an as-built feeder
SYN-1521,365927134,Rimski Sancevi,RIM,RIM,Rimski Sancevi,20.0,3552315216,2.0751644674905294,0.08239372963716486,capacity-balanced inferred shortest-path assignment on OSM streets; not an as-built feeder
SYN-1522,365927134,Rimski Sancevi,RIM,RIM,Rimski Sancevi,20.0,1570061013,2.059467467490529,0.08239372963716486,capacity-balanced inferred shortest-path assignment on OSM streets; not an as-built feeder
SYN-1523,365927134,Rimski Sancevi,RIM,RIM,Rimski Sancevi,20.0,3552315250,2.1983274674905293,0.08239372963716486,capacity-balanced inferred shortest-path assignment on OSM streets; not an as-built feeder
SYN-1524,365927134,Rimski Sancevi,RIM,RIM,Rimski Sancevi,20.0,12948983045,1.9964304674905295,0.08239372963716486,capacity-balanced inferred shortest-path assignment on OSM streets; not an as-built feeder
SYN-1525,365927134,Rimski Sancevi,RIM,RIM,Rimski Sancevi,20.0,3553397815,1.9531564674905295,0.08239372963716486,capacity-balanced inferred shortest-path assignment on OSM streets; not an as-built feeder
SYN-1526,365927134,Rimski Sancevi,RIM,RIM,Rimski Sancevi,20.0,3552315245,1.89135246749053,0.08239372963716486,capacity-balanced inferred shortest-path assignment on OSM streets; not an as-built feeder
SYN-1527,365927134,Rimski Sancevi,RIM,RIM,Rimski Sancevi,20.0,3552315228,2.2954044674905294,0.0251871674396798,capacity-balanced inferred shortest-path assignment on OSM streets; not an as-built feeder
SYN-1530,365927134,Rimski Sancevi,RIM,RIM,Rimski Sancevi,20.0,14039487359,3.2506774674905294,0.09129914021920088,capacity-balanced inferred shortest-path assignment on OSM streets; not an as-built feeder
SYN-1635,365927134,Rimski Sancevi,RIM,RIM,Rimski Sancevi,20.0,3561151917,2.6762194674905286,0.0317560453524563,capacity-balanced inferred shortest-path assignment on OSM streets; not an as-built feeder
SYN-1646,365927134,Rimski Sancevi,RIM,RIM,Rimski Sancevi,20.0,3073594793,1.684310467490529,0.08116634730629697,capacity-balanced inferred shortest-path assignment on OSM streets; not an as-built feeder
SYN-1651,365927134,Rimski Sancevi,RIM,RIM,Rimski Sancevi,20.0,3073594699,1.7517184674905288,0.08116634730629697,capacity-balanced inferred shortest-path assignment on OSM streets; not an as-built feeder
SYN-1655,365927134,Rimski Sancevi,RIM,RIM,Rimski Sancevi,20.0,11891149883,1.5945694674905286,0.08116634730629697,capacity-balanced inferred shortest-path assignment on OSM streets; not an as-built feeder
SYN-1667,365927134,Rimski Sancevi,RIM,RIM,Rimski Sancevi,20.0,3073594760,1.757346467490529,0.08116634730629697,capacity-balanced inferred shortest-path assignment on OSM streets; not an as-built feeder
SYN-1677,365927134,Rimski Sancevi,RIM,RIM,Rimski Sancevi,20.0,3073594758,1.641967467490529,0.08116634730629697,capacity-balanced inferred shortest-path assignment on OSM streets; not an as-built feeder
SYN-1685,365927134,Rimski Sancevi,RIM,RIM,Rimski Sancevi,20.0,3073594425,1.9462384674905289,0.08116634730629697,capacity-balanced inferred shortest-path assignment on OSM streets; not an as-built feeder
SYN-1689,365927134,Rimski Sancevi,RIM,RIM,Rimski Sancevi,20.0,13858631067,2.232390467490529,0.08116634730629697,capacity-balanced inferred shortest-path assignment on OSM streets; not an as-built feeder
SYN-1695,365927134,Rimski Sancevi,RIM,RIM,Rimski Sancevi,20.0,3073594750,1.806025467490529,0.08116634730629697,capacity-balanced inferred shortest-path assignment on OSM streets; not an as-built feeder
SYN-1696,365927134,Rimski Sancevi,RIM,RIM,Rimski Sancevi,20.0,13858631067,2.232390467490529,0.08116634730629697,capacity-balanced inferred shortest-path assignment on OSM streets; not an as-built feeder
SYN-1762,365927134,Rimski Sancevi,RIM,RIM,Rimski Sancevi,20.0,3071495673,3.426927467490529,0.0830481951415349,capacity-balanced inferred shortest-path assignment on OSM streets; not an as-built feeder
SYN-1763,365927134,Rimski Sancevi,RIM,RIM,Rimski Sancevi,20.0,3218086331,3.750121467490529,0.0830481951415349,capacity-balanced inferred shortest-path assignment on OSM streets; not an as-built feeder
SYN-1764,365927134,Rimski Sancevi,RIM,RIM,Rimski Sancevi,20.0,10983239764,3.73197146749053,0.0830481951415349,capacity-balanced inferred shortest-path assignment on OSM streets; not an as-built feeder
SYN-1765,365927134,Rimski Sancevi,RIM,RIM,Rimski Sancevi,20.0,3641058038,3.5268624674905302,0.0830481951415349,capacity-balanced inferred shortest-path assignment on OSM streets; not an as-built feeder
SYN-1766,365927134,Rimski Sancevi,RIM,RIM,Rimski Sancevi,20.0,2735418048,3.538126467490529,0.0830481951415349,capacity-balanced inferred shortest-path assignment on OSM streets; not an as-built feeder
SYN-1769,365927134,Rimski Sancevi,RIM,RIM,Rimski Sancevi,20.0,3641058055,3.54422046749053,0.0830481951415349,capacity-balanced inferred shortest-path assignment on OSM streets; not an as-built feeder
SYN-1770,365927134,Rimski Sancevi,RIM,RIM,Rimski Sancevi,20.0,3641058154,3.28545346749053,0.0830481951415349,capacity-balanced inferred shortest-path assignment on OSM streets; not an as-built feeder
SYN-1771,365927134,Rimski Sancevi,RIM,RIM,Rimski Sancevi,20.0,3061979770,3.2735324674905297,0.0830481951415349,capacity-balanced inferred shortest-path assignment on OSM streets; not an as-built feeder
SYN-1773,365927134,Rimski Sancevi,RIM,RIM,Rimski Sancevi,20.0,3061979768,3.3022944674905297,0.0830481951415349,capacity-balanced inferred shortest-path assignment on OSM streets; not an as-built feeder
SYN-1775,365927134,Rimski Sancevi,RIM,RIM,Rimski Sancevi,20.0,3641058283,3.4165704674905295,0.0830481951415349,capacity-balanced inferred shortest-path assignment on OSM streets; not an as-built feeder
SYN-1776,365927134,Rimski Sancevi,RIM,RIM,Rimski Sancevi,20.0,3071495672,3.4072744674905295,0.0830481951415349,capacity-balanced inferred shortest-path assignment on OSM streets; not an as-built feeder
SYN-1789,365927134,Rimski Sancevi,RIM,RIM,Rimski Sancevi,20.0,2331640002,2.038090467490528,0.07941763664225465,capacity-balanced inferred shortest-path assignment on OSM streets; not an as-built feeder
SYN-1790,365927134,Rimski Sancevi,RIM,RIM,Rimski Sancevi,20.0,6539928969,2.159058467490528,0.07941763664225465,capacity-balanced inferred shortest-path assignment on OSM streets; not an as-built feeder
SYN-1791,365927134,Rimski Sancevi,RIM,RIM,Rimski Sancevi,20.0,6539928968,2.251185467490528,0.07941763664225465,capacity-balanced inferred shortest-path assignment on OSM streets; not an as-built feeder
SYN-1792,365927134,Rimski Sancevi,RIM,RIM,Rimski Sancevi,20.0,6547960371,1.8949484674905284,0.07941763664225465,capacity-balanced inferred shortest-path assignment on OSM streets; not an as-built feeder
SYN-1812,365927134,Rimski Sancevi,RIM,RIM,Rimski Sancevi,20.0,11727640503,3.82047846749053,0.08289836129809919,capacity-balanced inferred shortest-path assignment on OSM streets; not an as-built feeder
SYN-1813,365927134,Rimski Sancevi,RIM,RIM,Rimski Sancevi,20.0,11727640467,3.7276854674905304,0.08289836129809919,capacity-balanced inferred shortest-path assignment on OSM streets; not an as-built feeder
SYN-1814,365927134,Rimski Sancevi,RIM,RIM,Rimski Sancevi,20.0,11727640471,3.9264364674905305,0.08289836129809919,capacity-balanced inferred shortest-path assignment on OSM streets; not an as-built feeder
SYN-1815,365927134,Rimski Sancevi,RIM,RIM,Rimski Sancevi,20.0,11727640497,4.2038164674905305,0.08289836129809919,capacity-balanced inferred shortest-path assignment on OSM streets; not an as-built feeder
SYN-1816,365927134,Rimski Sancevi,RIM,RIM,Rimski Sancevi,20.0,11727640500,3.86663846749053,0.08289836129809919,capacity-balanced inferred shortest-path assignment on OSM streets; not an as-built feeder
SYN-1817,365927134,Rimski Sancevi,RIM,RIM,Rimski Sancevi,20.0,11727640490,3.7863144674905302,0.08289836129809919,capacity-balanced inferred shortest-path assignment on OSM streets; not an as-built feeder
SYN-1818,365927134,Rimski Sancevi,RIM,RIM,Rimski Sancevi,20.0,11727640468,3.8023304674905303,0.08289836129809919,capacity-balanced inferred shortest-path assignment on OSM streets; not an as-built feeder
SYN-1819,365927134,Rimski Sancevi,RIM,RIM,Rimski Sancevi,20.0,11727640472,3.9314614674905304,0.08289836129809919,capacity-balanced inferred shortest-path assignment on OSM streets; not an as-built feeder
SYN-1820,365927134,Rimski Sancevi,RIM,RIM,Rimski Sancevi,20.0,1241691350,3.74621646749053,0.08289836129809919,capacity-balanced inferred shortest-path assignment on OSM streets; not an as-built feeder
SYN-1821,365927134,Rimski Sancevi,RIM,RIM,Rimski Sancevi,20.0,11727640496,4.234540467490531,0.08289836129809919,capacity-balanced inferred shortest-path assignment on OSM streets; not an as-built feeder
SYN-1823,365927134,Rimski Sancevi,RIM,RIM,Rimski Sancevi,20.0,11727640497,4.2038164674905305,0.08289836129809919,capacity-balanced inferred shortest-path assignment on OSM streets; not an as-built feeder
SYN-1824,365927134,Rimski Sancevi,RIM,RIM,Rimski Sancevi,20.0,11727640472,3.9314614674905304,0.08289836129809919,capacity-balanced inferred shortest-path assignment on OSM streets; not an as-built feeder
SYN-1826,365927134,Rimski Sancevi,RIM,RIM,Rimski Sancevi,20.0,11727640472,3.9314614674905304,0.08289836129809919,capacity-balanced inferred shortest-path assignment on OSM streets; not an as-built feeder
SYN-1827,365927134,Rimski Sancevi,RIM,RIM,Rimski Sancevi,20.0,11727640496,4.234540467490531,0.08289836129809919,capacity-balanced inferred shortest-path assignment on OSM streets; not an as-built feeder
SYN-1828,365927134,Rimski Sancevi,RIM,RIM,Rimski Sancevi,20.0,11727640472,3.9314614674905304,0.08289836129809919,capacity-balanced inferred shortest-path assignment on OSM streets; not an as-built feeder
SYN-1829,365927134,Rimski Sancevi,RIM,RIM,Rimski Sancevi,20.0,11727640497,4.2038164674905305,0.08289836129809919,capacity-balanced inferred shortest-path assignment on OSM streets; not an as-built feeder
SYN-1831,365927134,Rimski Sancevi,RIM,RIM,Rimski Sancevi,20.0,11727640500,3.86663846749053,0.08289836129809919,capacity-balanced inferred shortest-path assignment on OSM streets; not an as-built feeder
SYN-1848,365927134,Rimski Sancevi,RIM,RIM,Rimski Sancevi,20.0,14023890787,3.8916344674905274,0.10790906058306923,capacity-balanced inferred shortest-path assignment on OSM streets; not an as-built feeder
SYN-1851,365927134,Rimski Sancevi,RIM,RIM,Rimski Sancevi,20.0,14023890745,3.4917854674905286,0.10634857821217977,capacity-balanced inferred shortest-path assignment on OSM streets; not an as-built feeder
SYN-1852,365927134,Rimski Sancevi,RIM,RIM,Rimski Sancevi,20.0,1570039950,3.965455467490529,0.10634857821217977,capacity-balanced inferred shortest-path assignment on OSM streets; not an as-built feeder
SYN-1864,365927134,Rimski Sancevi,RIM,RIM,Rimski Sancevi,20.0,14024020244,3.277800467490529,0.08932127276488315,capacity-balanced inferred shortest-path assignment on OSM streets; not an as-built feeder
SYN-1865,365927134,Rimski Sancevi,RIM,RIM,Rimski Sancevi,20.0,14024020260,3.0082444674905293,0.08932127276488315,capacity-balanced inferred shortest-path assignment on OSM streets; not an as-built feeder
SYN-1866,365927134,Rimski Sancevi,RIM,RIM,Rimski Sancevi,20.0,3057557535,3.496994467490529,0.08932127276488315,capacity-balanced inferred shortest-path assignment on OSM streets; not an as-built feeder
SYN-1867,365927134,Rimski Sancevi,RIM,RIM,Rimski Sancevi,20.0,14024020210,3.262831467490529,0.08932127276488315,capacity-balanced inferred shortest-path assignment on OSM streets; not an as-built feeder
SYN-1872,365927134,Rimski Sancevi,RIM,RIM,Rimski Sancevi,20.0,14024216966,3.2883624674905287,0.09213616147466681,capacity-balanced inferred shortest-path assignment on OSM streets; not an as-built feeder
SYN-1875,365927134,Rimski Sancevi,RIM,RIM,Rimski Sancevi,20.0,3057636356,3.206199467490529,0.09961562273479622,capacity-balanced inferred shortest-path assignment on OSM streets; not an as-built feeder
SYN-1876,365927134,Rimski Sancevi,RIM,RIM,Rimski Sancevi,20.0,14024239971,3.276009467490529,0.09961562273479622,capacity-balanced inferred shortest-path assignment on OSM streets; not an as-built feeder
SYN-1877,365927134,Rimski Sancevi,RIM,RIM,Rimski Sancevi,20.0,3589711576,3.2257444674905296,0.09961562273479622,capacity-balanced inferred shortest-path assignment on OSM streets; not an as-built feeder
SYN-1878,365927134,Rimski Sancevi,RIM,RIM,Rimski Sancevi,20.0,1570039973,3.0569864674905287,0.09586425450357396,capacity-balanced inferred shortest-path assignment on OSM streets; not an as-built feeder
SYN-1879,365927134,Rimski Sancevi,RIM,RIM,Rimski Sancevi,20.0,14024414415,3.121763467490529,0.09586425450357396,capacity-balanced inferred shortest-path assignment on OSM streets; not an as-built feeder
SYN-1880,365927134,Rimski Sancevi,RIM,RIM,Rimski Sancevi,20.0,7467357116,3.071043467490529,0.09586425450357396,capacity-balanced inferred shortest-path assignment on OSM streets; not an as-built feeder
SYN-1881,365927134,Rimski Sancevi,RIM,RIM,Rimski Sancevi,20.0,11890993409,3.005118467490529,0.09586425450357396,capacity-balanced inferred shortest-path assignment on OSM streets; not an as-built feeder
SYN-1882,365927134,Rimski Sancevi,RIM,RIM,Rimski Sancevi,20.0,1570040061,2.757980467490529,0.07556330889924165,capacity-balanced inferred shortest-path assignment on OSM streets; not an as-built feeder
SYN-1883,365927134,Rimski Sancevi,RIM,RIM,Rimski Sancevi,20.0,1570039862,3.1273494674905296,0.07556330889924165,capacity-balanced inferred shortest-path assignment on OSM streets; not an as-built feeder
SYN-1884,365927134,Rimski Sancevi,RIM,RIM,Rimski Sancevi,20.0,1570040061,2.757980467490529,0.07556330889924165,capacity-balanced inferred shortest-path assignment on OSM streets; not an as-built feeder
SYN-2012,365927134,Rimski Sancevi,RIM,RIM,Rimski Sancevi,20.0,1584108562,3.921891467490529,0.084112844873479,capacity-balanced inferred shortest-path assignment on OSM streets; not an as-built feeder
SYN-2013,365927134,Rimski Sancevi,RIM,RIM,Rimski Sancevi,20.0,1584108539,4.202601467490529,0.084112844873479,capacity-balanced inferred shortest-path assignment on OSM streets; not an as-built feeder
SYN-2014,365927134,Rimski Sancevi,RIM,RIM,Rimski Sancevi,20.0,10789885876,4.005901467490529,0.084112844873479,capacity-balanced inferred shortest-path assignment on OSM streets; not an as-built feeder
SYN-2015,365927134,Rimski Sancevi,RIM,RIM,Rimski Sancevi,20.0,1584108539,4.202601467490529,0.084112844873479,capacity-balanced inferred shortest-path assignment on OSM streets; not an as-built feeder
SYN-2038,365927134,Rimski Sancevi,RIM,RIM,Rimski Sancevi,20.0,3611741732,3.0825964674905304,0.11269714232147685,capacity-balanced inferred shortest-path assignment on OSM streets; not an as-built feeder
SYN-2039,365927134,Rimski Sancevi,RIM,RIM,Rimski Sancevi,20.0,3611741761,2.8764954674905288,0.054488425121489555,capacity-balanced inferred shortest-path assignment on OSM streets; not an as-built feeder
SYN-2176,365927134,Rimski Sancevi,RIM,RIM,Rimski Sancevi,20.0,6378516746,3.3496754674905307,0.08201236781454393,capacity-balanced inferred shortest-path assignment on OSM streets; not an as-built feeder
SYN-2180,365927134,Rimski Sancevi,RIM,RIM,Rimski Sancevi,20.0,3561459730,2.0979644674905296,0.1269309051970553,capacity-balanced inferred shortest-path assignment on OSM streets; not an as-built feeder
SYN-2181,365927134,Rimski Sancevi,RIM,RIM,Rimski Sancevi,20.0,3561459730,2.0979644674905296,0.12637030432276464,capacity-balanced inferred shortest-path assignment on OSM streets; not an as-built feeder
SYN-2182,365927134,Rimski Sancevi,RIM,RIM,Rimski Sancevi,20.0,11530394609,0.9348774674905286,0.08330994516525969,capacity-balanced inferred shortest-path assignment on OSM streets; not an as-built feeder
SYN-2183,365927134,Rimski Sancevi,RIM,RIM,Rimski Sancevi,20.0,11530394608,0.9104154674905286,0.08330994516525969,capacity-balanced inferred shortest-path assignment on OSM streets; not an as-built feeder
SYN-2315,365927134,Rimski Sancevi,RIM,RIM,Rimski Sancevi,20.0,1570035447,1.5962864674905286,0.08224386226848486,capacity-balanced inferred shortest-path assignment on OSM streets; not an as-built feeder
SYN-2316,365927134,Rimski Sancevi,RIM,RIM,Rimski Sancevi,20.0,13474997781,2.41061546749053,0.08224386226848486,capacity-balanced inferred shortest-path assignment on OSM streets; not an as-built feeder
SYN-2317,365927134,Rimski Sancevi,RIM,RIM,Rimski Sancevi,20.0,1570035365,2.309573467490529,0.08224386226848486,capacity-balanced inferred shortest-path assignment on OSM streets; not an as-built feeder
SYN-2318,365927134,Rimski Sancevi,RIM,RIM,Rimski Sancevi,20.0,1570035361,2.16165146749053,0.08224386226848486,capacity-balanced inferred shortest-path assignment on OSM streets; not an as-built feeder
SYN-2319,365927134,Rimski Sancevi,RIM,RIM,Rimski Sancevi,20.0,3561459721,1.7224104674905294,0.08224386226848486,capacity-balanced inferred shortest-path assignment on OSM streets; not an as-built feeder
SYN-2320,365927134,Rimski Sancevi,RIM,RIM,Rimski Sancevi,20.0,3561109525,2.2690704674905295,0.08224386226848486,capacity-balanced inferred shortest-path assignment on OSM streets; not an as-built feeder
SYN-2321,365927134,Rimski Sancevi,RIM,RIM,Rimski Sancevi,20.0,2325392782,2.5081954674905296,0.08224386226848486,capacity-balanced inferred shortest-path assignment on OSM streets; not an as-built feeder
SYN-2322,365927134,Rimski Sancevi,RIM,RIM,Rimski Sancevi,20.0,1570034920,2.4966814674905295,0.08224386226848486,capacity-balanced inferred shortest-path assignment on OSM streets; not an as-built feeder
SYN-2323,365927134,Rimski Sancevi,RIM,RIM,Rimski Sancevi,20.0,3586747862,2.120551467490529,0.08224386226848486,capacity-balanced inferred shortest-path assignment on OSM streets; not an as-built feeder
SYN-2324,365927134,Rimski Sancevi,RIM,RIM,Rimski Sancevi,20.0,13474997781,2.41061546749053,0.08224386226848486,capacity-balanced inferred shortest-path assignment on OSM streets; not an as-built feeder
SYN-2325,365927134,Rimski Sancevi,RIM,RIM,Rimski Sancevi,20.0,1570034939,1.8124814674905287,0.08224386226848486,capacity-balanced inferred shortest-path assignment on OSM streets; not an as-built feeder
SYN-2326,365927134,Rimski Sancevi,RIM,RIM,Rimski Sancevi,20.0,1570034923,2.066270467490529,0.08224386226848486,capacity-balanced inferred shortest-path assignment on OSM streets; not an as-built feeder
SYN-2327,365927134,Rimski Sancevi,RIM,RIM,Rimski Sancevi,20.0,2325392782,2.5081954674905296,0.08224386226848486,capacity-balanced inferred shortest-path assignment on OSM streets; not an as-built feeder
SYN-2328,365927134,Rimski Sancevi,RIM,RIM,Rimski Sancevi,20.0,13474997781,2.41061546749053,0.08224386226848486,capacity-balanced inferred shortest-path assignment on OSM streets; not an as-built feeder
SYN-2329,365927134,Rimski Sancevi,RIM,RIM,Rimski Sancevi,20.0,3585428493,1.7379124674905284,0.08224386226848486,capacity-balanced inferred shortest-path assignment on OSM streets; not an as-built feeder
SYN-2330,365927134,Rimski Sancevi,RIM,RIM,Rimski Sancevi,20.0,1570034937,2.3504954674905294,0.08224386226848486,capacity-balanced inferred shortest-path assignment on OSM streets; not an as-built feeder
SYN-2331,365927134,Rimski Sancevi,RIM,RIM,Rimski Sancevi,20.0,1570034829,2.9772314674905296,0.08224386226848486,capacity-balanced inferred shortest-path assignment on OSM streets; not an as-built feeder
SYN-2332,365927134,Rimski Sancevi,RIM,RIM,Rimski Sancevi,20.0,12074832749,2.159640467490529,0.08224386226848486,capacity-balanced inferred shortest-path assignment on OSM streets; not an as-built feeder
SYN-2333,365927134,Rimski Sancevi,RIM,RIM,Rimski Sancevi,20.0,3561459730,2.0979644674905296,0.08224386226848486,capacity-balanced inferred shortest-path assignment on OSM streets; not an as-built feeder
SYN-2334,365927134,Rimski Sancevi,RIM,RIM,Rimski Sancevi,20.0,1570034923,2.066270467490529,0.08224386226848486,capacity-balanced inferred shortest-path assignment on OSM streets; not an as-built feeder
SYN-2335,365927134,Rimski Sancevi,RIM,RIM,Rimski Sancevi,20.0,12074832749,2.159640467490529,0.08224386226848486,capacity-balanced inferred shortest-path assignment on OSM streets; not an as-built feeder
SYN-2336,365927134,Rimski Sancevi,RIM,RIM,Rimski Sancevi,20.0,13474997780,2.3129694674905297,0.08224386226848486,capacity-balanced inferred shortest-path assignment on OSM streets; not an as-built feeder
SYN-2337,365927134,Rimski Sancevi,RIM,RIM,Rimski Sancevi,20.0,1362589431,1.7871914674905292,0.08224386226848486,capacity-balanced inferred shortest-path assignment on OSM streets; not an as-built feeder
SYN-2338,365927134,Rimski Sancevi,RIM,RIM,Rimski Sancevi,20.0,11890993423,2.265973467490529,0.08224386226848486,capacity-balanced inferred shortest-path assignment on OSM streets; not an as-built feeder
SYN-2339,365927134,Rimski Sancevi,RIM,RIM,Rimski Sancevi,20.0,3585428570,2.03204746749053,0.08224386226848486,capacity-balanced inferred shortest-path assignment on OSM streets; not an as-built feeder
SYN-2340,365927134,Rimski Sancevi,RIM,RIM,Rimski Sancevi,20.0,1570035453,1.5289964674905285,0.08224386226848486,capacity-balanced inferred shortest-path assignment on OSM streets; not an as-built feeder
SYN-2341,365927134,Rimski Sancevi,RIM,RIM,Rimski Sancevi,20.0,3585428570,2.03204746749053,0.08224386226848486,capacity-balanced inferred shortest-path assignment on OSM streets; not an as-built feeder
SYN-2342,365927134,Rimski Sancevi,RIM,RIM,Rimski Sancevi,20.0,1570035364,1.7061554674905284,0.08224386226848486,capacity-balanced inferred shortest-path assignment on OSM streets; not an as-built feeder
SYN-2343,365927134,Rimski Sancevi,RIM,RIM,Rimski Sancevi,20.0,1570035354,2.2816194674905295,0.08224386226848486,capacity-balanced inferred shortest-path assignment on OSM streets; not an as-built feeder
SYN-2344,365927134,Rimski Sancevi,RIM,RIM,Rimski Sancevi,20.0,2684772717,2.2106664674905296,0.08224386226848486,capacity-balanced inferred shortest-path assignment on OSM streets; not an as-built feeder
SYN-2345,365927134,Rimski Sancevi,RIM,RIM,Rimski Sancevi,20.0,13474997781,2.41061546749053,0.08224386226848486,capacity-balanced inferred shortest-path assignment on OSM streets; not an as-built feeder
SYN-2346,365927134,Rimski Sancevi,RIM,RIM,Rimski Sancevi,20.0,1570034901,1.9893314674905287,0.08224386226848486,capacity-balanced inferred shortest-path assignment on OSM streets; not an as-built feeder
SYN-2347,365927134,Rimski Sancevi,RIM,RIM,Rimski Sancevi,20.0,1570034901,1.9893314674905287,0.08224386226848486,capacity-balanced inferred shortest-path assignment on OSM streets; not an as-built feeder
SYN-2348,365927134,Rimski Sancevi,RIM,RIM,Rimski Sancevi,20.0,3569915495,1.8535584674905288,0.08224386226848486,capacity-balanced inferred shortest-path assignment on OSM streets; not an as-built feeder
SYN-2350,365927134,Rimski Sancevi,RIM,RIM,Rimski Sancevi,20.0,13474997781,2.41061546749053,0.08224386226848486,capacity-balanced inferred shortest-path assignment on OSM streets; not an as-built feeder
SYN-2351,365927134,Rimski Sancevi,RIM,RIM,Rimski Sancevi,20.0,1570035448,1.9474344674905295,0.08224386226848486,capacity-balanced inferred shortest-path assignment on OSM streets; not an as-built feeder
SYN-2353,365927134,Rimski Sancevi,RIM,RIM,Rimski Sancevi,20.0,1570034937,2.3504954674905294,0.08224386226848486,capacity-balanced inferred shortest-path assignment on OSM streets; not an as-built feeder
SYN-2354,365927134,Rimski Sancevi,RIM,RIM,Rimski Sancevi,20.0,1570035354,2.2816194674905295,0.08224386226848486,capacity-balanced inferred shortest-path assignment on OSM streets; not an as-built feeder
SYN-2355,365927134,Rimski Sancevi,RIM,RIM,Rimski Sancevi,20.0,13474997781,2.41061546749053,0.08224386226848486,capacity-balanced inferred shortest-path assignment on OSM streets; not an as-built feeder
SYN-2357,365927134,Rimski Sancevi,RIM,RIM,Rimski Sancevi,20.0,13474997781,2.41061546749053,0.08224386226848486,capacity-balanced inferred shortest-path assignment on OSM streets; not an as-built feeder
SYN-2359,365927134,Rimski Sancevi,RIM,RIM,Rimski Sancevi,20.0,3062163475,2.1931724674905295,0.08224386226848486,capacity-balanced inferred shortest-path assignment on OSM streets; not an as-built feeder
SYN-2360,365927134,Rimski Sancevi,RIM,RIM,Rimski Sancevi,20.0,13474997781,2.41061546749053,0.08224386226848486,capacity-balanced inferred shortest-path assignment on OSM streets; not an as-built feeder
SYN-2361,365927134,Rimski Sancevi,RIM,RIM,Rimski Sancevi,20.0,13474997780,2.3129694674905297,0.08224386226848486,capacity-balanced inferred shortest-path assignment on OSM streets; not an as-built feeder
SYN-2363,365927134,Rimski Sancevi,RIM,RIM,Rimski Sancevi,20.0,3062163474,1.8837714674905295,0.08224386226848486,capacity-balanced inferred shortest-path assignment on OSM streets; not an as-built feeder
SYN-2367,365927134,Rimski Sancevi,RIM,RIM,Rimski Sancevi,20.0,1570034939,1.8124814674905287,0.08224386226848486,capacity-balanced inferred shortest-path assignment on OSM streets; not an as-built feeder
SYN-2368,365927134,Rimski Sancevi,RIM,RIM,Rimski Sancevi,20.0,1362589364,1.8434904674905292,0.08224386226848486,capacity-balanced inferred shortest-path assignment on OSM streets; not an as-built feeder
SYN-2371,365927134,Rimski Sancevi,RIM,RIM,Rimski Sancevi,20.0,6378512268,3.3274754674905305,0.08469991083564858,capacity-balanced inferred shortest-path assignment on OSM streets; not an as-built feeder
SYN-2372,365927134,Rimski Sancevi,RIM,RIM,Rimski Sancevi,20.0,6378512268,3.3274754674905305,0.08469991083564858,capacity-balanced inferred shortest-path assignment on OSM streets; not an as-built feeder
SYN-2373,365927134,Rimski Sancevi,RIM,RIM,Rimski Sancevi,20.0,6378512268,3.3274754674905305,0.08469991083564858,capacity-balanced inferred shortest-path assignment on OSM streets; not an as-built feeder
SYN-2374,365927134,Rimski Sancevi,RIM,RIM,Rimski Sancevi,20.0,6773089867,2.4547504674905296,0.1040715114980656,capacity-balanced inferred shortest-path assignment on OSM streets; not an as-built feeder
SYN-2375,365927134,Rimski Sancevi,RIM,RIM,Rimski Sancevi,20.0,3561151910,2.827670467490529,0.1040715114980656,capacity-balanced inferred shortest-path assignment on OSM streets; not an as-built feeder
SYN-2376,365927134,Rimski Sancevi,RIM,RIM,Rimski Sancevi,20.0,3563691809,0.8147994674905287,0.14080569985863253,capacity-balanced inferred shortest-path assignment on OSM streets; not an as-built feeder
SYN-2393,365927134,Rimski Sancevi,RIM,RIM,Rimski Sancevi,20.0,7853810904,3.640983467490529,0.03865011774541539,capacity-balanced inferred shortest-path assignment on OSM streets; not an as-built feeder
SYN-2394,365927134,Rimski Sancevi,RIM,RIM,Rimski Sancevi,20.0,7853810899,3.6129334674905285,0.11662456440914697,capacity-balanced inferred shortest-path assignment on OSM streets; not an as-built feeder
SYN-2395,365927134,Rimski Sancevi,RIM,RIM,Rimski Sancevi,20.0,7853810889,3.2979034674905288,0.08064083699604149,capacity-balanced inferred shortest-path assignment on OSM streets; not an as-built feeder
SYN-2396,365927134,Rimski Sancevi,RIM,RIM,Rimski Sancevi,20.0,7853810889,3.2979034674905288,0.08064083699604149,capacity-balanced inferred shortest-path assignment on OSM streets; not an as-built feeder
SYN-2398,365927134,Rimski Sancevi,RIM,RIM,Rimski Sancevi,20.0,3708826378,4.7857274674905295,0.09188243094721833,capacity-balanced inferred shortest-path assignment on OSM streets; not an as-built feeder
SYN-2411,365927134,Rimski Sancevi,RIM,RIM,Rimski Sancevi,20.0,3699875265,4.929204467490529,0.000866481850030159,capacity-balanced inferred shortest-path assignment on OSM streets; not an as-built feeder
SYN-0166,367560187,Futog,FUT,FUT,Futog,20.0,3525580296,0.467266,0.10627786898013533,capacity-balanced inferred shortest-path assignment on OSM streets; not an as-built feeder
SYN-0167,367560187,Futog,FUT,FUT,Futog,20.0,3525580299,0.801455,0.10627786898013533,capacity-balanced inferred shortest-path assignment on OSM streets; not an as-built feeder
SYN-0168,367560187,Futog,FUT,FUT,Futog,20.0,2338067579,2.865411,0.005466502850036216,capacity-balanced inferred shortest-path assignment on OSM streets; not an as-built feeder
SYN-0215,367560187,Futog,FUT,FUT,Futog,20.0,1573789235,5.436662999999998,0.08418688586033549,capacity-balanced inferred shortest-path assignment on OSM streets; not an as-built feeder
SYN-0216,367560187,Futog,FUT,FUT,Futog,20.0,1573789038,5.253640999999998,0.08418688586033549,capacity-balanced inferred shortest-path assignment on OSM streets; not an as-built feeder
SYN-0217,367560187,Futog,FUT,FUT,Futog,20.0,1573789092,5.371063999999999,0.08418688586033549,capacity-balanced inferred shortest-path assignment on OSM streets; not an as-built feeder
SYN-0218,367560187,Futog,FUT,FUT,Futog,20.0,1573789235,5.436662999999998,0.08418688586033549,capacity-balanced inferred shortest-path assignment on OSM streets; not an as-built feeder
SYN-0219,367560187,Futog,FUT,FUT,Futog,20.0,1573789197,5.3766279999999975,0.08418688586033549,capacity-balanced inferred shortest-path assignment on OSM streets; not an as-built feeder
SYN-0220,367560187,Futog,FUT,FUT,Futog,20.0,1573789043,5.315373999999998,0.08418688586033549,capacity-balanced inferred shortest-path assignment on OSM streets; not an as-built feeder
SYN-0221,367560187,Futog,FUT,FUT,Futog,20.0,1573789043,5.315373999999998,0.08418688586033549,capacity-balanced inferred shortest-path assignment on OSM streets; not an as-built feeder
SYN-0222,367560187,Futog,FUT,FUT,Futog,20.0,1573789269,5.650675000000001,0.08418688586033549,capacity-balanced inferred shortest-path assignment on OSM streets; not an as-built feeder
SYN-0225,367560187,Futog,FUT,FUT,Futog,20.0,1573789037,5.3413049999999975,0.08418688586033549,capacity-balanced inferred shortest-path assignment on OSM streets; not an as-built feeder
SYN-0228,367560187,Futog,FUT,FUT,Futog,20.0,1573789147,5.313088999999997,0.08418688586033549,capacity-balanced inferred shortest-path assignment on OSM streets; not an as-built feeder
SYN-0230,367560187,Futog,FUT,FUT,Futog,20.0,1573789288,5.624787999999999,0.08418688586033549,capacity-balanced inferred shortest-path assignment on OSM streets; not an as-built feeder
SYN-0300,367560187,Futog,FUT,FUT,Futog,20.0,3208693238,1.786027,0.08142782528068361,capacity-balanced inferred shortest-path assignment on OSM streets; not an as-built feeder
SYN-0301,367560187,Futog,FUT,FUT,Futog,20.0,11360217031,1.3316850000000002,0.08142782528068361,capacity-balanced inferred shortest-path assignment on OSM streets; not an as-built feeder
SYN-0302,367560187,Futog,FUT,FUT,Futog,20.0,8900413006,2.168672,0.08142782528068361,capacity-balanced inferred shortest-path assignment on OSM streets; not an as-built feeder
SYN-0303,367560187,Futog,FUT,FUT,Futog,20.0,8222197850,1.3862799999999997,0.08142782528068361,capacity-balanced inferred shortest-path assignment on OSM streets; not an as-built feeder
SYN-0304,367560187,Futog,FUT,FUT,Futog,20.0,3530941038,1.7368409999999999,0.08142782528068361,capacity-balanced inferred shortest-path assignment on OSM streets; not an as-built feeder
SYN-0305,367560187,Futog,FUT,FUT,Futog,20.0,2334305023,1.8609509999999998,0.08142782528068361,capacity-balanced inferred shortest-path assignment on OSM streets; not an as-built feeder
SYN-0306,367560187,Futog,FUT,FUT,Futog,20.0,11360217034,1.4385899999999998,0.08142782528068361,capacity-balanced inferred shortest-path assignment on OSM streets; not an as-built feeder
SYN-0307,367560187,Futog,FUT,FUT,Futog,20.0,1240895885,2.0223400000000002,0.08142782528068361,capacity-balanced inferred shortest-path assignment on OSM streets; not an as-built feeder
SYN-0308,367560187,Futog,FUT,FUT,Futog,20.0,11846889912,2.2331079999999996,0.08142782528068361,capacity-balanced inferred shortest-path assignment on OSM streets; not an as-built feeder
SYN-0309,367560187,Futog,FUT,FUT,Futog,20.0,8202085085,0.901331,0.08142782528068361,capacity-balanced inferred shortest-path assignment on OSM streets; not an as-built feeder
SYN-0310,367560187,Futog,FUT,FUT,Futog,20.0,8205645445,1.908405,0.08142782528068361,capacity-balanced inferred shortest-path assignment on OSM streets; not an as-built feeder
SYN-0311,367560187,Futog,FUT,FUT,Futog,20.0,1240895856,1.299173,0.08142782528068361,capacity-balanced inferred shortest-path assignment on OSM streets; not an as-built feeder
SYN-0312,367560187,Futog,FUT,FUT,Futog,20.0,2334304780,1.9710809999999999,0.08142782528068361,capacity-balanced inferred shortest-path assignment on OSM streets; not an as-built feeder
SYN-0313,367560187,Futog,FUT,FUT,Futog,20.0,3208765294,1.548689,0.08142782528068361,capacity-balanced inferred shortest-path assignment on OSM streets; not an as-built feeder
SYN-0314,367560187,Futog,FUT,FUT,Futog,20.0,12514014217,1.213165,0.08142782528068361,capacity-balanced inferred shortest-path assignment on OSM streets; not an as-built feeder
SYN-0315,367560187,Futog,FUT,FUT,Futog,20.0,8201934561,1.409982,0.08142782528068361,capacity-balanced inferred shortest-path assignment on OSM streets; not an as-built feeder
SYN-0316,367560187,Futog,FUT,FUT,Futog,20.0,2334304779,1.9532469999999997,0.08142782528068361,capacity-balanced inferred shortest-path assignment on OSM streets; not an as-built feeder
SYN-0317,367560187,Futog,FUT,FUT,Futog,20.0,8222197851,1.5468659999999999,0.08142782528068361,capacity-balanced inferred shortest-path assignment on OSM streets; not an as-built feeder
SYN-0318,367560187,Futog,FUT,FUT,Futog,20.0,3530941038,1.7368409999999999,0.08142782528068361,capacity-balanced inferred shortest-path assignment on OSM streets; not an as-built feeder
SYN-0319,367560187,Futog,FUT,FUT,Futog,20.0,3139746764,1.867027,0.08142782528068361,capacity-balanced inferred shortest-path assignment on OSM streets; not an as-built feeder
SYN-0320,367560187,Futog,FUT,FUT,Futog,20.0,2334304780,1.9710809999999999,0.08142782528068361,capacity-balanced inferred shortest-path assignment on OSM streets; not an as-built feeder
SYN-0321,367560187,Futog,FUT,FUT,Futog,20.0,12514014222,1.169951,0.08142782528068361,capacity-balanced inferred shortest-path assignment on OSM streets; not an as-built feeder
SYN-0322,367560187,Futog,FUT,FUT,Futog,20.0,11360217034,1.4385899999999998,0.08142782528068361,capacity-balanced inferred shortest-path assignment on OSM streets; not an as-built feeder
SYN-0323,367560187,Futog,FUT,FUT,Futog,20.0,12514014224,1.3152150000000002,0.08142782528068361,capacity-balanced inferred shortest-path assignment on OSM streets; not an as-built feeder
SYN-0324,367560187,Futog,FUT,FUT,Futog,20.0,8205645445,1.908405,0.08142782528068361,capacity-balanced inferred shortest-path assignment on OSM streets; not an as-built feeder
SYN-0325,367560187,Futog,FUT,FUT,Futog,20.0,2334304929,1.5241010000000002,0.08142782528068361,capacity-balanced inferred shortest-path assignment on OSM streets; not an as-built feeder
SYN-0326,367560187,Futog,FUT,FUT,Futog,20.0,3530941038,1.7368409999999999,0.08142782528068361,capacity-balanced inferred shortest-path assignment on OSM streets; not an as-built feeder
SYN-0327,367560187,Futog,FUT,FUT,Futog,20.0,11360217031,1.3316850000000002,0.08142782528068361,capacity-balanced inferred shortest-path assignment on OSM streets; not an as-built feeder
SYN-0328,367560187,Futog,FUT,FUT,Futog,20.0,2334305003,1.753433,0.08142782528068361,capacity-balanced inferred shortest-path assignment on OSM streets; not an as-built feeder
SYN-0329,367560187,Futog,FUT,FUT,Futog,20.0,3549825558,2.207844,0.08142782528068361,capacity-balanced inferred shortest-path assignment on OSM streets; not an as-built feeder
SYN-0330,367560187,Futog,FUT,FUT,Futog,20.0,12514014220,0.9625880000000001,0.08142782528068361,capacity-balanced inferred shortest-path assignment on OSM streets; not an as-built feeder
SYN-0331,367560187,Futog,FUT,FUT,Futog,20.0,3208765294,1.548689,0.08142782528068361,capacity-balanced inferred shortest-path assignment on OSM streets; not an as-built feeder
SYN-0332,367560187,Futog,FUT,FUT,Futog,20.0,1240895821,1.595709,0.08142782528068361,capacity-balanced inferred shortest-path assignment on OSM streets; not an as-built feeder
SYN-0333,367560187,Futog,FUT,FUT,Futog,20.0,12514014225,1.5058600000000002,0.08142782528068361,capacity-balanced inferred shortest-path assignment on OSM streets; not an as-built feeder
SYN-0334,367560187,Futog,FUT,FUT,Futog,20.0,11847161123,1.185509,0.08142782528068361,capacity-balanced inferred shortest-path assignment on OSM streets; not an as-built feeder
SYN-0335,367560187,Futog,FUT,FUT,Futog,20.0,1360146652,1.966233,0.08142782528068361,capacity-balanced inferred shortest-path assignment on OSM streets; not an as-built feeder
SYN-0336,367560187,Futog,FUT,FUT,Futog,20.0,8202085086,0.9914769999999999,0.08142782528068361,capacity-balanced inferred shortest-path assignment on OSM streets; not an as-built feeder
SYN-0337,367560187,Futog,FUT,FUT,Futog,20.0,2334304758,0.765698,0.08142782528068361,capacity-balanced inferred shortest-path assignment on OSM streets; not an as-built feeder
SYN-0338,367560187,Futog,FUT,FUT,Futog,20.0,1240895886,1.6572730000000002,0.08142782528068361,capacity-balanced inferred shortest-path assignment on OSM streets; not an as-built feeder
SYN-0339,367560187,Futog,FUT,FUT,Futog,20.0,8201934561,1.409982,0.08142782528068361,capacity-balanced inferred shortest-path assignment on OSM streets; not an as-built feeder
SYN-0340,367560187,Futog,FUT,FUT,Futog,20.0,12921781508,1.446183,0.08142782528068361,capacity-balanced inferred shortest-path assignment on OSM streets; not an as-built feeder
SYN-0341,367560187,Futog,FUT,FUT,Futog,20.0,8202085084,1.081302,0.08142782528068361,capacity-balanced inferred shortest-path assignment on OSM streets; not an as-built feeder
SYN-0342,367560187,Futog,FUT,FUT,Futog,20.0,8201861215,1.72964,0.08142782528068361,capacity-balanced inferred shortest-path assignment on OSM streets; not an as-built feeder
SYN-0343,367560187,Futog,FUT,FUT,Futog,20.0,1240895856,1.299173,0.08142782528068361,capacity-balanced inferred shortest-path assignment on OSM streets; not an as-built feeder
SYN-0344,367560187,Futog,FUT,FUT,Futog,20.0,2334305051,1.897426,0.08142782528068361,capacity-balanced inferred shortest-path assignment on OSM streets; not an as-built feeder
SYN-0345,367560187,Futog,FUT,FUT,Futog,20.0,3208765282,1.5808250000000001,0.08142782528068361,capacity-balanced inferred shortest-path assignment on OSM streets; not an as-built feeder
SYN-0346,367560187,Futog,FUT,FUT,Futog,20.0,13898528862,1.8162,0.08142782528068361,capacity-balanced inferred shortest-path assignment on OSM streets; not an as-built feeder
SYN-0347,367560187,Futog,FUT,FUT,Futog,20.0,11847161123,1.185509,0.08142782528068361,capacity-balanced inferred shortest-path assignment on OSM streets; not an as-built feeder
SYN-0348,367560187,Futog,FUT,FUT,Futog,20.0,8201934390,1.296743,0.08142782528068361,capacity-balanced inferred shortest-path assignment on OSM streets; not an as-built feeder
SYN-0349,367560187,Futog,FUT,FUT,Futog,20.0,11360217014,1.016143,0.08142782528068361,capacity-balanced inferred shortest-path assignment on OSM streets; not an as-built feeder
SYN-0350,367560187,Futog,FUT,FUT,Futog,20.0,12514014225,1.5058600000000002,0.08142782528068361,capacity-balanced inferred shortest-path assignment on OSM streets; not an as-built feeder
SYN-0351,367560187,Futog,FUT,FUT,Futog,20.0,3531041072,1.764297,0.08142782528068361,capacity-balanced inferred shortest-path assignment on OSM streets; not an as-built feeder
SYN-0352,367560187,Futog,FUT,FUT,Futog,20.0,3139746764,1.867027,0.08142782528068361,capacity-balanced inferred shortest-path assignment on OSM streets; not an as-built feeder
SYN-0353,367560187,Futog,FUT,FUT,Futog,20.0,2334304761,0.818783,0.08142782528068361,capacity-balanced inferred shortest-path assignment on OSM streets; not an as-built feeder
SYN-0354,367560187,Futog,FUT,FUT,Futog,20.0,12514014210,1.058231,0.08142782528068361,capacity-balanced inferred shortest-path assignment on OSM streets; not an as-built feeder
SYN-0355,367560187,Futog,FUT,FUT,Futog,20.0,8205645445,1.908405,0.08142782528068361,capacity-balanced inferred shortest-path assignment on OSM streets; not an as-built feeder
SYN-0356,367560187,Futog,FUT,FUT,Futog,20.0,3208841044,2.001597,0.08142782528068361,capacity-balanced inferred shortest-path assignment on OSM streets; not an as-built feeder
SYN-0357,367560187,Futog,FUT,FUT,Futog,20.0,2334304915,2.084027,0.08142782528068361,capacity-balanced inferred shortest-path assignment on OSM streets; not an as-built feeder
SYN-0359,367560187,Futog,FUT,FUT,Futog,20.0,2334305105,2.405013,0.08142782528068361,capacity-balanced inferred shortest-path assignment on OSM streets; not an as-built feeder
SYN-0361,367560187,Futog,FUT,FUT,Futog,20.0,8202085085,0.901331,0.08142782528068361,capacity-balanced inferred shortest-path assignment on OSM streets; not an as-built feeder
SYN-0362,367560187,Futog,FUT,FUT,Futog,20.0,11903327501,2.085226,0.08142782528068361,capacity-balanced inferred shortest-path assignment on OSM streets; not an as-built feeder
SYN-0363,367560187,Futog,FUT,FUT,Futog,20.0,2334311037,2.193349,0.08142782528068361,capacity-balanced inferred shortest-path assignment on OSM streets; not an as-built feeder
SYN-0364,367560187,Futog,FUT,FUT,Futog,20.0,8201934390,1.296743,0.08142782528068361,capacity-balanced inferred shortest-path assignment on OSM streets; not an as-built feeder
SYN-0365,367560187,Futog,FUT,FUT,Futog,20.0,3531041072,1.764297,0.08142782528068361,capacity-balanced inferred shortest-path assignment on OSM streets; not an as-built feeder
SYN-0366,367560187,Futog,FUT,FUT,Futog,20.0,8202085086,0.9914769999999999,0.08142782528068361,capacity-balanced inferred shortest-path assignment on OSM streets; not an as-built feeder
SYN-0367,367560187,Futog,FUT,FUT,Futog,20.0,3549825558,2.207844,0.08142782528068361,capacity-balanced inferred shortest-path assignment on OSM streets; not an as-built feeder
SYN-0369,367560187,Futog,FUT,FUT,Futog,20.0,2334304956,1.668555,0.08142782528068361,capacity-balanced inferred shortest-path assignment on OSM streets; not an as-built feeder
SYN-0371,367560187,Futog,FUT,FUT,Futog,20.0,11847161123,1.185509,0.08142782528068361,capacity-balanced inferred shortest-path assignment on OSM streets; not an as-built feeder
SYN-0372,367560187,Futog,FUT,FUT,Futog,20.0,2685090208,1.720822,0.08142782528068361,capacity-balanced inferred shortest-path assignment on OSM streets; not an as-built feeder
SYN-0373,367560187,Futog,FUT,FUT,Futog,20.0,8205645444,1.947373,0.08142782528068361,capacity-balanced inferred shortest-path assignment on OSM streets; not an as-built feeder
SYN-0505,367560187,Futog,FUT,FUT,Futog,20.0,3549936045,2.4490979999999998,0.08641048912305523,capacity-balanced inferred shortest-path assignment on OSM streets; not an as-built feeder
SYN-0506,367560187,Futog,FUT,FUT,Futog,20.0,3549936045,2.4490979999999998,0.08641048912305523,capacity-balanced inferred shortest-path assignment on OSM streets; not an as-built feeder
SYN-0507,367560187,Futog,FUT,FUT,Futog,20.0,12976587634,2.4013149999999994,0.08641048912305523,capacity-balanced inferred shortest-path assignment on OSM streets; not an as-built feeder
SYN-0508,367560187,Futog,FUT,FUT,Futog,20.0,12976587638,2.479698,0.08641048912305523,capacity-balanced inferred shortest-path assignment on OSM streets; not an as-built feeder
SYN-0509,367560187,Futog,FUT,FUT,Futog,20.0,3549936045,2.4490979999999998,0.08641048912305523,capacity-balanced inferred shortest-path assignment on OSM streets; not an as-built feeder
SYN-0510,367560187,Futog,FUT,FUT,Futog,20.0,3549936045,2.4490979999999998,0.08641048912305523,capacity-balanced inferred shortest-path assignment on OSM streets; not an as-built feeder
SYN-0511,367560187,Futog,FUT,FUT,Futog,20.0,12976587636,2.405212,0.08641048912305523,capacity-balanced inferred shortest-path assignment on OSM streets; not an as-built feeder
SYN-0512,367560187,Futog,FUT,FUT,Futog,20.0,3549825556,2.310985,0.08641048912305523,capacity-balanced inferred shortest-path assignment on OSM streets; not an as-built feeder
SYN-0513,367560187,Futog,FUT,FUT,Futog,20.0,12976587635,2.4041409999999996,0.08641048912305523,capacity-balanced inferred shortest-path assignment on OSM streets; not an as-built feeder
SYN-0514,367560187,Futog,FUT,FUT,Futog,20.0,13888571312,2.9151779999999996,0.084945821710319,capacity-balanced inferred shortest-path assignment on OSM streets; not an as-built feeder
SYN-0515,367560187,Futog,FUT,FUT,Futog,20.0,2404594630,3.0545299999999997,0.084945821710319,capacity-balanced inferred shortest-path assignment on OSM streets; not an as-built feeder
SYN-0516,367560187,Futog,FUT,FUT,Futog,20.0,13888571313,2.8778959999999993,0.084945821710319,capacity-balanced inferred shortest-path assignment on OSM streets; not an as-built feeder
SYN-0577,367560187,Futog,FUT,FUT,Futog,20.0,3057636381,6.125615,0.08021720711911454,capacity-balanced inferred shortest-path assignment on OSM streets; not an as-built feeder
SYN-0583,367560187,Futog,FUT,FUT,Futog,20.0,11931789163,5.847311999999997,0.0572512531963967,capacity-balanced inferred shortest-path assignment on OSM streets; not an as-built feeder
SYN-0584,367560187,Futog,FUT,FUT,Futog,20.0,1570039464,5.390972999999997,0.08667219861167924,capacity-balanced inferred shortest-path assignment on OSM streets; not an as-built feeder
SYN-0911,367560187,Futog,FUT,FUT,Futog,20.0,1574831892,5.420350999999996,0.07893652165136476,capacity-balanced inferred shortest-path assignment on OSM streets; not an as-built feeder
SYN-0912,367560187,Futog,FUT,FUT,Futog,20.0,1574831890,5.428874999999996,0.07893652165136476,capacity-balanced inferred shortest-path assignment on OSM streets; not an as-built feeder
SYN-0913,367560187,Futog,FUT,FUT,Futog,20.0,11931789123,5.302429999999997,0.07893652165136476,capacity-balanced inferred shortest-path assignment on OSM streets; not an as-built feeder
SYN-0914,367560187,Futog,FUT,FUT,Futog,20.0,3862784545,5.103765999999997,0.07893652165136476,capacity-balanced inferred shortest-path assignment on OSM streets; not an as-built feeder
SYN-0915,367560187,Futog,FUT,FUT,Futog,20.0,1574831890,5.428874999999996,0.07893652165136476,capacity-balanced inferred shortest-path assignment on OSM streets; not an as-built feeder
SYN-0916,367560187,Futog,FUT,FUT,Futog,20.0,14027369500,5.212644999999997,0.05654973988562167,capacity-balanced inferred shortest-path assignment on OSM streets; not an as-built feeder
SYN-0929,367560187,Futog,FUT,FUT,Futog,20.0,3768673016,4.943602999999994,0.08501018699651383,capacity-balanced inferred shortest-path assignment on OSM streets; not an as-built feeder
SYN-0931,367560187,Futog,FUT,FUT,Futog,20.0,3768673022,4.924110999999995,0.08501018699651383,capacity-balanced inferred shortest-path assignment on OSM streets; not an as-built feeder
SYN-0935,367560187,Futog,FUT,FUT,Futog,20.0,1574826370,5.091224999999994,0.08371634229410581,capacity-balanced inferred shortest-path assignment on OSM streets; not an as-built feeder
SYN-0938,367560187,Futog,FUT,FUT,Futog,20.0,1574826457,4.883770999999994,0.08371634229410581,capacity-balanced inferred shortest-path assignment on OSM streets; not an as-built feeder
SYN-0941,367560187,Futog,FUT,FUT,Futog,20.0,1574826477,4.955141999999994,0.08371634229410581,capacity-balanced inferred shortest-path assignment on OSM streets; not an as-built feeder
SYN-0943,367560187,Futog,FUT,FUT,Futog,20.0,3768673022,4.924110999999995,0.08371634229410581,capacity-balanced inferred shortest-path assignment on OSM streets; not an as-built feeder
SYN-0946,367560187,Futog,FUT,FUT,Futog,20.0,1574826458,5.042320999999993,0.08371634229410581,capacity-balanced inferred shortest-path assignment on OSM streets; not an as-built feeder
SYN-0950,367560187,Futog,FUT,FUT,Futog,20.0,11931716704,5.055389999999994,0.08327617222077015,capacity-balanced inferred shortest-path assignment on OSM streets; not an as-built feeder
SYN-0952,367560187,Futog,FUT,FUT,Futog,20.0,1574826597,5.269541999999993,0.08327617222077015,capacity-balanced inferred shortest-path assignment on OSM streets; not an as-built feeder
SYN-0955,367560187,Futog,FUT,FUT,Futog,20.0,2404598386,5.020778999999994,0.08327617222077015,capacity-balanced inferred shortest-path assignment on OSM streets; not an as-built feeder
SYN-0958,367560187,Futog,FUT,FUT,Futog,20.0,1574826557,4.998774999999994,0.08327617222077015,capacity-balanced inferred shortest-path assignment on OSM streets; not an as-built feeder
SYN-0960,367560187,Futog,FUT,FUT,Futog,20.0,14027369546,4.926091999999995,0.03661307574864262,capacity-balanced inferred shortest-path assignment on OSM streets; not an as-built feeder
SYN-0961,367560187,Futog,FUT,FUT,Futog,20.0,14027369547,4.892566999999995,0.03661307574864262,capacity-balanced inferred shortest-path assignment on OSM streets; not an as-built feeder
SYN-0965,367560187,Futog,FUT,FUT,Futog,20.0,14026511803,5.173490999999993,0.08446176109665789,capacity-balanced inferred shortest-path assignment on OSM streets; not an as-built feeder
SYN-0966,367560187,Futog,FUT,FUT,Futog,20.0,14026481394,5.188102999999994,0.08446176109665789,capacity-balanced inferred shortest-path assignment on OSM streets; not an as-built feeder
SYN-0967,367560187,Futog,FUT,FUT,Futog,20.0,14026481400,5.186992999999993,0.08446176109665789,capacity-balanced inferred shortest-path assignment on OSM streets; not an as-built feeder
SYN-0968,367560187,Futog,FUT,FUT,Futog,20.0,1574828082,5.287813999999994,0.08446176109665789,capacity-balanced inferred shortest-path assignment on OSM streets; not an as-built feeder
SYN-0969,367560187,Futog,FUT,FUT,Futog,20.0,14026511803,5.173490999999993,0.08446176109665789,capacity-balanced inferred shortest-path assignment on OSM streets; not an as-built feeder
SYN-0970,367560187,Futog,FUT,FUT,Futog,20.0,14026481392,5.260524999999994,0.08446176109665789,capacity-balanced inferred shortest-path assignment on OSM streets; not an as-built feeder
SYN-0974,367560187,Futog,FUT,FUT,Futog,20.0,11931789152,4.854016999999995,0.08446176109665789,capacity-balanced inferred shortest-path assignment on OSM streets; not an as-built feeder
SYN-0977,367560187,Futog,FUT,FUT,Futog,20.0,14026511801,5.184154999999993,0.08671067615566586,capacity-balanced inferred shortest-path assignment on OSM streets; not an as-built feeder
SYN-0980,367560187,Futog,FUT,FUT,Futog,20.0,11931661085,4.655899999999995,0.055550432871532975,capacity-balanced inferred shortest-path assignment on OSM streets; not an as-built feeder
SYN-1001,367560187,Futog,FUT,FUT,Futog,20.0,3903311010,3.759799999999999,0.04114951232245795,capacity-balanced inferred shortest-path assignment on OSM streets; not an as-built feeder
SYN-1003,367560187,Futog,FUT,FUT,Futog,20.0,3903311005,3.789212999999999,0.027464567770846857,capacity-balanced inferred shortest-path assignment on OSM streets; not an as-built feeder
SYN-1083,367560187,Futog,FUT,FUT,Futog,20.0,12312773544,3.8560609999999995,0.08707337618177581,capacity-balanced inferred shortest-path assignment on OSM streets; not an as-built feeder
SYN-1167,367560187,Futog,FUT,FUT,Futog,20.0,2024551130,4.646628999999998,0.08055051890143806,capacity-balanced inferred shortest-path assignment on OSM streets; not an as-built feeder
SYN-1168,367560187,Futog,FUT,FUT,Futog,20.0,2024551099,4.684862999999998,0.08055051890143806,capacity-balanced inferred shortest-path assignment on OSM streets; not an as-built feeder
SYN-1169,367560187,Futog,FUT,FUT,Futog,20.0,365965259,4.492693999999998,0.08055051890143806,capacity-balanced inferred shortest-path assignment on OSM streets; not an as-built feeder
SYN-1170,367560187,Futog,FUT,FUT,Futog,20.0,366786818,4.5812859999999995,0.08055051890143806,capacity-balanced inferred shortest-path assignment on OSM streets; not an as-built feeder
SYN-1171,367560187,Futog,FUT,FUT,Futog,20.0,365965262,4.380731999999999,0.08055051890143806,capacity-balanced inferred shortest-path assignment on OSM streets; not an as-built feeder
SYN-1172,367560187,Futog,FUT,FUT,Futog,20.0,3903351432,4.566356999999998,0.08055051890143806,capacity-balanced inferred shortest-path assignment on OSM streets; not an as-built feeder
SYN-1173,367560187,Futog,FUT,FUT,Futog,20.0,1224518325,4.2987129999999985,0.08055051890143806,capacity-balanced inferred shortest-path assignment on OSM streets; not an as-built feeder
SYN-1175,367560187,Futog,FUT,FUT,Futog,20.0,366786818,4.5812859999999995,0.08055051890143806,capacity-balanced inferred shortest-path assignment on OSM streets; not an as-built feeder
SYN-1176,367560187,Futog,FUT,FUT,Futog,20.0,3651348314,4.336870000000001,0.08055051890143806,capacity-balanced inferred shortest-path assignment on OSM streets; not an as-built feeder
SYN-1177,367560187,Futog,FUT,FUT,Futog,20.0,365965305,4.112453999999999,0.08055051890143806,capacity-balanced inferred shortest-path assignment on OSM streets; not an as-built feeder
SYN-1178,367560187,Futog,FUT,FUT,Futog,20.0,13889407494,4.067095999999999,0.08055051890143806,capacity-balanced inferred shortest-path assignment on OSM streets; not an as-built feeder
SYN-1179,367560187,Futog,FUT,FUT,Futog,20.0,366786820,4.4556249999999995,0.08055051890143806,capacity-balanced inferred shortest-path assignment on OSM streets; not an as-built feeder
SYN-1181,367560187,Futog,FUT,FUT,Futog,20.0,365965270,4.251186999999998,0.08055051890143806,capacity-balanced inferred shortest-path assignment on OSM streets; not an as-built feeder
SYN-1183,367560187,Futog,FUT,FUT,Futog,20.0,365965264,4.386163999999998,0.08055051890143806,capacity-balanced inferred shortest-path assignment on OSM streets; not an as-built feeder
SYN-1185,367560187,Futog,FUT,FUT,Futog,20.0,12847048451,4.054854999999999,0.08055051890143806,capacity-balanced inferred shortest-path assignment on OSM streets; not an as-built feeder
SYN-1186,367560187,Futog,FUT,FUT,Futog,20.0,60344301,4.072559999999999,0.08055051890143806,capacity-balanced inferred shortest-path assignment on OSM streets; not an as-built feeder
SYN-1187,367560187,Futog,FUT,FUT,Futog,20.0,3903451329,4.2096909999999985,0.08055051890143806,capacity-balanced inferred shortest-path assignment on OSM streets; not an as-built feeder
SYN-1794,367560187,Futog,FUT,FUT,Futog,20.0,7044014478,6.860772999999996,0.08204329491753014,capacity-balanced inferred shortest-path assignment on OSM streets; not an as-built feeder
SYN-1795,367560187,Futog,FUT,FUT,Futog,20.0,1241691396,6.586672999999995,0.08204329491753014,capacity-balanced inferred shortest-path assignment on OSM streets; not an as-built feeder
SYN-1796,367560187,Futog,FUT,FUT,Futog,20.0,1241691433,6.425754999999995,0.08204329491753014,capacity-balanced inferred shortest-path assignment on OSM streets; not an as-built feeder
SYN-1797,367560187,Futog,FUT,FUT,Futog,20.0,1241691421,6.677201999999996,0.08204329491753014,capacity-balanced inferred shortest-path assignment on OSM streets; not an as-built feeder
SYN-1798,367560187,Futog,FUT,FUT,Futog,20.0,1241691421,6.677201999999996,0.08204329491753014,capacity-balanced inferred shortest-path assignment on OSM streets; not an as-built feeder
SYN-1799,367560187,Futog,FUT,FUT,Futog,20.0,7044014475,6.611202999999996,0.08204329491753014,capacity-balanced inferred shortest-path assignment on OSM streets; not an as-built feeder
SYN-1800,367560187,Futog,FUT,FUT,Futog,20.0,1241691222,6.687131999999995,0.08204329491753014,capacity-balanced inferred shortest-path assignment on OSM streets; not an as-built feeder
SYN-1801,367560187,Futog,FUT,FUT,Futog,20.0,1241691433,6.425754999999995,0.08204329491753014,capacity-balanced inferred shortest-path assignment on OSM streets; not an as-built feeder
SYN-1802,367560187,Futog,FUT,FUT,Futog,20.0,1241691365,6.494948999999996,0.08204329491753014,capacity-balanced inferred shortest-path assignment on OSM streets; not an as-built feeder
SYN-1803,367560187,Futog,FUT,FUT,Futog,20.0,1241691421,6.677201999999996,0.08204329491753014,capacity-balanced inferred shortest-path assignment on OSM streets; not an as-built feeder
SYN-1804,367560187,Futog,FUT,FUT,Futog,20.0,1241691418,6.541960999999997,0.08204329491753014,capacity-balanced inferred shortest-path assignment on OSM streets; not an as-built feeder
SYN-1805,367560187,Futog,FUT,FUT,Futog,20.0,1241691223,6.647701999999995,0.08204329491753014,capacity-balanced inferred shortest-path assignment on OSM streets; not an as-built feeder
SYN-1806,367560187,Futog,FUT,FUT,Futog,20.0,1241691375,6.585169999999995,0.08204329491753014,capacity-balanced inferred shortest-path assignment on OSM streets; not an as-built feeder
SYN-1807,367560187,Futog,FUT,FUT,Futog,20.0,1241691233,6.509628999999994,0.08204329491753014,capacity-balanced inferred shortest-path assignment on OSM streets; not an as-built feeder
SYN-1808,367560187,Futog,FUT,FUT,Futog,20.0,1241691254,6.348113999999995,0.08204329491753014,capacity-balanced inferred shortest-path assignment on OSM streets; not an as-built feeder
SYN-1809,367560187,Futog,FUT,FUT,Futog,20.0,1241691433,6.425754999999995,0.08204329491753014,capacity-balanced inferred shortest-path assignment on OSM streets; not an as-built feeder
SYN-1810,367560187,Futog,FUT,FUT,Futog,20.0,1241691421,6.677201999999996,0.08204329491753014,capacity-balanced inferred shortest-path assignment on OSM streets; not an as-built feeder
SYN-1811,367560187,Futog,FUT,FUT,Futog,20.0,1241691375,6.585169999999995,0.08204329491753014,capacity-balanced inferred shortest-path assignment on OSM streets; not an as-built feeder
SYN-1822,367560187,Futog,FUT,FUT,Futog,20.0,1241691277,6.629982999999996,0.08289836129809919,capacity-balanced inferred shortest-path assignment on OSM streets; not an as-built feeder
SYN-1825,367560187,Futog,FUT,FUT,Futog,20.0,1241691255,6.697884999999995,0.08289836129809919,capacity-balanced inferred shortest-path assignment on OSM streets; not an as-built feeder
SYN-1830,367560187,Futog,FUT,FUT,Futog,20.0,1241691277,6.629982999999996,0.08289836129809919,capacity-balanced inferred shortest-path assignment on OSM streets; not an as-built feeder
SYN-1834,367560187,Futog,FUT,FUT,Futog,20.0,3057570983,6.6149229999999966,0.08186254873121504,capacity-balanced inferred shortest-path assignment on OSM streets; not an as-built feeder
SYN-1836,367560187,Futog,FUT,FUT,Futog,20.0,1573806709,6.255020999999996,0.08186254873121504,capacity-balanced inferred shortest-path assignment on OSM streets; not an as-built feeder
SYN-1839,367560187,Futog,FUT,FUT,Futog,20.0,1573789194,5.529431,0.08186254873121504,capacity-balanced inferred shortest-path assignment on OSM streets; not an as-built feeder
SYN-1842,367560187,Futog,FUT,FUT,Futog,20.0,1573806756,6.055378999999996,0.08186254873121504,capacity-balanced inferred shortest-path assignment on OSM streets; not an as-built feeder
SYN-1844,367560187,Futog,FUT,FUT,Futog,20.0,1241691305,6.219858999999996,0.08186254873121504,capacity-balanced inferred shortest-path assignment on OSM streets; not an as-built feeder
SYN-1847,367560187,Futog,FUT,FUT,Futog,20.0,1573789159,5.538477999999999,0.08186254873121504,capacity-balanced inferred shortest-path assignment on OSM streets; not an as-built feeder
SYN-1858,367560187,Futog,FUT,FUT,Futog,20.0,14023972084,5.789600999999998,0.08034031265341662,capacity-balanced inferred shortest-path assignment on OSM streets; not an as-built feeder
SYN-1859,367560187,Futog,FUT,FUT,Futog,20.0,1570039575,5.742202999999997,0.08034031265341662,capacity-balanced inferred shortest-path assignment on OSM streets; not an as-built feeder
SYN-1860,367560187,Futog,FUT,FUT,Futog,20.0,1570039425,5.589365999999997,0.08034031265341662,capacity-balanced inferred shortest-path assignment on OSM streets; not an as-built feeder
SYN-1861,367560187,Futog,FUT,FUT,Futog,20.0,1570039703,5.691693999999997,0.08034031265341662,capacity-balanced inferred shortest-path assignment on OSM streets; not an as-built feeder
SYN-1862,367560187,Futog,FUT,FUT,Futog,20.0,1570039425,5.589365999999997,0.08034031265341662,capacity-balanced inferred shortest-path assignment on OSM streets; not an as-built feeder
SYN-1863,367560187,Futog,FUT,FUT,Futog,20.0,1570039425,5.589365999999997,0.08034031265341662,capacity-balanced inferred shortest-path assignment on OSM streets; not an as-built feeder
SYN-1868,367560187,Futog,FUT,FUT,Futog,20.0,14024020256,6.013176,0.07980355484120756,capacity-balanced inferred shortest-path assignment on OSM streets; not an as-built feeder
SYN-1869,367560187,Futog,FUT,FUT,Futog,20.0,14023972073,5.842648999999999,0.07980355484120756,capacity-balanced inferred shortest-path assignment on OSM streets; not an as-built feeder
SYN-1870,367560187,Futog,FUT,FUT,Futog,20.0,14024020204,5.864910999999999,0.07980355484120756,capacity-balanced inferred shortest-path assignment on OSM streets; not an as-built feeder
SYN-1871,367560187,Futog,FUT,FUT,Futog,20.0,14023972073,5.842648999999999,0.07980355484120756,capacity-balanced inferred shortest-path assignment on OSM streets; not an as-built feeder
SYN-1873,367560187,Futog,FUT,FUT,Futog,20.0,14024216970,5.793530999999998,0.06000892763443938,capacity-balanced inferred shortest-path assignment on OSM streets; not an as-built feeder
SYN-1874,367560187,Futog,FUT,FUT,Futog,20.0,14024239914,5.709304999999996,0.06112118039579582,capacity-balanced inferred shortest-path assignment on OSM streets; not an as-built feeder
SYN-1886,367560187,Futog,FUT,FUT,Futog,20.0,11953346733,4.6688629999999955,0.08202108293031513,capacity-balanced inferred shortest-path assignment on OSM streets; not an as-built feeder
SYN-1888,367560187,Futog,FUT,FUT,Futog,20.0,11953346733,4.6688629999999955,0.08202108293031513,capacity-balanced inferred shortest-path assignment on OSM streets; not an as-built feeder
SYN-1889,367560187,Futog,FUT,FUT,Futog,20.0,11953346733,4.6688629999999955,0.08202108293031513,capacity-balanced inferred shortest-path assignment on OSM streets; not an as-built feeder
SYN-1890,367560187,Futog,FUT,FUT,Futog,20.0,1574826466,5.055581999999994,0.08202108293031513,capacity-balanced inferred shortest-path assignment on OSM streets; not an as-built feeder
SYN-1892,367560187,Futog,FUT,FUT,Futog,20.0,11953346733,4.6688629999999955,0.08202108293031513,capacity-balanced inferred shortest-path assignment on OSM streets; not an as-built feeder
SYN-1894,367560187,Futog,FUT,FUT,Futog,20.0,11953346732,4.502208999999995,0.08202108293031513,capacity-balanced inferred shortest-path assignment on OSM streets; not an as-built feeder
SYN-1895,367560187,Futog,FUT,FUT,Futog,20.0,11953346732,4.502208999999995,0.08202108293031513,capacity-balanced inferred shortest-path assignment on OSM streets; not an as-built feeder
SYN-1898,367560187,Futog,FUT,FUT,Futog,20.0,1574828181,5.434362999999994,0.08202108293031513,capacity-balanced inferred shortest-path assignment on OSM streets; not an as-built feeder
SYN-2018,367560187,Futog,FUT,FUT,Futog,20.0,11377497258,1.2068999999999999,0.04571921284410575,capacity-balanced inferred shortest-path assignment on OSM streets; not an as-built feeder
SYN-2024,367560187,Futog,FUT,FUT,Futog,20.0,2334326405,2.5527960000000003,0.09324588288656094,capacity-balanced inferred shortest-path assignment on OSM streets; not an as-built feeder
SYN-2025,367560187,Futog,FUT,FUT,Futog,20.0,9353172086,2.062388,0.09324588288656094,capacity-balanced inferred shortest-path assignment on OSM streets; not an as-built feeder
SYN-2026,367560187,Futog,FUT,FUT,Futog,20.0,9353172066,2.276829,0.09324588288656094,capacity-balanced inferred shortest-path assignment on OSM streets; not an as-built feeder
SYN-2027,367560187,Futog,FUT,FUT,Futog,20.0,9353172085,2.1866529999999997,0.09324588288656094,capacity-balanced inferred shortest-path assignment on OSM streets; not an as-built feeder
SYN-2028,367560187,Futog,FUT,FUT,Futog,20.0,9353172088,2.0449599999999997,0.09324588288656094,capacity-balanced inferred shortest-path assignment on OSM streets; not an as-built feeder
SYN-2029,367560187,Futog,FUT,FUT,Futog,20.0,9353172082,2.205209,0.07654684110398331,capacity-balanced inferred shortest-path assignment on OSM streets; not an as-built feeder
SYN-2030,367560187,Futog,FUT,FUT,Futog,20.0,9353172086,2.062388,0.07654684110398331,capacity-balanced inferred shortest-path assignment on OSM streets; not an as-built feeder
SYN-2031,367560187,Futog,FUT,FUT,Futog,20.0,3549615114,2.3032549999999996,0.010193019895743479,capacity-balanced inferred shortest-path assignment on OSM streets; not an as-built feeder
SYN-2032,367560187,Futog,FUT,FUT,Futog,20.0,11846889912,2.2331079999999996,0.0036099634887907304,capacity-balanced inferred shortest-path assignment on OSM streets; not an as-built feeder
SYN-2033,367560187,Futog,FUT,FUT,Futog,20.0,3549614385,2.2052699999999996,0.002563462057127135,capacity-balanced inferred shortest-path assignment on OSM streets; not an as-built feeder
SYN-2034,367560187,Futog,FUT,FUT,Futog,20.0,12976587632,2.2307349999999997,0.0401117689531384,capacity-balanced inferred shortest-path assignment on OSM streets; not an as-built feeder
SYN-2035,367560187,Futog,FUT,FUT,Futog,20.0,13888571347,2.9629459999999996,0.02659879065884287,capacity-balanced inferred shortest-path assignment on OSM streets; not an as-built feeder
SYN-2174,367560187,Futog,FUT,FUT,Futog,20.0,11727637436,6.6390239999999965,0.08201236781454393,capacity-balanced inferred shortest-path assignment on OSM streets; not an as-built feeder
SYN-2175,367560187,Futog,FUT,FUT,Futog,20.0,11727637436,6.6390239999999965,0.08201236781454393,capacity-balanced inferred shortest-path assignment on OSM streets; not an as-built feeder
SYN-2187,367560187,Futog,FUT,FUT,Futog,20.0,1552946477,3.1011930000000003,0.029030582929290522,capacity-balanced inferred shortest-path assignment on OSM streets; not an as-built feeder
SYN-2188,367560187,Futog,FUT,FUT,Futog,20.0,3699271862,3.1634449999999994,0.010795586699710652,capacity-balanced inferred shortest-path assignment on OSM streets; not an as-built feeder
SYN-2300,367560187,Futog,FUT,FUT,Futog,20.0,1353689825,2.5350079999999995,0.12130008007702582,capacity-balanced inferred shortest-path assignment on OSM streets; not an as-built feeder
SYN-2301,367560187,Futog,FUT,FUT,Futog,20.0,13227754380,4.897964999999995,0.08504898608509662,capacity-balanced inferred shortest-path assignment on OSM streets; not an as-built feeder
SYN-2302,367560187,Futog,FUT,FUT,Futog,20.0,3697990267,3.1954339999999988,0.08504898608509662,capacity-balanced inferred shortest-path assignment on OSM streets; not an as-built feeder
SYN-2303,367560187,Futog,FUT,FUT,Futog,20.0,13888571323,3.0529729999999997,0.08504898608509662,capacity-balanced inferred shortest-path assignment on OSM streets; not an as-built feeder
SYN-2304,367560187,Futog,FUT,FUT,Futog,20.0,3697990268,3.1990239999999988,0.08504898608509662,capacity-balanced inferred shortest-path assignment on OSM streets; not an as-built feeder
SYN-2305,367560187,Futog,FUT,FUT,Futog,20.0,2334326349,2.7212729999999996,0.08504898608509662,capacity-balanced inferred shortest-path assignment on OSM streets; not an as-built feeder
SYN-2306,367560187,Futog,FUT,FUT,Futog,20.0,13888571323,3.0529729999999997,0.08504898608509662,capacity-balanced inferred shortest-path assignment on OSM streets; not an as-built feeder
SYN-2307,367560187,Futog,FUT,FUT,Futog,20.0,13888571323,3.0529729999999997,0.08504898608509662,capacity-balanced inferred shortest-path assignment on OSM streets; not an as-built feeder
SYN-2308,367560187,Futog,FUT,FUT,Futog,20.0,2404594714,3.079868999999999,0.08504898608509662,capacity-balanced inferred shortest-path assignment on OSM streets; not an as-built feeder
SYN-2310,367560187,Futog,FUT,FUT,Futog,20.0,13888571324,2.9966809999999997,0.08504898608509662,capacity-balanced inferred shortest-path assignment on OSM streets; not an as-built feeder
SYN-2349,367560187,Futog,FUT,FUT,Futog,20.0,3768632860,5.973634999999996,0.08224386226848486,capacity-balanced inferred shortest-path assignment on OSM streets; not an as-built feeder
SYN-2352,367560187,Futog,FUT,FUT,Futog,20.0,1570034829,7.327191,0.08224386226848486,capacity-balanced inferred shortest-path assignment on OSM streets; not an as-built feeder
SYN-2356,367560187,Futog,FUT,FUT,Futog,20.0,1570034829,7.327191,0.08224386226848486,capacity-balanced inferred shortest-path assignment on OSM streets; not an as-built feeder
SYN-2358,367560187,Futog,FUT,FUT,Futog,20.0,1570034829,7.327191,0.08224386226848486,capacity-balanced inferred shortest-path assignment on OSM streets; not an as-built feeder
SYN-2362,367560187,Futog,FUT,FUT,Futog,20.0,1570034937,6.740903999999997,0.08224386226848486,capacity-balanced inferred shortest-path assignment on OSM streets; not an as-built feeder
SYN-2364,367560187,Futog,FUT,FUT,Futog,20.0,2684772719,6.428996999999996,0.08224386226848486,capacity-balanced inferred shortest-path assignment on OSM streets; not an as-built feeder
SYN-2365,367560187,Futog,FUT,FUT,Futog,20.0,1570034937,6.740903999999997,0.08224386226848486,capacity-balanced inferred shortest-path assignment on OSM streets; not an as-built feeder
SYN-2366,367560187,Futog,FUT,FUT,Futog,20.0,1570034937,6.740903999999997,0.08224386226848486,capacity-balanced inferred shortest-path assignment on OSM streets; not an as-built feeder
SYN-2369,367560187,Futog,FUT,FUT,Futog,20.0,1570034897,7.001620999999997,0.08224386226848486,capacity-balanced inferred shortest-path assignment on OSM streets; not an as-built feeder
SYN-2370,367560187,Futog,FUT,FUT,Futog,20.0,13858627179,6.618221999999999,0.08224386226848486,capacity-balanced inferred shortest-path assignment on OSM streets; not an as-built feeder
SYN-0005,219386583,Liman,LIMAN,NS4,Novi Sad 4 - Sever III,10.0,6716214438,1.257361871648306,0.08677128042086615,capacity-balanced inferred shortest-path assignment on OSM streets; not an as-built feeder
SYN-0092,219386583,Liman,LIMAN,NS4,Novi Sad 4 - Sever III,10.0,14026897815,3.7681518716483042,0.08397608311743054,capacity-balanced inferred shortest-path assignment on OSM streets; not an as-built feeder
SYN-0135,219386583,Liman,LIMAN,NS4,Novi Sad 4 - Sever III,10.0,1599385287,1.5559598716483058,0.08802180217282268,capacity-balanced inferred shortest-path assignment on OSM streets; not an as-built feeder
SYN-0136,219386583,Liman,LIMAN,NS4,Novi Sad 4 - Sever III,10.0,13332784967,1.4727788716483057,0.08802180217282268,capacity-balanced inferred shortest-path assignment on OSM streets; not an as-built feeder
SYN-0139,219386583,Liman,LIMAN,NS4,Novi Sad 4 - Sever III,10.0,1599385116,1.531107871648306,0.08802180217282268,capacity-balanced inferred shortest-path assignment on OSM streets; not an as-built feeder
SYN-0140,219386583,Liman,LIMAN,NS4,Novi Sad 4 - Sever III,10.0,13332784950,1.4361788716483062,0.08802180217282268,capacity-balanced inferred shortest-path assignment on OSM streets; not an as-built feeder
SYN-0141,219386583,Liman,LIMAN,NS4,Novi Sad 4 - Sever III,10.0,1599385273,1.490159871648306,0.08802180217282268,capacity-balanced inferred shortest-path assignment on OSM streets; not an as-built feeder
SYN-0159,219386583,Liman,LIMAN,NS4,Novi Sad 4 - Sever III,10.0,13532449439,1.2651398716483053,0.0340676808810483,capacity-balanced inferred shortest-path assignment on OSM streets; not an as-built feeder
SYN-0160,219386583,Liman,LIMAN,NS4,Novi Sad 4 - Sever III,10.0,2756719741,0.9402718716483054,0.0340676808810483,capacity-balanced inferred shortest-path assignment on OSM streets; not an as-built feeder
SYN-0242,219386583,Liman,LIMAN,NS4,Novi Sad 4 - Sever III,10.0,1573829853,3.731492871648306,0.089776261869313,capacity-balanced inferred shortest-path assignment on OSM streets; not an as-built feeder
SYN-0256,219386583,Liman,LIMAN,NS4,Novi Sad 4 - Sever III,10.0,3175714689,3.6683928716483063,0.08386703373228063,capacity-balanced inferred shortest-path assignment on OSM streets; not an as-built feeder
SYN-0257,219386583,Liman,LIMAN,NS4,Novi Sad 4 - Sever III,10.0,11931707934,3.7250638716483064,0.08386703373228063,capacity-balanced inferred shortest-path assignment on OSM streets; not an as-built feeder
SYN-0259,219386583,Liman,LIMAN,NS4,Novi Sad 4 - Sever III,10.0,1573824996,3.727999871648306,0.08386703373228063,capacity-balanced inferred shortest-path assignment on OSM streets; not an as-built feeder
SYN-0266,219386583,Liman,LIMAN,NS4,Novi Sad 4 - Sever III,10.0,1573819245,3.643589723084883,0.0880683881108606,capacity-balanced inferred shortest-path assignment on OSM streets; not an as-built feeder
SYN-0274,219386583,Liman,LIMAN,NS4,Novi Sad 4 - Sever III,10.0,3175714496,3.6359438716483066,0.04494341484020678,capacity-balanced inferred shortest-path assignment on OSM streets; not an as-built feeder
SYN-0377,219386583,Liman,LIMAN,NS4,Novi Sad 4 - Sever III,10.0,11390291369,2.3929438716483045,0.08109958028753993,capacity-balanced inferred shortest-path assignment on OSM streets; not an as-built feeder
SYN-0384,219386583,Liman,LIMAN,NS4,Novi Sad 4 - Sever III,10.0,3975341264,3.3849938716483052,0.08109958028753993,capacity-balanced inferred shortest-path assignment on OSM streets; not an as-built feeder
SYN-0393,219386583,Liman,LIMAN,NS4,Novi Sad 4 - Sever III,10.0,61949941,3.0321788716483047,0.08109958028753993,capacity-balanced inferred shortest-path assignment on OSM streets; not an as-built feeder
SYN-0398,219386583,Liman,LIMAN,NS4,Novi Sad 4 - Sever III,10.0,11390262024,3.434633871648305,0.08109958028753993,capacity-balanced inferred shortest-path assignment on OSM streets; not an as-built feeder
SYN-0404,219386583,Liman,LIMAN,NS4,Novi Sad 4 - Sever III,10.0,6908815292,2.4716498716483053,0.08109958028753993,capacity-balanced inferred shortest-path assignment on OSM streets; not an as-built feeder
SYN-0407,219386583,Liman,LIMAN,NS4,Novi Sad 4 - Sever III,10.0,10559755870,2.443486871648305,0.08109958028753993,capacity-balanced inferred shortest-path assignment on OSM streets; not an as-built feeder
SYN-0408,219386583,Liman,LIMAN,NS4,Novi Sad 4 - Sever III,10.0,13127891912,3.248719871648305,0.08109958028753993,capacity-balanced inferred shortest-path assignment on OSM streets; not an as-built feeder
SYN-0411,219386583,Liman,LIMAN,NS4,Novi Sad 4 - Sever III,10.0,3608093001,2.4557708716483044,0.08109958028753993,capacity-balanced inferred shortest-path assignment on OSM streets; not an as-built feeder
SYN-0412,219386583,Liman,LIMAN,NS4,Novi Sad 4 - Sever III,10.0,13971341257,2.126763871648305,0.08109958028753993,capacity-balanced inferred shortest-path assignment on OSM streets; not an as-built feeder
SYN-0416,219386583,Liman,LIMAN,NS4,Novi Sad 4 - Sever III,10.0,2320638501,2.6368308716483058,0.08109958028753993,capacity-balanced inferred shortest-path assignment on OSM streets; not an as-built feeder
SYN-0422,219386583,Liman,LIMAN,NS4,Novi Sad 4 - Sever III,10.0,61949581,2.477032871648305,0.08109958028753993,capacity-balanced inferred shortest-path assignment on OSM streets; not an as-built feeder
SYN-0424,219386583,Liman,LIMAN,NS4,Novi Sad 4 - Sever III,10.0,13663222867,2.4840238716483047,0.08109958028753993,capacity-balanced inferred shortest-path assignment on OSM streets; not an as-built feeder
SYN-0430,219386583,Liman,LIMAN,NS4,Novi Sad 4 - Sever III,10.0,1229511616,1.9452608716483057,0.08109958028753993,capacity-balanced inferred shortest-path assignment on OSM streets; not an as-built feeder
SYN-0435,219386583,Liman,LIMAN,NS4,Novi Sad 4 - Sever III,10.0,9643379548,2.4359618716483054,0.08109958028753993,capacity-balanced inferred shortest-path assignment on OSM streets; not an as-built feeder
SYN-0439,219386583,Liman,LIMAN,NS4,Novi Sad 4 - Sever III,10.0,11940499915,3.432462871648305,0.08109958028753993,capacity-balanced inferred shortest-path assignment on OSM streets; not an as-built feeder
SYN-0441,219386583,Liman,LIMAN,NS4,Novi Sad 4 - Sever III,10.0,1229511644,1.8426198716483058,0.08109958028753993,capacity-balanced inferred shortest-path assignment on OSM streets; not an as-built feeder
SYN-0444,219386583,Liman,LIMAN,NS4,Novi Sad 4 - Sever III,10.0,13971341269,2.462548871648305,0.08109958028753993,capacity-balanced inferred shortest-path assignment on OSM streets; not an as-built feeder
SYN-0447,219386583,Liman,LIMAN,NS4,Novi Sad 4 - Sever III,10.0,13342603148,2.0639888716483057,0.08109958028753993,capacity-balanced inferred shortest-path assignment on OSM streets; not an as-built feeder
SYN-0448,219386583,Liman,LIMAN,NS4,Novi Sad 4 - Sever III,10.0,3608092997,2.6009848716483046,0.08109958028753993,capacity-balanced inferred shortest-path assignment on OSM streets; not an as-built feeder
SYN-0453,219386583,Liman,LIMAN,NS4,Novi Sad 4 - Sever III,10.0,1230711574,2.2296628716483067,0.08109958028753993,capacity-balanced inferred shortest-path assignment on OSM streets; not an as-built feeder
SYN-0454,219386583,Liman,LIMAN,NS4,Novi Sad 4 - Sever III,10.0,12585143115,2.1360148716483054,0.08109958028753993,capacity-balanced inferred shortest-path assignment on OSM streets; not an as-built feeder
SYN-0460,219386583,Liman,LIMAN,NS4,Novi Sad 4 - Sever III,10.0,13663222867,2.4840238716483047,0.08109958028753993,capacity-balanced inferred shortest-path assignment on OSM streets; not an as-built feeder
SYN-0461,219386583,Liman,LIMAN,NS4,Novi Sad 4 - Sever III,10.0,13135324181,2.292618871648306,0.08109958028753993,capacity-balanced inferred shortest-path assignment on OSM streets; not an as-built feeder
SYN-0464,219386583,Liman,LIMAN,NS4,Novi Sad 4 - Sever III,10.0,901518898,1.9313378716483056,0.08109958028753993,capacity-balanced inferred shortest-path assignment on OSM streets; not an as-built feeder
SYN-0468,219386583,Liman,LIMAN,NS4,Novi Sad 4 - Sever III,10.0,13135324181,2.292618871648306,0.08109958028753993,capacity-balanced inferred shortest-path assignment on OSM streets; not an as-built feeder
SYN-0470,219386583,Liman,LIMAN,NS4,Novi Sad 4 - Sever III,10.0,2320638510,2.735432871648305,0.08109958028753993,capacity-balanced inferred shortest-path assignment on OSM streets; not an as-built feeder
SYN-0474,219386583,Liman,LIMAN,NS4,Novi Sad 4 - Sever III,10.0,7410289617,2.4731848716483045,0.08109958028753993,capacity-balanced inferred shortest-path assignment on OSM streets; not an as-built feeder
SYN-0476,219386583,Liman,LIMAN,NS4,Novi Sad 4 - Sever III,10.0,13663198342,2.646623871648306,0.08109958028753993,capacity-balanced inferred shortest-path assignment on OSM streets; not an as-built feeder
SYN-0482,219386583,Liman,LIMAN,NS4,Novi Sad 4 - Sever III,10.0,61949941,3.0321788716483047,0.08109958028753993,capacity-balanced inferred shortest-path assignment on OSM streets; not an as-built feeder
SYN-0486,219386583,Liman,LIMAN,NS4,Novi Sad 4 - Sever III,10.0,3972275938,2.7547598716483055,0.08109958028753993,capacity-balanced inferred shortest-path assignment on OSM streets; not an as-built feeder
SYN-0489,219386583,Liman,LIMAN,NS4,Novi Sad 4 - Sever III,10.0,13201690514,1.9900058716483053,0.08109958028753993,capacity-balanced inferred shortest-path assignment on OSM streets; not an as-built feeder
SYN-0490,219386583,Liman,LIMAN,NS4,Novi Sad 4 - Sever III,10.0,11346105312,1.8939438716483057,0.08109958028753993,capacity-balanced inferred shortest-path assignment on OSM streets; not an as-built feeder
SYN-0491,219386583,Liman,LIMAN,NS4,Novi Sad 4 - Sever III,10.0,13663222867,2.4840238716483047,0.08109958028753993,capacity-balanced inferred shortest-path assignment on OSM streets; not an as-built feeder
SYN-0497,219386583,Liman,LIMAN,NS4,Novi Sad 4 - Sever III,10.0,3022327582,2.509944871648305,0.08109958028753993,capacity-balanced inferred shortest-path assignment on OSM streets; not an as-built feeder
SYN-0501,219386583,Liman,LIMAN,NS4,Novi Sad 4 - Sever III,10.0,3608092998,2.5308328716483044,0.08109958028753993,capacity-balanced inferred shortest-path assignment on OSM streets; not an as-built feeder
SYN-0503,219386583,Liman,LIMAN,NS4,Novi Sad 4 - Sever III,10.0,60889685,2.7678168716483045,0.08109958028753993,capacity-balanced inferred shortest-path assignment on OSM streets; not an as-built feeder
SYN-0586,219386583,Liman,LIMAN,NS4,Novi Sad 4 - Sever III,10.0,1204288604,1.9176498716483052,0.03227124494779247,capacity-balanced inferred shortest-path assignment on OSM streets; not an as-built feeder
SYN-0607,219386583,Liman,LIMAN,NS4,Novi Sad 4 - Sever III,10.0,12558847145,6.306992871648312,0.08145478329174943,capacity-balanced inferred shortest-path assignment on OSM streets; not an as-built feeder
SYN-0610,219386583,Liman,LIMAN,NS4,Novi Sad 4 - Sever III,10.0,6775300245,6.33129987164831,0.08145478329174943,capacity-balanced inferred shortest-path assignment on OSM streets; not an as-built feeder
SYN-0773,219386583,Liman,LIMAN,NS4,Novi Sad 4 - Sever III,10.0,3623868518,4.041179871648305,0.08113866795441325,capacity-balanced inferred shortest-path assignment on OSM streets; not an as-built feeder
SYN-0776,219386583,Liman,LIMAN,NS4,Novi Sad 4 - Sever III,10.0,6805141767,3.429249871648305,0.08113866795441325,capacity-balanced inferred shortest-path assignment on OSM streets; not an as-built feeder
SYN-0831,219386583,Liman,LIMAN,NS4,Novi Sad 4 - Sever III,10.0,11931627447,3.3165278716483066,0.08922754373619428,capacity-balanced inferred shortest-path assignment on OSM streets; not an as-built feeder
SYN-0832,219386583,Liman,LIMAN,NS4,Novi Sad 4 - Sever III,10.0,8621707523,3.2832088716483057,0.08922754373619428,capacity-balanced inferred shortest-path assignment on OSM streets; not an as-built feeder
SYN-0834,219386583,Liman,LIMAN,NS4,Novi Sad 4 - Sever III,10.0,9363917455,3.336230871648307,0.08922754373619428,capacity-balanced inferred shortest-path assignment on OSM streets; not an as-built feeder
SYN-0835,219386583,Liman,LIMAN,NS4,Novi Sad 4 - Sever III,10.0,3858860028,3.363349871648305,0.03938938321998531,capacity-balanced inferred shortest-path assignment on OSM streets; not an as-built feeder
SYN-0836,219386583,Liman,LIMAN,NS4,Novi Sad 4 - Sever III,10.0,3001312400,3.313859871648305,0.03938938321998531,capacity-balanced inferred shortest-path assignment on OSM streets; not an as-built feeder
SYN-0838,219386583,Liman,LIMAN,NS4,Novi Sad 4 - Sever III,10.0,1215613343,3.0466988716483048,0.020857367258697256,capacity-balanced inferred shortest-path assignment on OSM streets; not an as-built feeder
SYN-0841,219386583,Liman,LIMAN,NS4,Novi Sad 4 - Sever III,10.0,14049285058,3.5591538716483044,0.022247806968704757,capacity-balanced inferred shortest-path assignment on OSM streets; not an as-built feeder
SYN-0842,219386583,Liman,LIMAN,NS4,Novi Sad 4 - Sever III,10.0,3862485130,3.901559871648304,0.014585956792316604,capacity-balanced inferred shortest-path assignment on OSM streets; not an as-built feeder
SYN-0849,219386583,Liman,LIMAN,NS4,Novi Sad 4 - Sever III,10.0,3728469430,4.1166378716483045,0.07866666023110729,capacity-balanced inferred shortest-path assignment on OSM streets; not an as-built feeder
SYN-0987,219386583,Liman,LIMAN,NS4,Novi Sad 4 - Sever III,10.0,3864018822,0.44579987164830553,0.08275081835934446,capacity-balanced inferred shortest-path assignment on OSM streets; not an as-built feeder
SYN-0988,219386583,Liman,LIMAN,NS4,Novi Sad 4 - Sever III,10.0,1609515970,7.087164830555587e-05,0.08275081835934446,capacity-balanced inferred shortest-path assignment on OSM streets; not an as-built feeder
SYN-0990,219386583,Liman,LIMAN,NS4,Novi Sad 4 - Sever III,10.0,1596123210,0.42351887164830554,0.03241725702243441,capacity-balanced inferred shortest-path assignment on OSM streets; not an as-built feeder
SYN-0991,219386583,Liman,LIMAN,NS4,Novi Sad 4 - Sever III,10.0,1596123231,0.3986868716483056,0.03241725702243441,capacity-balanced inferred shortest-path assignment on OSM streets; not an as-built feeder
SYN-1048,219386583,Liman,LIMAN,NS4,Novi Sad 4 - Sever III,10.0,3652678301,2.756895871648306,0.06152665589743671,capacity-balanced inferred shortest-path assignment on OSM streets; not an as-built feeder
SYN-1089,219386583,Liman,LIMAN,NS4,Novi Sad 4 - Sever III,10.0,6360046047,2.6812218716483045,0.0635749627983314,capacity-balanced inferred shortest-path assignment on OSM streets; not an as-built feeder
SYN-1090,219386583,Liman,LIMAN,NS4,Novi Sad 4 - Sever III,10.0,3624018561,2.7551538716483046,0.0777554849429342,capacity-balanced inferred shortest-path assignment on OSM streets; not an as-built feeder
SYN-1091,219386583,Liman,LIMAN,NS4,Novi Sad 4 - Sever III,10.0,903304594,2.6035238716483047,0.0777554849429342,capacity-balanced inferred shortest-path assignment on OSM streets; not an as-built feeder
SYN-1092,219386583,Liman,LIMAN,NS4,Novi Sad 4 - Sever III,10.0,7548040679,2.8296068716483047,0.03667664044568542,capacity-balanced inferred shortest-path assignment on OSM streets; not an as-built feeder
SYN-1095,219386583,Liman,LIMAN,NS4,Novi Sad 4 - Sever III,10.0,6360046079,2.6316818716483046,0.039905807918418607,capacity-balanced inferred shortest-path assignment on OSM streets; not an as-built feeder
SYN-1097,219386583,Liman,LIMAN,NS4,Novi Sad 4 - Sever III,10.0,2975823835,2.272744871648306,0.09376068984254761,capacity-balanced inferred shortest-path assignment on OSM streets; not an as-built feeder
SYN-1098,219386583,Liman,LIMAN,NS4,Novi Sad 4 - Sever III,10.0,2975823700,2.3659318716483058,0.09376068984254761,capacity-balanced inferred shortest-path assignment on OSM streets; not an as-built feeder
SYN-1099,219386583,Liman,LIMAN,NS4,Novi Sad 4 - Sever III,10.0,2975823700,2.3659318716483058,0.09376068984254761,capacity-balanced inferred shortest-path assignment on OSM streets; not an as-built feeder
SYN-1219,219386583,Liman,LIMAN,NS4,Novi Sad 4 - Sever III,10.0,13971341250,1.4502338716483052,0.08909707364822698,capacity-balanced inferred shortest-path assignment on OSM streets; not an as-built feeder
SYN-1220,219386583,Liman,LIMAN,NS4,Novi Sad 4 - Sever III,10.0,1229569711,1.4126938716483053,0.08909707364822698,capacity-balanced inferred shortest-path assignment on OSM streets; not an as-built feeder
SYN-1221,219386583,Liman,LIMAN,NS4,Novi Sad 4 - Sever III,10.0,13971341252,1.5474588716483053,0.08909707364822698,capacity-balanced inferred shortest-path assignment on OSM streets; not an as-built feeder
SYN-1277,219386583,Liman,LIMAN,NS4,Novi Sad 4 - Sever III,10.0,4729703168,2.5778628716483043,0.08327225010919932,capacity-balanced inferred shortest-path assignment on OSM streets; not an as-built feeder
SYN-1279,219386583,Liman,LIMAN,NS4,Novi Sad 4 - Sever III,10.0,1233028526,2.3927508716483055,0.08327225010919932,capacity-balanced inferred shortest-path assignment on OSM streets; not an as-built feeder
SYN-1283,219386583,Liman,LIMAN,NS4,Novi Sad 4 - Sever III,10.0,2965959741,2.7798308716483064,0.08327225010919932,capacity-balanced inferred shortest-path assignment on OSM streets; not an as-built feeder
SYN-1286,219386583,Liman,LIMAN,NS4,Novi Sad 4 - Sever III,10.0,3895152449,2.1674698716483056,0.08327225010919932,capacity-balanced inferred shortest-path assignment on OSM streets; not an as-built feeder
SYN-1287,219386583,Liman,LIMAN,NS4,Novi Sad 4 - Sever III,10.0,6793079320,2.0260048716483054,0.08327225010919932,capacity-balanced inferred shortest-path assignment on OSM streets; not an as-built feeder
SYN-1288,219386583,Liman,LIMAN,NS4,Novi Sad 4 - Sever III,10.0,8405422590,2.5357298716483054,0.08327225010919932,capacity-balanced inferred shortest-path assignment on OSM streets; not an as-built feeder
SYN-1289,219386583,Liman,LIMAN,NS4,Novi Sad 4 - Sever III,10.0,1233028587,2.440381871648305,0.08327225010919932,capacity-balanced inferred shortest-path assignment on OSM streets; not an as-built feeder
SYN-1291,219386583,Liman,LIMAN,NS4,Novi Sad 4 - Sever III,10.0,1233028587,2.440381871648305,0.08327225010919932,capacity-balanced inferred shortest-path assignment on OSM streets; not an as-built feeder
SYN-1292,219386583,Liman,LIMAN,NS4,Novi Sad 4 - Sever III,10.0,3895176466,2.481573871648306,0.08327225010919932,capacity-balanced inferred shortest-path assignment on OSM streets; not an as-built feeder
SYN-1294,219386583,Liman,LIMAN,NS4,Novi Sad 4 - Sever III,10.0,8405422595,2.552366871648306,0.08327225010919932,capacity-balanced inferred shortest-path assignment on OSM streets; not an as-built feeder
SYN-1295,219386583,Liman,LIMAN,NS4,Novi Sad 4 - Sever III,10.0,3895176478,2.7092528716483057,0.08327225010919932,capacity-balanced inferred shortest-path assignment on OSM streets; not an as-built feeder
SYN-1298,219386583,Liman,LIMAN,NS4,Novi Sad 4 - Sever III,10.0,14024239908,2.2796518716483054,0.08327225010919932,capacity-balanced inferred shortest-path assignment on OSM streets; not an as-built feeder
SYN-1302,219386583,Liman,LIMAN,NS4,Novi Sad 4 - Sever III,10.0,1377885410000,2.1621418886592982,0.08289884156787268,capacity-balanced inferred shortest-path assignment on OSM streets; not an as-built feeder
SYN-1303,219386583,Liman,LIMAN,NS4,Novi Sad 4 - Sever III,10.0,8631737881,2.3851718716483052,0.08289884156787268,capacity-balanced inferred shortest-path assignment on OSM streets; not an as-built feeder
SYN-1304,219386583,Liman,LIMAN,NS4,Novi Sad 4 - Sever III,10.0,3093974819,2.382285871648305,0.08289884156787268,capacity-balanced inferred shortest-path assignment on OSM streets; not an as-built feeder
SYN-1306,219386583,Liman,LIMAN,NS4,Novi Sad 4 - Sever III,10.0,3093974808,2.2317978716483053,0.08289884156787268,capacity-balanced inferred shortest-path assignment on OSM streets; not an as-built feeder
SYN-1307,219386583,Liman,LIMAN,NS4,Novi Sad 4 - Sever III,10.0,60882160,2.590420871648306,0.08289884156787268,capacity-balanced inferred shortest-path assignment on OSM streets; not an as-built feeder
SYN-1308,219386583,Liman,LIMAN,NS4,Novi Sad 4 - Sever III,10.0,3093974808,2.2317978716483053,0.08289884156787268,capacity-balanced inferred shortest-path assignment on OSM streets; not an as-built feeder
SYN-1312,219386583,Liman,LIMAN,NS4,Novi Sad 4 - Sever III,10.0,10915416277,2.137328871648305,0.08289884156787268,capacity-balanced inferred shortest-path assignment on OSM streets; not an as-built feeder
SYN-1314,219386583,Liman,LIMAN,NS4,Novi Sad 4 - Sever III,10.0,2978902275,2.5842298716483043,0.08289884156787268,capacity-balanced inferred shortest-path assignment on OSM streets; not an as-built feeder
SYN-1315,219386583,Liman,LIMAN,NS4,Novi Sad 4 - Sever III,10.0,6542914042,2.3585228716483053,0.08289884156787268,capacity-balanced inferred shortest-path assignment on OSM streets; not an as-built feeder
SYN-1317,219386583,Liman,LIMAN,NS4,Novi Sad 4 - Sever III,10.0,1453841584,2.5093738716483056,0.08254392043616059,capacity-balanced inferred shortest-path assignment on OSM streets; not an as-built feeder
SYN-1318,219386583,Liman,LIMAN,NS4,Novi Sad 4 - Sever III,10.0,942814478,2.8111508716483056,0.08254392043616059,capacity-balanced inferred shortest-path assignment on OSM streets; not an as-built feeder
SYN-1319,219386583,Liman,LIMAN,NS4,Novi Sad 4 - Sever III,10.0,13275789429,2.6460318716483058,0.08254392043616059,capacity-balanced inferred shortest-path assignment on OSM streets; not an as-built feeder
SYN-1321,219386583,Liman,LIMAN,NS4,Novi Sad 4 - Sever III,10.0,1574842473,2.7187258716483056,0.08254392043616059,capacity-balanced inferred shortest-path assignment on OSM streets; not an as-built feeder
SYN-1323,219386583,Liman,LIMAN,NS4,Novi Sad 4 - Sever III,10.0,1215613366,2.9217668716483054,0.08254392043616059,capacity-balanced inferred shortest-path assignment on OSM streets; not an as-built feeder
SYN-1327,219386583,Liman,LIMAN,NS4,Novi Sad 4 - Sever III,10.0,11891415110,2.7921828716483055,0.08254392043616059,capacity-balanced inferred shortest-path assignment on OSM streets; not an as-built feeder
SYN-1331,219386583,Liman,LIMAN,NS4,Novi Sad 4 - Sever III,10.0,13127661087,2.379831871648306,0.08254392043616059,capacity-balanced inferred shortest-path assignment on OSM streets; not an as-built feeder
SYN-1333,219386583,Liman,LIMAN,NS4,Novi Sad 4 - Sever III,10.0,3616170950,2.101061871648305,0.08254392043616059,capacity-balanced inferred shortest-path assignment on OSM streets; not an as-built feeder
SYN-1337,219386583,Liman,LIMAN,NS4,Novi Sad 4 - Sever III,10.0,11891415107,2.7838148716483055,0.08254392043616059,capacity-balanced inferred shortest-path assignment on OSM streets; not an as-built feeder
SYN-1345,219386583,Liman,LIMAN,NS4,Novi Sad 4 - Sever III,10.0,3653005906,2.901646871648305,0.08801340546635802,capacity-balanced inferred shortest-path assignment on OSM streets; not an as-built feeder
SYN-1346,219386583,Liman,LIMAN,NS4,Novi Sad 4 - Sever III,10.0,12413628845,3.338560871648305,0.08801340546635802,capacity-balanced inferred shortest-path assignment on OSM streets; not an as-built feeder
SYN-1363,219386583,Liman,LIMAN,NS4,Novi Sad 4 - Sever III,10.0,3834021161,2.958017871648306,0.08263500812547525,capacity-balanced inferred shortest-path assignment on OSM streets; not an as-built feeder
SYN-1367,219386583,Liman,LIMAN,NS4,Novi Sad 4 - Sever III,10.0,11348102457,2.5468818716483055,0.08263500812547525,capacity-balanced inferred shortest-path assignment on OSM streets; not an as-built feeder
SYN-1369,219386583,Liman,LIMAN,NS4,Novi Sad 4 - Sever III,10.0,1140885294,2.3159188716483046,0.08263500812547525,capacity-balanced inferred shortest-path assignment on OSM streets; not an as-built feeder
SYN-1371,219386583,Liman,LIMAN,NS4,Novi Sad 4 - Sever III,10.0,3016321086,2.8040638716483057,0.08263500812547525,capacity-balanced inferred shortest-path assignment on OSM streets; not an as-built feeder
SYN-1372,219386583,Liman,LIMAN,NS4,Novi Sad 4 - Sever III,10.0,3010504448,2.665569871648306,0.08263500812547525,capacity-balanced inferred shortest-path assignment on OSM streets; not an as-built feeder
SYN-1373,219386583,Liman,LIMAN,NS4,Novi Sad 4 - Sever III,10.0,1140885327,2.5228500353688172,0.08263500812547525,capacity-balanced inferred shortest-path assignment on OSM streets; not an as-built feeder
SYN-1375,219386583,Liman,LIMAN,NS4,Novi Sad 4 - Sever III,10.0,3834072849,2.632133871648306,0.08263500812547525,capacity-balanced inferred shortest-path assignment on OSM streets; not an as-built feeder
SYN-1377,219386583,Liman,LIMAN,NS4,Novi Sad 4 - Sever III,10.0,10871343118,3.024139871648306,0.08263500812547525,capacity-balanced inferred shortest-path assignment on OSM streets; not an as-built feeder
SYN-1380,219386583,Liman,LIMAN,NS4,Novi Sad 4 - Sever III,10.0,13260344606,2.613384035368818,0.08263500812547525,capacity-balanced inferred shortest-path assignment on OSM streets; not an as-built feeder
SYN-1383,219386583,Liman,LIMAN,NS4,Novi Sad 4 - Sever III,10.0,10871343115,3.009401871648306,0.08263500812547525,capacity-balanced inferred shortest-path assignment on OSM streets; not an as-built feeder
SYN-1393,219386583,Liman,LIMAN,NS4,Novi Sad 4 - Sever III,10.0,2050669640,2.607190871648305,0.08430394237714357,capacity-balanced inferred shortest-path assignment on OSM streets; not an as-built feeder
SYN-1395,219386583,Liman,LIMAN,NS4,Novi Sad 4 - Sever III,10.0,12394342541,2.467388871648306,0.08430394237714357,capacity-balanced inferred shortest-path assignment on OSM streets; not an as-built feeder
SYN-1405,219386583,Liman,LIMAN,NS4,Novi Sad 4 - Sever III,10.0,944253025,3.4762138716483046,0.08483857152367327,capacity-balanced inferred shortest-path assignment on OSM streets; not an as-built feeder
SYN-1406,219386583,Liman,LIMAN,NS4,Novi Sad 4 - Sever III,10.0,944253058,3.6848298716483048,0.08483857152367327,capacity-balanced inferred shortest-path assignment on OSM streets; not an as-built feeder
SYN-1410,219386583,Liman,LIMAN,NS4,Novi Sad 4 - Sever III,10.0,944253025,3.4762138716483046,0.08483857152367327,capacity-balanced inferred shortest-path assignment on OSM streets; not an as-built feeder
SYN-1422,219386583,Liman,LIMAN,NS4,Novi Sad 4 - Sever III,10.0,2999526221,4.330971871648301,0.07990784606649247,capacity-balanced inferred shortest-path assignment on OSM streets; not an as-built feeder
SYN-1542,219386583,Liman,LIMAN,NS4,Novi Sad 4 - Sever III,10.0,11283328413,2.1672988716483053,0.0839865980313222,capacity-balanced inferred shortest-path assignment on OSM streets; not an as-built feeder
SYN-1547,219386583,Liman,LIMAN,NS4,Novi Sad 4 - Sever III,10.0,3891561340,1.4635528716483055,0.08117171784003871,capacity-balanced inferred shortest-path assignment on OSM streets; not an as-built feeder
SYN-1549,219386583,Liman,LIMAN,NS4,Novi Sad 4 - Sever III,10.0,2320153785,1.2073328716483054,0.08117171784003871,capacity-balanced inferred shortest-path assignment on OSM streets; not an as-built feeder
SYN-1551,219386583,Liman,LIMAN,NS4,Novi Sad 4 - Sever III,10.0,1319623577,1.5121228716483053,0.08117171784003871,capacity-balanced inferred shortest-path assignment on OSM streets; not an as-built feeder
SYN-1553,219386583,Liman,LIMAN,NS4,Novi Sad 4 - Sever III,10.0,13971341214,1.4746928716483054,0.08117171784003871,capacity-balanced inferred shortest-path assignment on OSM streets; not an as-built feeder
SYN-1556,219386583,Liman,LIMAN,NS4,Novi Sad 4 - Sever III,10.0,3886507250,1.0781218716483054,0.08117171784003871,capacity-balanced inferred shortest-path assignment on OSM streets; not an as-built feeder
SYN-1557,219386583,Liman,LIMAN,NS4,Novi Sad 4 - Sever III,10.0,11347924931,1.5984638716483055,0.08117171784003871,capacity-balanced inferred shortest-path assignment on OSM streets; not an as-built feeder
SYN-1559,219386583,Liman,LIMAN,NS4,Novi Sad 4 - Sever III,10.0,13971341210,1.6378858716483058,0.08117171784003871,capacity-balanced inferred shortest-path assignment on OSM streets; not an as-built feeder
SYN-1561,219386583,Liman,LIMAN,NS4,Novi Sad 4 - Sever III,10.0,14005336078,1.4392038716483053,0.08117171784003871,capacity-balanced inferred shortest-path assignment on OSM streets; not an as-built feeder
SYN-1562,219386583,Liman,LIMAN,NS4,Novi Sad 4 - Sever III,10.0,1974428513,1.4389088716483052,0.08117171784003871,capacity-balanced inferred shortest-path assignment on OSM streets; not an as-built feeder
SYN-1564,219386583,Liman,LIMAN,NS4,Novi Sad 4 - Sever III,10.0,6793079322,2.0282648716483056,0.08031580629017086,capacity-balanced inferred shortest-path assignment on OSM streets; not an as-built feeder
SYN-1565,219386583,Liman,LIMAN,NS4,Novi Sad 4 - Sever III,10.0,3895152430,1.7395888716483054,0.08031580629017086,capacity-balanced inferred shortest-path assignment on OSM streets; not an as-built feeder
SYN-1566,219386583,Liman,LIMAN,NS4,Novi Sad 4 - Sever III,10.0,61974838,1.9035688716483052,0.08031580629017086,capacity-balanced inferred shortest-path assignment on OSM streets; not an as-built feeder
SYN-1567,219386583,Liman,LIMAN,NS4,Novi Sad 4 - Sever III,10.0,2013620766,1.4674368716483057,0.08031580629017086,capacity-balanced inferred shortest-path assignment on OSM streets; not an as-built feeder
SYN-1568,219386583,Liman,LIMAN,NS4,Novi Sad 4 - Sever III,10.0,3891557380,1.5183028716483054,0.08031580629017086,capacity-balanced inferred shortest-path assignment on OSM streets; not an as-built feeder
SYN-1569,219386583,Liman,LIMAN,NS4,Novi Sad 4 - Sever III,10.0,2264443353,1.9458428716483054,0.08031580629017086,capacity-balanced inferred shortest-path assignment on OSM streets; not an as-built feeder
SYN-1570,219386583,Liman,LIMAN,NS4,Novi Sad 4 - Sever III,10.0,2316841299,2.003950871648305,0.08031580629017086,capacity-balanced inferred shortest-path assignment on OSM streets; not an as-built feeder
SYN-1571,219386583,Liman,LIMAN,NS4,Novi Sad 4 - Sever III,10.0,1454495254,1.1446258716483053,0.08361381375063508,capacity-balanced inferred shortest-path assignment on OSM streets; not an as-built feeder
SYN-1572,219386583,Liman,LIMAN,NS4,Novi Sad 4 - Sever III,10.0,11849729884,1.2256758716483054,0.08361381375063508,capacity-balanced inferred shortest-path assignment on OSM streets; not an as-built feeder
SYN-1573,219386583,Liman,LIMAN,NS4,Novi Sad 4 - Sever III,10.0,11849735024,1.2247428716483058,0.08361381375063508,capacity-balanced inferred shortest-path assignment on OSM streets; not an as-built feeder
SYN-1574,219386583,Liman,LIMAN,NS4,Novi Sad 4 - Sever III,10.0,12246234713,1.1344298716483057,0.08361381375063508,capacity-balanced inferred shortest-path assignment on OSM streets; not an as-built feeder
SYN-1575,219386583,Liman,LIMAN,NS4,Novi Sad 4 - Sever III,10.0,6408175981,1.0530358716483055,0.08361381375063508,capacity-balanced inferred shortest-path assignment on OSM streets; not an as-built feeder
SYN-1576,219386583,Liman,LIMAN,NS4,Novi Sad 4 - Sever III,10.0,250073789,1.4555418716483053,0.08066174939108092,capacity-balanced inferred shortest-path assignment on OSM streets; not an as-built feeder
SYN-1577,219386583,Liman,LIMAN,NS4,Novi Sad 4 - Sever III,10.0,3652964171,1.8374038716483059,0.08066174939108092,capacity-balanced inferred shortest-path assignment on OSM streets; not an as-built feeder
SYN-1578,219386583,Liman,LIMAN,NS4,Novi Sad 4 - Sever III,10.0,3653134329,1.6977648716483051,0.08066174939108092,capacity-balanced inferred shortest-path assignment on OSM streets; not an as-built feeder
SYN-1580,219386583,Liman,LIMAN,NS4,Novi Sad 4 - Sever III,10.0,3653134326,1.7429218716483053,0.08066174939108092,capacity-balanced inferred shortest-path assignment on OSM streets; not an as-built feeder
SYN-1581,219386583,Liman,LIMAN,NS4,Novi Sad 4 - Sever III,10.0,3652964177,1.8806128716483057,0.08066174939108092,capacity-balanced inferred shortest-path assignment on OSM streets; not an as-built feeder
SYN-1582,219386583,Liman,LIMAN,NS4,Novi Sad 4 - Sever III,10.0,3652969922,1.8871448716483057,0.08066174939108092,capacity-balanced inferred shortest-path assignment on OSM streets; not an as-built feeder
SYN-1583,219386583,Liman,LIMAN,NS4,Novi Sad 4 - Sever III,10.0,3653134329,1.6977648716483051,0.08066174939108092,capacity-balanced inferred shortest-path assignment on OSM streets; not an as-built feeder
SYN-1585,219386583,Liman,LIMAN,NS4,Novi Sad 4 - Sever III,10.0,1454495268,1.7207748716483051,0.08066174939108092,capacity-balanced inferred shortest-path assignment on OSM streets; not an as-built feeder
SYN-1588,219386583,Liman,LIMAN,NS4,Novi Sad 4 - Sever III,10.0,2756719872,1.9550378716483052,0.08066174939108092,capacity-balanced inferred shortest-path assignment on OSM streets; not an as-built feeder
SYN-1589,219386583,Liman,LIMAN,NS4,Novi Sad 4 - Sever III,10.0,1974435505,1.8012998716483055,0.08066174939108092,capacity-balanced inferred shortest-path assignment on OSM streets; not an as-built feeder
SYN-1590,219386583,Liman,LIMAN,NS4,Novi Sad 4 - Sever III,10.0,3653129801,1.6055648716483053,0.08066174939108092,capacity-balanced inferred shortest-path assignment on OSM streets; not an as-built feeder
SYN-1592,219386583,Liman,LIMAN,NS4,Novi Sad 4 - Sever III,10.0,1591668217,1.5061638716483055,0.08066174939108092,capacity-balanced inferred shortest-path assignment on OSM streets; not an as-built feeder
SYN-1597,219386583,Liman,LIMAN,NS4,Novi Sad 4 - Sever III,10.0,1609500668,0.5737878716483055,0.08272913113356588,capacity-balanced inferred shortest-path assignment on OSM streets; not an as-built feeder
SYN-1601,219386583,Liman,LIMAN,NS4,Novi Sad 4 - Sever III,10.0,1609500668,0.5737878716483055,0.08272913113356588,capacity-balanced inferred shortest-path assignment on OSM streets; not an as-built feeder
SYN-1602,219386583,Liman,LIMAN,NS4,Novi Sad 4 - Sever III,10.0,2316793331,1.0083748716483054,0.08272913113356588,capacity-balanced inferred shortest-path assignment on OSM streets; not an as-built feeder
SYN-1603,219386583,Liman,LIMAN,NS4,Novi Sad 4 - Sever III,10.0,11271502584,0.8329638716483053,0.08272913113356588,capacity-balanced inferred shortest-path assignment on OSM streets; not an as-built feeder
SYN-1607,219386583,Liman,LIMAN,NS4,Novi Sad 4 - Sever III,10.0,2315643307,0.9826158716483053,0.08272913113356588,capacity-balanced inferred shortest-path assignment on OSM streets; not an as-built feeder
SYN-1611,219386583,Liman,LIMAN,NS4,Novi Sad 4 - Sever III,10.0,3770727571,0.8717888716483054,0.08272913113356588,capacity-balanced inferred shortest-path assignment on OSM streets; not an as-built feeder
SYN-1614,219386583,Liman,LIMAN,NS4,Novi Sad 4 - Sever III,10.0,2316793362,0.9745498716483054,0.08272913113356588,capacity-balanced inferred shortest-path assignment on OSM streets; not an as-built feeder
SYN-1623,219386583,Liman,LIMAN,NS4,Novi Sad 4 - Sever III,10.0,13130066535,1.5213318716483053,0.08772689662886796,capacity-balanced inferred shortest-path assignment on OSM streets; not an as-built feeder
SYN-1624,219386583,Liman,LIMAN,NS4,Novi Sad 4 - Sever III,10.0,12307253249,1.5610548716483053,0.08772689662886796,capacity-balanced inferred shortest-path assignment on OSM streets; not an as-built feeder
SYN-1709,219386583,Liman,LIMAN,NS4,Novi Sad 4 - Sever III,10.0,6804836905,4.519191871648307,0.08404129195057779,capacity-balanced inferred shortest-path assignment on OSM streets; not an as-built feeder
SYN-1711,219386583,Liman,LIMAN,NS4,Novi Sad 4 - Sever III,10.0,1205713514,4.637859871648306,0.08404129195057779,capacity-balanced inferred shortest-path assignment on OSM streets; not an as-built feeder
SYN-1712,219386583,Liman,LIMAN,NS4,Novi Sad 4 - Sever III,10.0,11890949336,4.535545871648306,0.08404129195057779,capacity-balanced inferred shortest-path assignment on OSM streets; not an as-built feeder
SYN-1717,219386583,Liman,LIMAN,NS4,Novi Sad 4 - Sever III,10.0,6775149448,5.1221368716483076,0.08201334189745285,capacity-balanced inferred shortest-path assignment on OSM streets; not an as-built feeder
SYN-1718,219386583,Liman,LIMAN,NS4,Novi Sad 4 - Sever III,10.0,3215706921,5.1507048716483075,0.08201334189745285,capacity-balanced inferred shortest-path assignment on OSM streets; not an as-built feeder
SYN-1720,219386583,Liman,LIMAN,NS4,Novi Sad 4 - Sever III,10.0,6811637824,4.295343871648307,0.08201334189745285,capacity-balanced inferred shortest-path assignment on OSM streets; not an as-built feeder
SYN-1723,219386583,Liman,LIMAN,NS4,Novi Sad 4 - Sever III,10.0,3061873317,4.868345871648307,0.08201334189745285,capacity-balanced inferred shortest-path assignment on OSM streets; not an as-built feeder
SYN-1725,219386583,Liman,LIMAN,NS4,Novi Sad 4 - Sever III,10.0,1205713611,4.581934871648308,0.08201334189745285,capacity-balanced inferred shortest-path assignment on OSM streets; not an as-built feeder
SYN-1728,219386583,Liman,LIMAN,NS4,Novi Sad 4 - Sever III,10.0,11942789920,5.079861871648307,0.08201334189745285,capacity-balanced inferred shortest-path assignment on OSM streets; not an as-built feeder
SYN-1730,219386583,Liman,LIMAN,NS4,Novi Sad 4 - Sever III,10.0,1205713527,4.780229871648308,0.08201334189745285,capacity-balanced inferred shortest-path assignment on OSM streets; not an as-built feeder
SYN-1733,219386583,Liman,LIMAN,NS4,Novi Sad 4 - Sever III,10.0,6804836905,4.519191871648307,0.08201334189745285,capacity-balanced inferred shortest-path assignment on OSM streets; not an as-built feeder
SYN-1737,219386583,Liman,LIMAN,NS4,Novi Sad 4 - Sever III,10.0,6775149452,4.468903871648307,0.08201334189745285,capacity-balanced inferred shortest-path assignment on OSM streets; not an as-built feeder
SYN-1741,219386583,Liman,LIMAN,NS4,Novi Sad 4 - Sever III,10.0,3062163473,5.040397871648307,0.08201334189745285,capacity-balanced inferred shortest-path assignment on OSM streets; not an as-built feeder
SYN-1746,219386583,Liman,LIMAN,NS4,Novi Sad 4 - Sever III,10.0,10979462168,4.466503871648307,0.08201334189745285,capacity-balanced inferred shortest-path assignment on OSM streets; not an as-built feeder
SYN-1750,219386583,Liman,LIMAN,NS4,Novi Sad 4 - Sever III,10.0,3215487961,5.0028488716483075,0.08201334189745285,capacity-balanced inferred shortest-path assignment on OSM streets; not an as-built feeder
SYN-1756,219386583,Liman,LIMAN,NS4,Novi Sad 4 - Sever III,10.0,3625370708,5.017167871648305,0.08201334189745285,capacity-balanced inferred shortest-path assignment on OSM streets; not an as-built feeder
SYN-1902,219386583,Liman,LIMAN,NS4,Novi Sad 4 - Sever III,10.0,7051978411,2.6108618716483063,0.06344303778136298,capacity-balanced inferred shortest-path assignment on OSM streets; not an as-built feeder
SYN-1903,219386583,Liman,LIMAN,NS4,Novi Sad 4 - Sever III,10.0,3869452193,2.7282678716483058,0.033941252713901755,capacity-balanced inferred shortest-path assignment on OSM streets; not an as-built feeder
SYN-1906,219386583,Liman,LIMAN,NS4,Novi Sad 4 - Sever III,10.0,12758305295,2.9607358716483043,0.06036797064207198,capacity-balanced inferred shortest-path assignment on OSM streets; not an as-built feeder
SYN-1918,219386583,Liman,LIMAN,NS4,Novi Sad 4 - Sever III,10.0,13319563441,0.31259387164830554,0.08051093796375626,capacity-balanced inferred shortest-path assignment on OSM streets; not an as-built feeder
SYN-1921,219386583,Liman,LIMAN,NS4,Novi Sad 4 - Sever III,10.0,3653296160,0.4370678716483055,0.08051093796375626,capacity-balanced inferred shortest-path assignment on OSM streets; not an as-built feeder
SYN-1933,219386583,Liman,LIMAN,NS4,Novi Sad 4 - Sever III,10.0,2285509281,0.9198498716483053,0.055894275369862044,capacity-balanced inferred shortest-path assignment on OSM streets; not an as-built feeder
SYN-1936,219386583,Liman,LIMAN,NS4,Novi Sad 4 - Sever III,10.0,558836882,0.4764678716483055,0.08199419236939445,capacity-balanced inferred shortest-path assignment on OSM streets; not an as-built feeder
SYN-1938,219386583,Liman,LIMAN,NS4,Novi Sad 4 - Sever III,10.0,3864126136,0.3902858716483056,0.08199419236939445,capacity-balanced inferred shortest-path assignment on OSM streets; not an as-built feeder
SYN-1941,219386583,Liman,LIMAN,NS4,Novi Sad 4 - Sever III,10.0,2285480861,0.29290387164830556,0.08199419236939445,capacity-balanced inferred shortest-path assignment on OSM streets; not an as-built feeder
SYN-1951,219386583,Liman,LIMAN,NS4,Novi Sad 4 - Sever III,10.0,13149575683,0.42790187164830557,0.08199419236939445,capacity-balanced inferred shortest-path assignment on OSM streets; not an as-built feeder
SYN-1956,219386583,Liman,LIMAN,NS4,Novi Sad 4 - Sever III,10.0,4443377805,0.5831768716483057,0.12487388555012553,capacity-balanced inferred shortest-path assignment on OSM streets; not an as-built feeder
SYN-1957,219386583,Liman,LIMAN,NS4,Novi Sad 4 - Sever III,10.0,2285516164,0.8042638716483058,0.1368020963234821,capacity-balanced inferred shortest-path assignment on OSM streets; not an as-built feeder
SYN-1958,219386583,Liman,LIMAN,NS4,Novi Sad 4 - Sever III,10.0,3808213301,0.7023718716483055,0.1432283498614541,capacity-balanced inferred shortest-path assignment on OSM streets; not an as-built feeder
SYN-1959,219386583,Liman,LIMAN,NS4,Novi Sad 4 - Sever III,10.0,3014644023,2.0839358716483054,0.08411319576913935,capacity-balanced inferred shortest-path assignment on OSM streets; not an as-built feeder
SYN-1960,219386583,Liman,LIMAN,NS4,Novi Sad 4 - Sever III,10.0,13382292684,2.0276478716483055,0.08411319576913935,capacity-balanced inferred shortest-path assignment on OSM streets; not an as-built feeder
SYN-1961,219386583,Liman,LIMAN,NS4,Novi Sad 4 - Sever III,10.0,568165744,1.9410288716483048,0.08411319576913935,capacity-balanced inferred shortest-path assignment on OSM streets; not an as-built feeder
SYN-1962,219386583,Liman,LIMAN,NS4,Novi Sad 4 - Sever III,10.0,568165744,1.9410288716483048,0.08411319576913935,capacity-balanced inferred shortest-path assignment on OSM streets; not an as-built feeder
SYN-1963,219386583,Liman,LIMAN,NS4,Novi Sad 4 - Sever III,10.0,1454495275,2.1797198716483055,0.08411319576913935,capacity-balanced inferred shortest-path assignment on OSM streets; not an as-built feeder
SYN-1964,219386583,Liman,LIMAN,NS4,Novi Sad 4 - Sever III,10.0,13081578327,1.8051058716483055,0.08411319576913935,capacity-balanced inferred shortest-path assignment on OSM streets; not an as-built feeder
SYN-1965,219386583,Liman,LIMAN,NS4,Novi Sad 4 - Sever III,10.0,14104253529,2.1401208716483056,0.08411319576913935,capacity-balanced inferred shortest-path assignment on OSM streets; not an as-built feeder
SYN-1966,219386583,Liman,LIMAN,NS4,Novi Sad 4 - Sever III,10.0,3014644023,2.0839358716483054,0.08411319576913935,capacity-balanced inferred shortest-path assignment on OSM streets; not an as-built feeder
SYN-1967,219386583,Liman,LIMAN,NS4,Novi Sad 4 - Sever III,10.0,12124905370,1.8842308716483056,0.08411319576913935,capacity-balanced inferred shortest-path assignment on OSM streets; not an as-built feeder
SYN-1969,219386583,Liman,LIMAN,NS4,Novi Sad 4 - Sever III,10.0,4444606681,1.9347418716483051,0.08411319576913935,capacity-balanced inferred shortest-path assignment on OSM streets; not an as-built feeder
SYN-1971,219386583,Liman,LIMAN,NS4,Novi Sad 4 - Sever III,10.0,1974433613,1.9632378716483059,0.08411319576913935,capacity-balanced inferred shortest-path assignment on OSM streets; not an as-built feeder
SYN-2023,219386583,Liman,LIMAN,NS4,Novi Sad 4 - Sever III,10.0,1227873735,2.896385871648307,0.06026500110078945,capacity-balanced inferred shortest-path assignment on OSM streets; not an as-built feeder
SYN-2167,219386583,Liman,LIMAN,NS4,Novi Sad 4 - Sever III,10.0,1599321832,1.332609871648306,0.09876573510804905,capacity-balanced inferred shortest-path assignment on OSM streets; not an as-built feeder
SYN-2168,219386583,Liman,LIMAN,NS4,Novi Sad 4 - Sever III,10.0,13847149969,1.264689871648306,0.09876573510804905,capacity-balanced inferred shortest-path assignment on OSM streets; not an as-built feeder
SYN-2173,219386583,Liman,LIMAN,NS4,Novi Sad 4 - Sever III,10.0,3728470671,3.929134871648304,0.039191691370435794,capacity-balanced inferred shortest-path assignment on OSM streets; not an as-built feeder
SYN-2199,219386583,Liman,LIMAN,NS4,Novi Sad 4 - Sever III,10.0,12165464785,1.392723871648305,0.087491100196664,capacity-balanced inferred shortest-path assignment on OSM streets; not an as-built feeder
SYN-2200,219386583,Liman,LIMAN,NS4,Novi Sad 4 - Sever III,10.0,2303045258,1.421200871648305,0.087491100196664,capacity-balanced inferred shortest-path assignment on OSM streets; not an as-built feeder
SYN-2201,219386583,Liman,LIMAN,NS4,Novi Sad 4 - Sever III,10.0,1281667268,1.502205871648305,0.087491100196664,capacity-balanced inferred shortest-path assignment on OSM streets; not an as-built feeder
SYN-2202,219386583,Liman,LIMAN,NS4,Novi Sad 4 - Sever III,10.0,1517117531,1.387513871648305,0.087491100196664,capacity-balanced inferred shortest-path assignment on OSM streets; not an as-built feeder
SYN-2203,219386583,Liman,LIMAN,NS4,Novi Sad 4 - Sever III,10.0,434714876,1.621655871648305,0.087491100196664,capacity-balanced inferred shortest-path assignment on OSM streets; not an as-built feeder
SYN-2204,219386583,Liman,LIMAN,NS4,Novi Sad 4 - Sever III,10.0,2303045258,1.421200871648305,0.087491100196664,capacity-balanced inferred shortest-path assignment on OSM streets; not an as-built feeder
SYN-2214,219386583,Liman,LIMAN,NS4,Novi Sad 4 - Sever III,10.0,13037344060,0.8538388716483055,0.08089829962734875,capacity-balanced inferred shortest-path assignment on OSM streets; not an as-built feeder
SYN-2216,219386583,Liman,LIMAN,NS4,Novi Sad 4 - Sever III,10.0,1533371821,1.7095328716483056,0.08089829962734875,capacity-balanced inferred shortest-path assignment on OSM streets; not an as-built feeder
SYN-2217,219386583,Liman,LIMAN,NS4,Novi Sad 4 - Sever III,10.0,13071765832,1.1673038716483057,0.08089829962734875,capacity-balanced inferred shortest-path assignment on OSM streets; not an as-built feeder
SYN-2219,219386583,Liman,LIMAN,NS4,Novi Sad 4 - Sever III,10.0,1598676282,0.7180458716483055,0.08089829962734875,capacity-balanced inferred shortest-path assignment on OSM streets; not an as-built feeder
SYN-2221,219386583,Liman,LIMAN,NS4,Novi Sad 4 - Sever III,10.0,11946144464,0.8276978716483055,0.08089829962734875,capacity-balanced inferred shortest-path assignment on OSM streets; not an as-built feeder
SYN-2223,219386583,Liman,LIMAN,NS4,Novi Sad 4 - Sever III,10.0,1598676314,0.6824908716483057,0.08089829962734875,capacity-balanced inferred shortest-path assignment on OSM streets; not an as-built feeder
SYN-2224,219386583,Liman,LIMAN,NS4,Novi Sad 4 - Sever III,10.0,1600622364,1.2262358716483057,0.08089829962734875,capacity-balanced inferred shortest-path assignment on OSM streets; not an as-built feeder
SYN-2229,219386583,Liman,LIMAN,NS4,Novi Sad 4 - Sever III,10.0,1598675637,0.9469568716483053,0.08089829962734875,capacity-balanced inferred shortest-path assignment on OSM streets; not an as-built feeder
SYN-2231,219386583,Liman,LIMAN,NS4,Novi Sad 4 - Sever III,10.0,4973448916,0.9369978716483056,0.08089829962734875,capacity-balanced inferred shortest-path assignment on OSM streets; not an as-built feeder
SYN-2236,219386583,Liman,LIMAN,NS4,Novi Sad 4 - Sever III,10.0,3653356950,1.0206998716483056,0.08089829962734875,capacity-balanced inferred shortest-path assignment on OSM streets; not an as-built feeder
SYN-2237,219386583,Liman,LIMAN,NS4,Novi Sad 4 - Sever III,10.0,1445152861,0.5485688716483055,0.08089829962734875,capacity-balanced inferred shortest-path assignment on OSM streets; not an as-built feeder
SYN-2238,219386583,Liman,LIMAN,NS4,Novi Sad 4 - Sever III,10.0,4973448922,0.8347048716483053,0.08089829962734875,capacity-balanced inferred shortest-path assignment on OSM streets; not an as-built feeder
SYN-2239,219386583,Liman,LIMAN,NS4,Novi Sad 4 - Sever III,10.0,1597510185,1.342355871648306,0.08089829962734875,capacity-balanced inferred shortest-path assignment on OSM streets; not an as-built feeder
SYN-2241,219386583,Liman,LIMAN,NS4,Novi Sad 4 - Sever III,10.0,6430933346,1.2813908716483056,0.08089829962734875,capacity-balanced inferred shortest-path assignment on OSM streets; not an as-built feeder
SYN-2246,219386583,Liman,LIMAN,NS4,Novi Sad 4 - Sever III,10.0,1533371865,1.5037188716483052,0.08089829962734875,capacity-balanced inferred shortest-path assignment on OSM streets; not an as-built feeder
SYN-2247,219386583,Liman,LIMAN,NS4,Novi Sad 4 - Sever III,10.0,547401171,0.7899498716483055,0.08089829962734875,capacity-balanced inferred shortest-path assignment on OSM streets; not an as-built feeder
SYN-2249,219386583,Liman,LIMAN,NS4,Novi Sad 4 - Sever III,10.0,13563533211,1.2904608716483057,0.08089829962734875,capacity-balanced inferred shortest-path assignment on OSM streets; not an as-built feeder
SYN-2250,219386583,Liman,LIMAN,NS4,Novi Sad 4 - Sever III,10.0,3653300101,0.5643168716483056,0.08089829962734875,capacity-balanced inferred shortest-path assignment on OSM streets; not an as-built feeder
SYN-2251,219386583,Liman,LIMAN,NS4,Novi Sad 4 - Sever III,10.0,7714376136,1.2610528716483058,0.08089829962734875,capacity-balanced inferred shortest-path assignment on OSM streets; not an as-built feeder
SYN-2252,219386583,Liman,LIMAN,NS4,Novi Sad 4 - Sever III,10.0,13207437886,0.23186487164830555,0.08167275747378373,capacity-balanced inferred shortest-path assignment on OSM streets; not an as-built feeder
SYN-2256,219386583,Liman,LIMAN,NS4,Novi Sad 4 - Sever III,10.0,3551097103,0.15390587164830555,0.08167275747378373,capacity-balanced inferred shortest-path assignment on OSM streets; not an as-built feeder
SYN-2257,219386583,Liman,LIMAN,NS4,Novi Sad 4 - Sever III,10.0,13465345216,0.7618608716483056,0.08167275747378373,capacity-balanced inferred shortest-path assignment on OSM streets; not an as-built feeder
SYN-2258,219386583,Liman,LIMAN,NS4,Novi Sad 4 - Sever III,10.0,522036051,0.5645128716483055,0.08167275747378373,capacity-balanced inferred shortest-path assignment on OSM streets; not an as-built feeder
SYN-2259,219386583,Liman,LIMAN,NS4,Novi Sad 4 - Sever III,10.0,566185775,0.8289668716483056,0.08167275747378373,capacity-balanced inferred shortest-path assignment on OSM streets; not an as-built feeder
SYN-2260,219386583,Liman,LIMAN,NS4,Novi Sad 4 - Sever III,10.0,13059046948,0.7706188716483054,0.08167275747378373,capacity-balanced inferred shortest-path assignment on OSM streets; not an as-built feeder
SYN-2265,219386583,Liman,LIMAN,NS4,Novi Sad 4 - Sever III,10.0,566186302,0.42984587164830557,0.08167275747378373,capacity-balanced inferred shortest-path assignment on OSM streets; not an as-built feeder
SYN-2270,219386583,Liman,LIMAN,NS4,Novi Sad 4 - Sever III,10.0,522036051,0.5645128716483055,0.08167275747378373,capacity-balanced inferred shortest-path assignment on OSM streets; not an as-built feeder
SYN-2271,219386583,Liman,LIMAN,NS4,Novi Sad 4 - Sever III,10.0,11942846861,0.5581738716483056,0.08167275747378373,capacity-balanced inferred shortest-path assignment on OSM streets; not an as-built feeder
SYN-2273,219386583,Liman,LIMAN,NS4,Novi Sad 4 - Sever III,10.0,2312125578,0.6134518716483055,0.08167275747378373,capacity-balanced inferred shortest-path assignment on OSM streets; not an as-built feeder
SYN-2275,219386583,Liman,LIMAN,NS4,Novi Sad 4 - Sever III,10.0,1452373456,0.7419678716483056,0.08167275747378373,capacity-balanced inferred shortest-path assignment on OSM streets; not an as-built feeder
SYN-2276,219386583,Liman,LIMAN,NS4,Novi Sad 4 - Sever III,10.0,13207437886,0.23186487164830555,0.08167275747378373,capacity-balanced inferred shortest-path assignment on OSM streets; not an as-built feeder
SYN-2277,219386583,Liman,LIMAN,NS4,Novi Sad 4 - Sever III,10.0,11942846865,0.4718198716483055,0.08167275747378373,capacity-balanced inferred shortest-path assignment on OSM streets; not an as-built feeder
SYN-2279,219386583,Liman,LIMAN,NS4,Novi Sad 4 - Sever III,10.0,13465345216,0.7618608716483056,0.08167275747378373,capacity-balanced inferred shortest-path assignment on OSM streets; not an as-built feeder
SYN-2280,219386583,Liman,LIMAN,NS4,Novi Sad 4 - Sever III,10.0,2307005380,0.7318598716483055,0.08167275747378373,capacity-balanced inferred shortest-path assignment on OSM streets; not an as-built feeder
SYN-2282,219386583,Liman,LIMAN,NS4,Novi Sad 4 - Sever III,10.0,6054342593,0.3247358716483056,0.08167275747378373,capacity-balanced inferred shortest-path assignment on OSM streets; not an as-built feeder
SYN-2284,219386583,Liman,LIMAN,NS4,Novi Sad 4 - Sever III,10.0,13465345216,0.7618608716483056,0.08167275747378373,capacity-balanced inferred shortest-path assignment on OSM streets; not an as-built feeder
SYN-2285,219386583,Liman,LIMAN,NS4,Novi Sad 4 - Sever III,10.0,13358222086,0.33414987164830556,0.08167275747378373,capacity-balanced inferred shortest-path assignment on OSM streets; not an as-built feeder
SYN-2286,219386583,Liman,LIMAN,NS4,Novi Sad 4 - Sever III,10.0,11942846863,0.5135338716483056,0.08167275747378373,capacity-balanced inferred shortest-path assignment on OSM streets; not an as-built feeder
SYN-2287,219386583,Liman,LIMAN,NS4,Novi Sad 4 - Sever III,10.0,11942846865,0.4718198716483055,0.08167275747378373,capacity-balanced inferred shortest-path assignment on OSM streets; not an as-built feeder
SYN-2288,219386583,Liman,LIMAN,NS4,Novi Sad 4 - Sever III,10.0,1500986150,0.32606787164830553,0.08420619784139344,capacity-balanced inferred shortest-path assignment on OSM streets; not an as-built feeder
SYN-2289,219386583,Liman,LIMAN,NS4,Novi Sad 4 - Sever III,10.0,3551097097,0.14889087164830553,0.08420619784139344,capacity-balanced inferred shortest-path assignment on OSM streets; not an as-built feeder
SYN-2290,219386583,Liman,LIMAN,NS4,Novi Sad 4 - Sever III,10.0,7714350247,0.24855087164830553,0.08420619784139344,capacity-balanced inferred shortest-path assignment on OSM streets; not an as-built feeder
SYN-2291,219386583,Liman,LIMAN,NS4,Novi Sad 4 - Sever III,10.0,11591583463,0.48179387164830545,0.08420619784139344,capacity-balanced inferred shortest-path assignment on OSM streets; not an as-built feeder
SYN-2292,219386583,Liman,LIMAN,NS4,Novi Sad 4 - Sever III,10.0,13320041451,0.44851887164830545,0.08420619784139344,capacity-balanced inferred shortest-path assignment on OSM streets; not an as-built feeder
SYN-2293,219386583,Liman,LIMAN,NS4,Novi Sad 4 - Sever III,10.0,13320041451,0.44851887164830545,0.08420619784139344,capacity-balanced inferred shortest-path assignment on OSM streets; not an as-built feeder
SYN-2294,219386583,Liman,LIMAN,NS4,Novi Sad 4 - Sever III,10.0,1599718249,0.4761968716483055,0.08420619784139344,capacity-balanced inferred shortest-path assignment on OSM streets; not an as-built feeder
SYN-2295,219386583,Liman,LIMAN,NS4,Novi Sad 4 - Sever III,10.0,12908475886,0.35438187164830554,0.08420619784139344,capacity-balanced inferred shortest-path assignment on OSM streets; not an as-built feeder
SYN-2296,219386583,Liman,LIMAN,NS4,Novi Sad 4 - Sever III,10.0,11591583463,0.48179387164830545,0.08420619784139344,capacity-balanced inferred shortest-path assignment on OSM streets; not an as-built feeder
SYN-2297,219386583,Liman,LIMAN,NS4,Novi Sad 4 - Sever III,10.0,9447528501,0.9012658716483055,0.04994462925159619,capacity-balanced inferred shortest-path assignment on OSM streets; not an as-built feeder
SYN-0383,222835326,Centar,CENTAR,NS2,Novi Sad 2,10.0,2189624081,3.078838999999998,0.08109958028753993,capacity-balanced inferred shortest-path assignment on OSM streets; not an as-built feeder
SYN-0388,222835326,Centar,CENTAR,NS2,Novi Sad 2,10.0,380632350,2.852802999999998,0.08109958028753993,capacity-balanced inferred shortest-path assignment on OSM streets; not an as-built feeder
SYN-0403,222835326,Centar,CENTAR,NS2,Novi Sad 2,10.0,11390262024,4.048320999999999,0.08109958028753993,capacity-balanced inferred shortest-path assignment on OSM streets; not an as-built feeder
SYN-0410,222835326,Centar,CENTAR,NS2,Novi Sad 2,10.0,2189620607,2.392085999999999,0.08109958028753993,capacity-balanced inferred shortest-path assignment on OSM streets; not an as-built feeder
SYN-0426,222835326,Centar,CENTAR,NS2,Novi Sad 2,10.0,3953424196,2.6910079999999987,0.08109958028753993,capacity-balanced inferred shortest-path assignment on OSM streets; not an as-built feeder
SYN-0436,222835326,Centar,CENTAR,NS2,Novi Sad 2,10.0,11888442651,3.6144789999999993,0.08109958028753993,capacity-balanced inferred shortest-path assignment on OSM streets; not an as-built feeder
SYN-0446,222835326,Centar,CENTAR,NS2,Novi Sad 2,10.0,3972275926,2.9860539999999993,0.08109958028753993,capacity-balanced inferred shortest-path assignment on OSM streets; not an as-built feeder
SYN-0457,222835326,Centar,CENTAR,NS2,Novi Sad 2,10.0,1083543174,3.791373999999999,0.08109958028753993,capacity-balanced inferred shortest-path assignment on OSM streets; not an as-built feeder
SYN-0466,222835326,Centar,CENTAR,NS2,Novi Sad 2,10.0,6908815285,3.1108369999999996,0.08109958028753993,capacity-balanced inferred shortest-path assignment on OSM streets; not an as-built feeder
SYN-0475,222835326,Centar,CENTAR,NS2,Novi Sad 2,10.0,11346037267,3.1291230000000008,0.08109958028753993,capacity-balanced inferred shortest-path assignment on OSM streets; not an as-built feeder
SYN-0488,222835326,Centar,CENTAR,NS2,Novi Sad 2,10.0,3953460602,2.726766999999999,0.08109958028753993,capacity-balanced inferred shortest-path assignment on OSM streets; not an as-built feeder
SYN-0500,222835326,Centar,CENTAR,NS2,Novi Sad 2,10.0,1083543174,3.791373999999999,0.08109958028753993,capacity-balanced inferred shortest-path assignment on OSM streets; not an as-built feeder
SYN-0755,222835326,Centar,CENTAR,NS2,Novi Sad 2,10.0,60694385,4.032105999999999,0.08113866795441325,capacity-balanced inferred shortest-path assignment on OSM streets; not an as-built feeder
SYN-0779,222835326,Centar,CENTAR,NS2,Novi Sad 2,10.0,7046366977,4.721790999999998,0.08113866795441325,capacity-balanced inferred shortest-path assignment on OSM streets; not an as-built feeder
SYN-0989,222835326,Centar,CENTAR,NS2,Novi Sad 2,10.0,11900396348,1.1476469999999992,0.08275081835934446,capacity-balanced inferred shortest-path assignment on OSM streets; not an as-built feeder
SYN-1310,222835326,Centar,CENTAR,NS2,Novi Sad 2,10.0,11931467421,3.0630460000000004,0.08289884156787268,capacity-balanced inferred shortest-path assignment on OSM streets; not an as-built feeder
SYN-1316,222835326,Centar,CENTAR,NS2,Novi Sad 2,10.0,3616170975,2.784903,0.08254392043616059,capacity-balanced inferred shortest-path assignment on OSM streets; not an as-built feeder
SYN-1322,222835326,Centar,CENTAR,NS2,Novi Sad 2,10.0,3838966528,3.2108840000000005,0.08254392043616059,capacity-balanced inferred shortest-path assignment on OSM streets; not an as-built feeder
SYN-1328,222835326,Centar,CENTAR,NS2,Novi Sad 2,10.0,3856092280,2.505178,0.08254392043616059,capacity-balanced inferred shortest-path assignment on OSM streets; not an as-built feeder
SYN-1370,222835326,Centar,CENTAR,NS2,Novi Sad 2,10.0,1140885325,2.5739170000000002,0.08263500812547525,capacity-balanced inferred shortest-path assignment on OSM streets; not an as-built feeder
SYN-1396,222835326,Centar,CENTAR,NS2,Novi Sad 2,10.0,3830464108,2.179236,0.08430394237714357,capacity-balanced inferred shortest-path assignment on OSM streets; not an as-built feeder
SYN-1550,222835326,Centar,CENTAR,NS2,Novi Sad 2,10.0,3886446803,2.2691079999999997,0.08117171784003871,capacity-balanced inferred shortest-path assignment on OSM streets; not an as-built feeder
SYN-1555,222835326,Centar,CENTAR,NS2,Novi Sad 2,10.0,553504501,2.274608999999999,0.08117171784003871,capacity-balanced inferred shortest-path assignment on OSM streets; not an as-built feeder
SYN-1594,222835326,Centar,CENTAR,NS2,Novi Sad 2,10.0,2307096327,1.4906239999999995,0.08272913113356588,capacity-balanced inferred shortest-path assignment on OSM streets; not an as-built feeder
SYN-1599,222835326,Centar,CENTAR,NS2,Novi Sad 2,10.0,2315345364,1.427877,0.08272913113356588,capacity-balanced inferred shortest-path assignment on OSM streets; not an as-built feeder
SYN-1605,222835326,Centar,CENTAR,NS2,Novi Sad 2,10.0,3554815153,1.25653,0.08272913113356588,capacity-balanced inferred shortest-path assignment on OSM streets; not an as-built feeder
SYN-1608,222835326,Centar,CENTAR,NS2,Novi Sad 2,10.0,2989549203,1.2725339999999996,0.08272913113356588,capacity-balanced inferred shortest-path assignment on OSM streets; not an as-built feeder
SYN-1612,222835326,Centar,CENTAR,NS2,Novi Sad 2,10.0,3817169089,1.2228719999999995,0.08272913113356588,capacity-balanced inferred shortest-path assignment on OSM streets; not an as-built feeder
SYN-1625,222835326,Centar,CENTAR,NS2,Novi Sad 2,10.0,1618766369,1.325884,0.08240404737335648,capacity-balanced inferred shortest-path assignment on OSM streets; not an as-built feeder
SYN-1626,222835326,Centar,CENTAR,NS2,Novi Sad 2,10.0,249699013,1.3775420000000003,0.08240404737335648,capacity-balanced inferred shortest-path assignment on OSM streets; not an as-built feeder
SYN-1629,222835326,Centar,CENTAR,NS2,Novi Sad 2,10.0,12396688676,1.446435,0.08240404737335648,capacity-balanced inferred shortest-path assignment on OSM streets; not an as-built feeder
SYN-1632,222835326,Centar,CENTAR,NS2,Novi Sad 2,10.0,11964365141,1.5457369999999997,0.08240404737335648,capacity-balanced inferred shortest-path assignment on OSM streets; not an as-built feeder
SYN-1692,222835326,Centar,CENTAR,NS2,Novi Sad 2,10.0,1570040061,6.152328999999998,0.08116634730629697,capacity-balanced inferred shortest-path assignment on OSM streets; not an as-built feeder
SYN-1774,222835326,Centar,CENTAR,NS2,Novi Sad 2,10.0,2683255914,5.312559000000005,0.0830481951415349,capacity-balanced inferred shortest-path assignment on OSM streets; not an as-built feeder
SYN-1919,222835326,Centar,CENTAR,NS2,Novi Sad 2,10.0,848633669,0.245714,0.08051093796375626,capacity-balanced inferred shortest-path assignment on OSM streets; not an as-built feeder
SYN-1922,222835326,Centar,CENTAR,NS2,Novi Sad 2,10.0,1594773652,0.6656090000000001,0.08051093796375626,capacity-balanced inferred shortest-path assignment on OSM streets; not an as-built feeder
SYN-1932,222835326,Centar,CENTAR,NS2,Novi Sad 2,10.0,1607018140,0.31445100000000004,0.08249925277114939,capacity-balanced inferred shortest-path assignment on OSM streets; not an as-built feeder
SYN-2212,222835326,Centar,CENTAR,NS2,Novi Sad 2,10.0,6430933346,1.880208,0.08089829962734875,capacity-balanced inferred shortest-path assignment on OSM streets; not an as-built feeder
SYN-2220,222835326,Centar,CENTAR,NS2,Novi Sad 2,10.0,1533391355,1.6902240000000004,0.08089829962734875,capacity-balanced inferred shortest-path assignment on OSM streets; not an as-built feeder
SYN-2226,222835326,Centar,CENTAR,NS2,Novi Sad 2,10.0,1603486555,1.4521260000000005,0.08089829962734875,capacity-balanced inferred shortest-path assignment on OSM streets; not an as-built feeder
SYN-2230,222835326,Centar,CENTAR,NS2,Novi Sad 2,10.0,1603486555,1.4521260000000005,0.08089829962734875,capacity-balanced inferred shortest-path assignment on OSM streets; not an as-built feeder
SYN-2234,222835326,Centar,CENTAR,NS2,Novi Sad 2,10.0,1533949724,2.0352230000000002,0.08089829962734875,capacity-balanced inferred shortest-path assignment on OSM streets; not an as-built feeder
SYN-2242,222835326,Centar,CENTAR,NS2,Novi Sad 2,10.0,1541597927,1.8311579999999998,0.08089829962734875,capacity-balanced inferred shortest-path assignment on OSM streets; not an as-built feeder
SYN-2245,222835326,Centar,CENTAR,NS2,Novi Sad 2,10.0,6736620097,1.2634700000000005,0.08089829962734875,capacity-balanced inferred shortest-path assignment on OSM streets; not an as-built feeder
SYN-2253,222835326,Centar,CENTAR,NS2,Novi Sad 2,10.0,2307120588,0.830779,0.08167275747378373,capacity-balanced inferred shortest-path assignment on OSM streets; not an as-built feeder
SYN-2255,222835326,Centar,CENTAR,NS2,Novi Sad 2,10.0,11888583314,0.5813690000000001,0.08167275747378373,capacity-balanced inferred shortest-path assignment on OSM streets; not an as-built feeder
SYN-2263,222835326,Centar,CENTAR,NS2,Novi Sad 2,10.0,12308471532,0.5676800000000002,0.08167275747378373,capacity-balanced inferred shortest-path assignment on OSM streets; not an as-built feeder
SYN-2268,222835326,Centar,CENTAR,NS2,Novi Sad 2,10.0,12234020976,0.660613,0.08167275747378373,capacity-balanced inferred shortest-path assignment on OSM streets; not an as-built feeder
SYN-2274,222835326,Centar,CENTAR,NS2,Novi Sad 2,10.0,6063585747,0.5983220000000001,0.08167275747378373,capacity-balanced inferred shortest-path assignment on OSM streets; not an as-built feeder
SYN-2281,222835326,Centar,CENTAR,NS2,Novi Sad 2,10.0,567914387,0.59306,0.08167275747378373,capacity-balanced inferred shortest-path assignment on OSM streets; not an as-built feeder
SYN-0093,13476783676,Podbara,PODBARA,NS2,Novi Sad 2,10.0,11940710135,1.195212215412883,0.10034446908262076,capacity-balanced inferred shortest-path assignment on OSM streets; not an as-built feeder
SYN-0094,13476783676,Podbara,PODBARA,NS2,Novi Sad 2,10.0,1578026632,1.2597032154128833,0.10034446908262076,capacity-balanced inferred shortest-path assignment on OSM streets; not an as-built feeder
SYN-0095,13476783676,Podbara,PODBARA,NS2,Novi Sad 2,10.0,9947712244,0.7036652154128838,0.10034446908262076,capacity-balanced inferred shortest-path assignment on OSM streets; not an as-built feeder
SYN-0169,13476783676,Podbara,PODBARA,NS2,Novi Sad 2,10.0,12394342523,0.7359212154128839,0.057996731837817915,capacity-balanced inferred shortest-path assignment on OSM streets; not an as-built feeder
SYN-0205,13476783676,Podbara,PODBARA,NS2,Novi Sad 2,10.0,12413628849,1.5592691536543204,0.052865293857600366,capacity-balanced inferred shortest-path assignment on OSM streets; not an as-built feeder
SYN-0207,13476783676,Podbara,PODBARA,NS2,Novi Sad 2,10.0,13087945218,0.2384531536543209,0.047204820211477365,capacity-balanced inferred shortest-path assignment on OSM streets; not an as-built feeder
SYN-0208,13476783676,Podbara,PODBARA,NS2,Novi Sad 2,10.0,3832332688,0.7645091536543208,0.04463983370700092,capacity-balanced inferred shortest-path assignment on OSM streets; not an as-built feeder
SYN-0209,13476783676,Podbara,PODBARA,NS2,Novi Sad 2,10.0,3832295896,1.0144801536543209,0.04598573197214307,capacity-balanced inferred shortest-path assignment on OSM streets; not an as-built feeder
SYN-0237,13476783676,Podbara,PODBARA,NS2,Novi Sad 2,10.0,9363917447,1.5476691536543208,0.11288960822470104,capacity-balanced inferred shortest-path assignment on OSM streets; not an as-built feeder
SYN-0258,13476783676,Podbara,PODBARA,NS2,Novi Sad 2,10.0,3175714686,1.6507491536543206,0.08386703373228063,capacity-balanced inferred shortest-path assignment on OSM streets; not an as-built feeder
SYN-0272,13476783676,Podbara,PODBARA,NS2,Novi Sad 2,10.0,1573829824,1.7892141536543207,0.08876588049991732,capacity-balanced inferred shortest-path assignment on OSM streets; not an as-built feeder
SYN-0289,13476783676,Podbara,PODBARA,NS2,Novi Sad 2,10.0,3616172837,2.0341981536543208,0.12049467873897768,capacity-balanced inferred shortest-path assignment on OSM streets; not an as-built feeder
SYN-0599,13476783676,Podbara,PODBARA,NS2,Novi Sad 2,10.0,3218187320,3.684536153654321,0.08145478329174943,capacity-balanced inferred shortest-path assignment on OSM streets; not an as-built feeder
SYN-0605,13476783676,Podbara,PODBARA,NS2,Novi Sad 2,10.0,4821423703,4.209006153654321,0.08145478329174943,capacity-balanced inferred shortest-path assignment on OSM streets; not an as-built feeder
SYN-0617,13476783676,Podbara,PODBARA,NS2,Novi Sad 2,10.0,3616108130,2.9846291536543212,0.05023567920828269,capacity-balanced inferred shortest-path assignment on OSM streets; not an as-built feeder
SYN-0824,13476783676,Podbara,PODBARA,NS2,Novi Sad 2,10.0,10871144476,0.7131652154128838,0.11562571386452301,capacity-balanced inferred shortest-path assignment on OSM streets; not an as-built feeder
SYN-0827,13476783676,Podbara,PODBARA,NS2,Novi Sad 2,10.0,11946078367,1.0176451536543212,0.11978806489718649,capacity-balanced inferred shortest-path assignment on OSM streets; not an as-built feeder
SYN-0829,13476783676,Podbara,PODBARA,NS2,Novi Sad 2,10.0,3061845651,1.5263771536543207,0.05183331714941212,capacity-balanced inferred shortest-path assignment on OSM streets; not an as-built feeder
SYN-1088,13476783676,Podbara,PODBARA,NS2,Novi Sad 2,10.0,11940710129,1.0802462154128833,0.10964148263243213,capacity-balanced inferred shortest-path assignment on OSM streets; not an as-built feeder
SYN-1342,13476783676,Podbara,PODBARA,NS2,Novi Sad 2,10.0,3833898001,1.0026861536543212,0.08801340546635802,capacity-balanced inferred shortest-path assignment on OSM streets; not an as-built feeder
SYN-1347,13476783676,Podbara,PODBARA,NS2,Novi Sad 2,10.0,1453800180,1.1137091536543209,0.05256999978576584,capacity-balanced inferred shortest-path assignment on OSM streets; not an as-built feeder
SYN-1348,13476783676,Podbara,PODBARA,NS2,Novi Sad 2,10.0,13260387317,0.36100621541288375,0.08263500812547525,capacity-balanced inferred shortest-path assignment on OSM streets; not an as-built feeder
SYN-1349,13476783676,Podbara,PODBARA,NS2,Novi Sad 2,10.0,7563894234,0.49353215365432096,0.08263500812547525,capacity-balanced inferred shortest-path assignment on OSM streets; not an as-built feeder
SYN-1350,13476783676,Podbara,PODBARA,NS2,Novi Sad 2,10.0,12395670212,0.5320242154128837,0.08263500812547525,capacity-balanced inferred shortest-path assignment on OSM streets; not an as-built feeder
SYN-1352,13476783676,Podbara,PODBARA,NS2,Novi Sad 2,10.0,3834021161,0.689984153654321,0.08263500812547525,capacity-balanced inferred shortest-path assignment on OSM streets; not an as-built feeder
SYN-1354,13476783676,Podbara,PODBARA,NS2,Novi Sad 2,10.0,12395763094,0.4250982154128837,0.08263500812547525,capacity-balanced inferred shortest-path assignment on OSM streets; not an as-built feeder
SYN-1356,13476783676,Podbara,PODBARA,NS2,Novi Sad 2,10.0,13260494456,0.4613002154128838,0.08263500812547525,capacity-balanced inferred shortest-path assignment on OSM streets; not an as-built feeder
SYN-1360,13476783676,Podbara,PODBARA,NS2,Novi Sad 2,10.0,3016351044,0.558141153654321,0.08263500812547525,capacity-balanced inferred shortest-path assignment on OSM streets; not an as-built feeder
SYN-1361,13476783676,Podbara,PODBARA,NS2,Novi Sad 2,10.0,13260366845,0.21433721541288372,0.08263500812547525,capacity-balanced inferred shortest-path assignment on OSM streets; not an as-built feeder
SYN-1362,13476783676,Podbara,PODBARA,NS2,Novi Sad 2,10.0,13244595031,0.362112153654321,0.08263500812547525,capacity-balanced inferred shortest-path assignment on OSM streets; not an as-built feeder
SYN-1366,13476783676,Podbara,PODBARA,NS2,Novi Sad 2,10.0,12067207282,0.5558282154128837,0.08263500812547525,capacity-balanced inferred shortest-path assignment on OSM streets; not an as-built feeder
SYN-1368,13476783676,Podbara,PODBARA,NS2,Novi Sad 2,10.0,13260344602,0.2144122154128837,0.08263500812547525,capacity-balanced inferred shortest-path assignment on OSM streets; not an as-built feeder
SYN-1379,13476783676,Podbara,PODBARA,NS2,Novi Sad 2,10.0,3016584225,0.27000815365432096,0.08263500812547525,capacity-balanced inferred shortest-path assignment on OSM streets; not an as-built feeder
SYN-1381,13476783676,Podbara,PODBARA,NS2,Novi Sad 2,10.0,1140885266,3.121541288371094e-05,0.08263500812547525,capacity-balanced inferred shortest-path assignment on OSM streets; not an as-built feeder
SYN-1402,13476783676,Podbara,PODBARA,NS2,Novi Sad 2,10.0,2995231565,1.773101153654321,0.08483857152367327,capacity-balanced inferred shortest-path assignment on OSM streets; not an as-built feeder
SYN-1404,13476783676,Podbara,PODBARA,NS2,Novi Sad 2,10.0,11946124570,1.4091631536543212,0.08483857152367327,capacity-balanced inferred shortest-path assignment on OSM streets; not an as-built feeder
SYN-1408,13476783676,Podbara,PODBARA,NS2,Novi Sad 2,10.0,11931627462,1.4506151536543213,0.08483857152367327,capacity-balanced inferred shortest-path assignment on OSM streets; not an as-built feeder
SYN-1414,13476783676,Podbara,PODBARA,NS2,Novi Sad 2,10.0,944252985,2.3065571536543206,0.07990784606649247,capacity-balanced inferred shortest-path assignment on OSM streets; not an as-built feeder
SYN-1415,13476783676,Podbara,PODBARA,NS2,Novi Sad 2,10.0,12834993499,2.270333153654321,0.07990784606649247,capacity-balanced inferred shortest-path assignment on OSM streets; not an as-built feeder
SYN-1417,13476783676,Podbara,PODBARA,NS2,Novi Sad 2,10.0,944252849,2.121022153654321,0.07990784606649247,capacity-balanced inferred shortest-path assignment on OSM streets; not an as-built feeder
SYN-1419,13476783676,Podbara,PODBARA,NS2,Novi Sad 2,10.0,944252885,2.5847741536543203,0.07990784606649247,capacity-balanced inferred shortest-path assignment on OSM streets; not an as-built feeder
SYN-1421,13476783676,Podbara,PODBARA,NS2,Novi Sad 2,10.0,12834993498,2.231694153654321,0.07990784606649247,capacity-balanced inferred shortest-path assignment on OSM streets; not an as-built feeder
SYN-1424,13476783676,Podbara,PODBARA,NS2,Novi Sad 2,10.0,3612448063,3.8642391536543212,0.08072704908728653,capacity-balanced inferred shortest-path assignment on OSM streets; not an as-built feeder
SYN-1426,13476783676,Podbara,PODBARA,NS2,Novi Sad 2,10.0,1829023182,3.767161153654322,0.08072704908728653,capacity-balanced inferred shortest-path assignment on OSM streets; not an as-built feeder
SYN-1428,13476783676,Podbara,PODBARA,NS2,Novi Sad 2,10.0,1205713564,3.265512153654322,0.08072704908728653,capacity-balanced inferred shortest-path assignment on OSM streets; not an as-built feeder
SYN-1429,13476783676,Podbara,PODBARA,NS2,Novi Sad 2,10.0,1205713543,3.1550061536543215,0.08072704908728653,capacity-balanced inferred shortest-path assignment on OSM streets; not an as-built feeder
SYN-1431,13476783676,Podbara,PODBARA,NS2,Novi Sad 2,10.0,1205713564,3.265512153654322,0.08072704908728653,capacity-balanced inferred shortest-path assignment on OSM streets; not an as-built feeder
SYN-1432,13476783676,Podbara,PODBARA,NS2,Novi Sad 2,10.0,1829023182,3.767161153654322,0.08072704908728653,capacity-balanced inferred shortest-path assignment on OSM streets; not an as-built feeder
SYN-1434,13476783676,Podbara,PODBARA,NS2,Novi Sad 2,10.0,1829022974,3.4652931536543217,0.08072704908728653,capacity-balanced inferred shortest-path assignment on OSM streets; not an as-built feeder
SYN-1435,13476783676,Podbara,PODBARA,NS2,Novi Sad 2,10.0,10979462185,3.332844153654322,0.08072704908728653,capacity-balanced inferred shortest-path assignment on OSM streets; not an as-built feeder
SYN-1437,13476783676,Podbara,PODBARA,NS2,Novi Sad 2,10.0,3616227645,3.379973153654322,0.08072704908728653,capacity-balanced inferred shortest-path assignment on OSM streets; not an as-built feeder
SYN-1438,13476783676,Podbara,PODBARA,NS2,Novi Sad 2,10.0,1229618732,3.2187791536543213,0.08072704908728653,capacity-balanced inferred shortest-path assignment on OSM streets; not an as-built feeder
SYN-1440,13476783676,Podbara,PODBARA,NS2,Novi Sad 2,10.0,3616172859,2.871671153654322,0.08072704908728653,capacity-balanced inferred shortest-path assignment on OSM streets; not an as-built feeder
SYN-1449,13476783676,Podbara,PODBARA,NS2,Novi Sad 2,10.0,1205713564,3.265512153654322,0.08072704908728653,capacity-balanced inferred shortest-path assignment on OSM streets; not an as-built feeder
SYN-1450,13476783676,Podbara,PODBARA,NS2,Novi Sad 2,10.0,1205713605,3.1800101536543215,0.08072704908728653,capacity-balanced inferred shortest-path assignment on OSM streets; not an as-built feeder
SYN-1451,13476783676,Podbara,PODBARA,NS2,Novi Sad 2,10.0,1205713605,3.1800101536543215,0.08072704908728653,capacity-balanced inferred shortest-path assignment on OSM streets; not an as-built feeder
SYN-1489,13476783676,Podbara,PODBARA,NS2,Novi Sad 2,10.0,12920574822,4.455358153654322,0.08158438852918827,capacity-balanced inferred shortest-path assignment on OSM streets; not an as-built feeder
SYN-1497,13476783676,Podbara,PODBARA,NS2,Novi Sad 2,10.0,10979462201,4.121373153654321,0.08158438852918827,capacity-balanced inferred shortest-path assignment on OSM streets; not an as-built feeder
SYN-1634,13476783676,Podbara,PODBARA,NS2,Novi Sad 2,10.0,12396417740,1.4021252154128843,0.13571741769414697,capacity-balanced inferred shortest-path assignment on OSM streets; not an as-built feeder
SYN-1687,13476783676,Podbara,PODBARA,NS2,Novi Sad 2,10.0,3061990453,3.68386415365432,0.08116634730629697,capacity-balanced inferred shortest-path assignment on OSM streets; not an as-built feeder
SYN-1698,13476783676,Podbara,PODBARA,NS2,Novi Sad 2,10.0,1205664487,2.608059153654321,0.08404129195057779,capacity-balanced inferred shortest-path assignment on OSM streets; not an as-built feeder
SYN-1701,13476783676,Podbara,PODBARA,NS2,Novi Sad 2,10.0,1205664498,2.4435631536543214,0.08404129195057779,capacity-balanced inferred shortest-path assignment on OSM streets; not an as-built feeder
SYN-1702,13476783676,Podbara,PODBARA,NS2,Novi Sad 2,10.0,1205664487,2.608059153654321,0.08404129195057779,capacity-balanced inferred shortest-path assignment on OSM streets; not an as-built feeder
SYN-1708,13476783676,Podbara,PODBARA,NS2,Novi Sad 2,10.0,2524027922,3.264882153654321,0.08404129195057779,capacity-balanced inferred shortest-path assignment on OSM streets; not an as-built feeder
SYN-1710,13476783676,Podbara,PODBARA,NS2,Novi Sad 2,10.0,1205664487,2.608059153654321,0.08404129195057779,capacity-balanced inferred shortest-path assignment on OSM streets; not an as-built feeder
SYN-1724,13476783676,Podbara,PODBARA,NS2,Novi Sad 2,10.0,3216357046,3.0336131536543207,0.08201334189745285,capacity-balanced inferred shortest-path assignment on OSM streets; not an as-built feeder
SYN-1734,13476783676,Podbara,PODBARA,NS2,Novi Sad 2,10.0,3215617179,2.8840181536543206,0.08201334189745285,capacity-balanced inferred shortest-path assignment on OSM streets; not an as-built feeder
SYN-1753,13476783676,Podbara,PODBARA,NS2,Novi Sad 2,10.0,3215488162,2.7188631536543206,0.08201334189745285,capacity-balanced inferred shortest-path assignment on OSM streets; not an as-built feeder
SYN-1768,13476783676,Podbara,PODBARA,NS2,Novi Sad 2,10.0,2735418052,3.1662781536543205,0.0830481951415349,capacity-balanced inferred shortest-path assignment on OSM streets; not an as-built feeder
SYN-1968,13476783676,Podbara,PODBARA,NS2,Novi Sad 2,10.0,3014453733,0.5568861536543209,0.08411319576913935,capacity-balanced inferred shortest-path assignment on OSM streets; not an as-built feeder
SYN-1970,13476783676,Podbara,PODBARA,NS2,Novi Sad 2,10.0,11519202921,0.4497301536543209,0.08411319576913935,capacity-balanced inferred shortest-path assignment on OSM streets; not an as-built feeder
SYN-2019,13476783676,Podbara,PODBARA,NS2,Novi Sad 2,10.0,9301426491,1.241737153654321,0.04801213389338175,capacity-balanced inferred shortest-path assignment on OSM streets; not an as-built feeder
SYN-2020,13476783676,Podbara,PODBARA,NS2,Novi Sad 2,10.0,9363917426,1.261155153654321,0.11159101949289939,capacity-balanced inferred shortest-path assignment on OSM streets; not an as-built feeder
SYN-2161,13476783676,Podbara,PODBARA,NS2,Novi Sad 2,10.0,3863353395,1.691011153654321,0.09151293340624801,capacity-balanced inferred shortest-path assignment on OSM streets; not an as-built feeder
SYN-2162,13476783676,Podbara,PODBARA,NS2,Novi Sad 2,10.0,1563449495,1.609582153654321,0.09151293340624801,capacity-balanced inferred shortest-path assignment on OSM streets; not an as-built feeder
SYN-2163,13476783676,Podbara,PODBARA,NS2,Novi Sad 2,10.0,1563449556,1.6254511536543212,0.09151293340624801,capacity-balanced inferred shortest-path assignment on OSM streets; not an as-built feeder
SYN-2164,13476783676,Podbara,PODBARA,NS2,Novi Sad 2,10.0,1563449516,1.592431153654321,0.09151293340624801,capacity-balanced inferred shortest-path assignment on OSM streets; not an as-built feeder
SYN-2166,13476783676,Podbara,PODBARA,NS2,Novi Sad 2,10.0,1563449608,1.5508311536543213,0.09151293340624801,capacity-balanced inferred shortest-path assignment on OSM streets; not an as-built feeder
SYN-0076,1539728495,Sever,SEVER,NS2,Novi Sad 2,10.0,1574836339,0.793424,0.08211567805831187,capacity-balanced inferred shortest-path assignment on OSM streets; not an as-built feeder
SYN-0086,1539728495,Sever,SEVER,NS2,Novi Sad 2,10.0,1574827704,1.013362,0.08211567805831187,capacity-balanced inferred shortest-path assignment on OSM streets; not an as-built feeder
SYN-0179,1539728495,Sever,SEVER,NS2,Novi Sad 2,10.0,13409844254,2.2828129999999995,0.10160387506960962,capacity-balanced inferred shortest-path assignment on OSM streets; not an as-built feeder
SYN-0180,1539728495,Sever,SEVER,NS2,Novi Sad 2,10.0,9643376472,2.261182,0.10160387506960962,capacity-balanced inferred shortest-path assignment on OSM streets; not an as-built feeder
SYN-0183,1539728495,Sever,SEVER,NS2,Novi Sad 2,10.0,3728469737,0.8097960000000001,0.08130120928627742,capacity-balanced inferred shortest-path assignment on OSM streets; not an as-built feeder
SYN-0188,1539728495,Sever,SEVER,NS2,Novi Sad 2,10.0,3728469725,0.819934,0.08130120928627742,capacity-balanced inferred shortest-path assignment on OSM streets; not an as-built feeder
SYN-0194,1539728495,Sever,SEVER,NS2,Novi Sad 2,10.0,8594750561,0.8070680000000002,0.08130120928627742,capacity-balanced inferred shortest-path assignment on OSM streets; not an as-built feeder
SYN-0200,1539728495,Sever,SEVER,NS2,Novi Sad 2,10.0,8594750561,0.8070680000000002,0.08130120928627742,capacity-balanced inferred shortest-path assignment on OSM streets; not an as-built feeder
SYN-0578,1539728495,Sever,SEVER,NS2,Novi Sad 2,10.0,3057636362,2.9088410000000002,0.08021720711911454,capacity-balanced inferred shortest-path assignment on OSM streets; not an as-built feeder
SYN-0848,1539728495,Sever,SEVER,NS2,Novi Sad 2,10.0,11943418823,0.32138199999999995,0.07866666023110729,capacity-balanced inferred shortest-path assignment on OSM streets; not an as-built feeder
SYN-0850,1539728495,Sever,SEVER,NS2,Novi Sad 2,10.0,1574836239,0.400839,0.07866666023110729,capacity-balanced inferred shortest-path assignment on OSM streets; not an as-built feeder
SYN-0851,1539728495,Sever,SEVER,NS2,Novi Sad 2,10.0,1574836239,0.400839,0.07866666023110729,capacity-balanced inferred shortest-path assignment on OSM streets; not an as-built feeder
SYN-0852,1539728495,Sever,SEVER,NS2,Novi Sad 2,10.0,7548611252,0.44571999999999995,0.07866666023110729,capacity-balanced inferred shortest-path assignment on OSM streets; not an as-built feeder
SYN-0853,1539728495,Sever,SEVER,NS2,Novi Sad 2,10.0,7548611252,0.44571999999999995,0.07866666023110729,capacity-balanced inferred shortest-path assignment on OSM streets; not an as-built feeder
SYN-0854,1539728495,Sever,SEVER,NS2,Novi Sad 2,10.0,7548634994,0.448716,0.07603893455430819,capacity-balanced inferred shortest-path assignment on OSM streets; not an as-built feeder
SYN-0855,1539728495,Sever,SEVER,NS2,Novi Sad 2,10.0,7548634995,0.30945000000000006,0.07603893455430819,capacity-balanced inferred shortest-path assignment on OSM streets; not an as-built feeder
SYN-0857,1539728495,Sever,SEVER,NS2,Novi Sad 2,10.0,12620610822,0.63582,0.08228888918876397,capacity-balanced inferred shortest-path assignment on OSM streets; not an as-built feeder
SYN-0858,1539728495,Sever,SEVER,NS2,Novi Sad 2,10.0,9643411589,0.7798430000000001,0.08228888918876397,capacity-balanced inferred shortest-path assignment on OSM streets; not an as-built feeder
SYN-0863,1539728495,Sever,SEVER,NS2,Novi Sad 2,10.0,14026896178,0.47143700000000005,0.08228888918876397,capacity-balanced inferred shortest-path assignment on OSM streets; not an as-built feeder
SYN-0884,1539728495,Sever,SEVER,NS2,Novi Sad 2,10.0,9204791925,1.089207,0.11755862788743901,capacity-balanced inferred shortest-path assignment on OSM streets; not an as-built feeder
SYN-0892,1539728495,Sever,SEVER,NS2,Novi Sad 2,10.0,14027369444,1.349666,0.09098461976315418,capacity-balanced inferred shortest-path assignment on OSM streets; not an as-built feeder
SYN-0897,1539728495,Sever,SEVER,NS2,Novi Sad 2,10.0,14027369447,1.3230060000000001,0.09299170752748526,capacity-balanced inferred shortest-path assignment on OSM streets; not an as-built feeder
SYN-0898,1539728495,Sever,SEVER,NS2,Novi Sad 2,10.0,1574827701,1.3444459999999998,0.08442534426558557,capacity-balanced inferred shortest-path assignment on OSM streets; not an as-built feeder
SYN-0922,1539728495,Sever,SEVER,NS2,Novi Sad 2,10.0,3768673008,1.6974879999999997,0.084558305750245,capacity-balanced inferred shortest-path assignment on OSM streets; not an as-built feeder
SYN-0925,1539728495,Sever,SEVER,NS2,Novi Sad 2,10.0,14027369535,1.6435309999999996,0.084558305750245,capacity-balanced inferred shortest-path assignment on OSM streets; not an as-built feeder
SYN-0963,1539728495,Sever,SEVER,NS2,Novi Sad 2,10.0,1574826286,2.2048559999999995,0.10156705698141293,capacity-balanced inferred shortest-path assignment on OSM streets; not an as-built feeder
SYN-0964,1539728495,Sever,SEVER,NS2,Novi Sad 2,10.0,1574826293,2.083099,0.10156705698141293,capacity-balanced inferred shortest-path assignment on OSM streets; not an as-built feeder
SYN-0972,1539728495,Sever,SEVER,NS2,Novi Sad 2,10.0,1574827748,1.8237309999999998,0.08446176109665789,capacity-balanced inferred shortest-path assignment on OSM streets; not an as-built feeder
SYN-0976,1539728495,Sever,SEVER,NS2,Novi Sad 2,10.0,14026896147,1.3465209999999996,0.08671067615566586,capacity-balanced inferred shortest-path assignment on OSM streets; not an as-built feeder
SYN-0978,1539728495,Sever,SEVER,NS2,Novi Sad 2,10.0,11931789130,1.4812879999999997,0.08671067615566586,capacity-balanced inferred shortest-path assignment on OSM streets; not an as-built feeder
SYN-0981,1539728495,Sever,SEVER,NS2,Novi Sad 2,10.0,1574827707,1.0441479999999999,0.09097452145896895,capacity-balanced inferred shortest-path assignment on OSM streets; not an as-built feeder
SYN-0982,1539728495,Sever,SEVER,NS2,Novi Sad 2,10.0,1574827976,1.244922,0.09097452145896895,capacity-balanced inferred shortest-path assignment on OSM streets; not an as-built feeder
SYN-0983,1539728495,Sever,SEVER,NS2,Novi Sad 2,10.0,1574828092,1.3491739999999999,0.09097452145896895,capacity-balanced inferred shortest-path assignment on OSM streets; not an as-built feeder
SYN-0984,1539728495,Sever,SEVER,NS2,Novi Sad 2,10.0,7044215300,1.252236,0.09097452145896895,capacity-balanced inferred shortest-path assignment on OSM streets; not an as-built feeder
SYN-0985,1539728495,Sever,SEVER,NS2,Novi Sad 2,10.0,9643417732,1.3062599999999998,0.09097452145896895,capacity-balanced inferred shortest-path assignment on OSM streets; not an as-built feeder
SYN-1425,1539728495,Sever,SEVER,NS2,Novi Sad 2,10.0,7288029344,2.193359000000001,0.08072704908728653,capacity-balanced inferred shortest-path assignment on OSM streets; not an as-built feeder
SYN-1436,1539728495,Sever,SEVER,NS2,Novi Sad 2,10.0,1829023180,2.4545310000000002,0.08072704908728653,capacity-balanced inferred shortest-path assignment on OSM streets; not an as-built feeder
SYN-1444,1539728495,Sever,SEVER,NS2,Novi Sad 2,10.0,3616227645,2.566346,0.08072704908728653,capacity-balanced inferred shortest-path assignment on OSM streets; not an as-built feeder
SYN-1452,1539728495,Sever,SEVER,NS2,Novi Sad 2,10.0,3616227629,2.39298,0.08072704908728653,capacity-balanced inferred shortest-path assignment on OSM streets; not an as-built feeder
SYN-1678,1539728495,Sever,SEVER,NS2,Novi Sad 2,10.0,3633638425,2.703446,0.08116634730629697,capacity-balanced inferred shortest-path assignment on OSM streets; not an as-built feeder
SYN-1697,1539728495,Sever,SEVER,NS2,Novi Sad 2,10.0,3607737848,2.557198,0.12320211547522061,capacity-balanced inferred shortest-path assignment on OSM streets; not an as-built feeder
SYN-1887,1539728495,Sever,SEVER,NS2,Novi Sad 2,10.0,7548634990,0.560301,0.08202108293031513,capacity-balanced inferred shortest-path assignment on OSM streets; not an as-built feeder
SYN-1891,1539728495,Sever,SEVER,NS2,Novi Sad 2,10.0,14026896172,0.880172,0.08202108293031513,capacity-balanced inferred shortest-path assignment on OSM streets; not an as-built feeder
SYN-1893,1539728495,Sever,SEVER,NS2,Novi Sad 2,10.0,1574836490,0.6216360000000001,0.08202108293031513,capacity-balanced inferred shortest-path assignment on OSM streets; not an as-built feeder
SYN-2169,1539728495,Sever,SEVER,NS2,Novi Sad 2,10.0,14019825589,0.488754,0.08000267310187918,capacity-balanced inferred shortest-path assignment on OSM streets; not an as-built feeder
SYN-2170,1539728495,Sever,SEVER,NS2,Novi Sad 2,10.0,1574836295,0.519303,0.08000267310187918,capacity-balanced inferred shortest-path assignment on OSM streets; not an as-built feeder
SYN-2171,1539728495,Sever,SEVER,NS2,Novi Sad 2,10.0,7548650521,0.6375460000000001,0.08000267310187918,capacity-balanced inferred shortest-path assignment on OSM streets; not an as-built feeder
SYN-2172,1539728495,Sever,SEVER,NS2,Novi Sad 2,10.0,1574836242,0.44738300000000003,0.08000267310187918,capacity-balanced inferred shortest-path assignment on OSM streets; not an as-built feeder
SYN-2189,1539728495,Sever,SEVER,NS2,Novi Sad 2,10.0,1574836447,0.6739860000000001,0.11526691829636729,capacity-balanced inferred shortest-path assignment on OSM streets; not an as-built feeder
SYN-0088,1346366291,Industrijska,IND,NS2,Novi Sad 2,10.0,14026897815,0.7796368274694389,0.08397608311743054,capacity-balanced inferred shortest-path assignment on OSM streets; not an as-built feeder
SYN-0089,1346366291,Industrijska,IND,NS2,Novi Sad 2,10.0,14026897815,0.7796368274694389,0.08397608311743054,capacity-balanced inferred shortest-path assignment on OSM streets; not an as-built feeder
SYN-0090,1346366291,Industrijska,IND,NS2,Novi Sad 2,10.0,14026897832,0.9362248274694389,0.08397608311743054,capacity-balanced inferred shortest-path assignment on OSM streets; not an as-built feeder
SYN-0091,1346366291,Industrijska,IND,NS2,Novi Sad 2,10.0,14026897809,0.9002688274694387,0.08397608311743054,capacity-balanced inferred shortest-path assignment on OSM streets; not an as-built feeder
SYN-0147,1346366291,Industrijska,IND,NS2,Novi Sad 2,10.0,2894822528,2.0623528274694385,0.08650735175498854,capacity-balanced inferred shortest-path assignment on OSM streets; not an as-built feeder
SYN-0152,1346366291,Industrijska,IND,NS2,Novi Sad 2,10.0,2894822528,2.0623528274694385,0.08650735175498854,capacity-balanced inferred shortest-path assignment on OSM streets; not an as-built feeder
SYN-0181,1346366291,Industrijska,IND,NS2,Novi Sad 2,10.0,2894822519,2.232898827469439,0.10160387506960962,capacity-balanced inferred shortest-path assignment on OSM streets; not an as-built feeder
SYN-0186,1346366291,Industrijska,IND,NS2,Novi Sad 2,10.0,3728481185,1.1763608274694388,0.08130120928627742,capacity-balanced inferred shortest-path assignment on OSM streets; not an as-built feeder
SYN-0193,1346366291,Industrijska,IND,NS2,Novi Sad 2,10.0,2262088575,1.160564827469439,0.08130120928627742,capacity-balanced inferred shortest-path assignment on OSM streets; not an as-built feeder
SYN-0202,1346366291,Industrijska,IND,NS2,Novi Sad 2,10.0,944252648,1.2796138274694384,0.10475537982435774,capacity-balanced inferred shortest-path assignment on OSM streets; not an as-built feeder
SYN-0203,1346366291,Industrijska,IND,NS2,Novi Sad 2,10.0,944252770,1.3232768274694389,0.11673849744218165,capacity-balanced inferred shortest-path assignment on OSM streets; not an as-built feeder
SYN-0204,1346366291,Industrijska,IND,NS2,Novi Sad 2,10.0,3858904249,0.43155582746943877,0.12197613692317108,capacity-balanced inferred shortest-path assignment on OSM streets; not an as-built feeder
SYN-0206,1346366291,Industrijska,IND,NS2,Novi Sad 2,10.0,8223260279,0.5848748274694388,0.11339243131848241,capacity-balanced inferred shortest-path assignment on OSM streets; not an as-built feeder
SYN-0213,1346366291,Industrijska,IND,NS2,Novi Sad 2,10.0,7026423885,2.6630748274694382,0.09019443793317855,capacity-balanced inferred shortest-path assignment on OSM streets; not an as-built feeder
SYN-0238,1346366291,Industrijska,IND,NS2,Novi Sad 2,10.0,3833941615,1.4245138274694389,0.11288960822470104,capacity-balanced inferred shortest-path assignment on OSM streets; not an as-built feeder
SYN-0585,1346366291,Industrijska,IND,NS2,Novi Sad 2,10.0,3589585372,2.277229827469438,0.09478847011152351,capacity-balanced inferred shortest-path assignment on OSM streets; not an as-built feeder
SYN-0807,1346366291,Industrijska,IND,NS2,Novi Sad 2,10.0,12452974613,0.6351498274694389,0.08058300563545519,capacity-balanced inferred shortest-path assignment on OSM streets; not an as-built feeder
SYN-0808,1346366291,Industrijska,IND,NS2,Novi Sad 2,10.0,13888608885,0.720435827469439,0.08058300563545519,capacity-balanced inferred shortest-path assignment on OSM streets; not an as-built feeder
SYN-0809,1346366291,Industrijska,IND,NS2,Novi Sad 2,10.0,14135984155,0.6452270945410834,0.08058300563545519,capacity-balanced inferred shortest-path assignment on OSM streets; not an as-built feeder
SYN-0810,1346366291,Industrijska,IND,NS2,Novi Sad 2,10.0,13888608886,0.696913827469439,0.08058300563545519,capacity-balanced inferred shortest-path assignment on OSM streets; not an as-built feeder
SYN-0816,1346366291,Industrijska,IND,NS2,Novi Sad 2,10.0,1215613343,0.3038638274694388,0.13006257742124322,capacity-balanced inferred shortest-path assignment on OSM streets; not an as-built feeder
SYN-0830,1346366291,Industrijska,IND,NS2,Novi Sad 2,10.0,11931663270,1.1109418274694385,0.08922754373619428,capacity-balanced inferred shortest-path assignment on OSM streets; not an as-built feeder
SYN-0833,1346366291,Industrijska,IND,NS2,Novi Sad 2,10.0,11931627426,1.0585058274694388,0.08922754373619428,capacity-balanced inferred shortest-path assignment on OSM streets; not an as-built feeder
SYN-0837,1346366291,Industrijska,IND,NS2,Novi Sad 2,10.0,12413628850,0.3844728274694388,0.10322218534186797,capacity-balanced inferred shortest-path assignment on OSM streets; not an as-built feeder
SYN-0839,1346366291,Industrijska,IND,NS2,Novi Sad 2,10.0,2994456183,0.8108228274694386,0.030702732129300147,capacity-balanced inferred shortest-path assignment on OSM streets; not an as-built feeder
SYN-0840,1346366291,Industrijska,IND,NS2,Novi Sad 2,10.0,7467446965,0.7814498274694388,0.10639659700506215,capacity-balanced inferred shortest-path assignment on OSM streets; not an as-built feeder
SYN-0845,1346366291,Industrijska,IND,NS2,Novi Sad 2,10.0,14026896199,1.0217838274694386,0.0822290042051808,capacity-balanced inferred shortest-path assignment on OSM streets; not an as-built feeder
SYN-0847,1346366291,Industrijska,IND,NS2,Novi Sad 2,10.0,14026897801,0.9851538274694387,0.0822290042051808,capacity-balanced inferred shortest-path assignment on OSM streets; not an as-built feeder
SYN-1339,1346366291,Industrijska,IND,NS2,Novi Sad 2,10.0,13476980630,0.6102268274694388,0.08801340546635802,capacity-balanced inferred shortest-path assignment on OSM streets; not an as-built feeder
SYN-1340,1346366291,Industrijska,IND,NS2,Novi Sad 2,10.0,12736137389,0.9682908274694388,0.08801340546635802,capacity-balanced inferred shortest-path assignment on OSM streets; not an as-built feeder
SYN-1341,1346366291,Industrijska,IND,NS2,Novi Sad 2,10.0,3653006443,0.6141318274694388,0.08801340546635802,capacity-balanced inferred shortest-path assignment on OSM streets; not an as-built feeder
SYN-1343,1346366291,Industrijska,IND,NS2,Novi Sad 2,10.0,11931663286,0.7475778274694387,0.08801340546635802,capacity-balanced inferred shortest-path assignment on OSM streets; not an as-built feeder
SYN-1344,1346366291,Industrijska,IND,NS2,Novi Sad 2,10.0,1215613350,0.5747538274694388,0.08801340546635802,capacity-balanced inferred shortest-path assignment on OSM streets; not an as-built feeder
SYN-1399,1346366291,Industrijska,IND,NS2,Novi Sad 2,10.0,3860591869,0.7183338274694386,0.08483857152367327,capacity-balanced inferred shortest-path assignment on OSM streets; not an as-built feeder
SYN-1400,1346366291,Industrijska,IND,NS2,Novi Sad 2,10.0,944253046,0.6757488274694387,0.08483857152367327,capacity-balanced inferred shortest-path assignment on OSM streets; not an as-built feeder
SYN-1401,1346366291,Industrijska,IND,NS2,Novi Sad 2,10.0,944252992,0.8282158274694389,0.08483857152367327,capacity-balanced inferred shortest-path assignment on OSM streets; not an as-built feeder
SYN-1403,1346366291,Industrijska,IND,NS2,Novi Sad 2,10.0,944252819,0.6528138274694386,0.08483857152367327,capacity-balanced inferred shortest-path assignment on OSM streets; not an as-built feeder
SYN-1407,1346366291,Industrijska,IND,NS2,Novi Sad 2,10.0,3860611250,0.5621568274694386,0.08483857152367327,capacity-balanced inferred shortest-path assignment on OSM streets; not an as-built feeder
SYN-1409,1346366291,Industrijska,IND,NS2,Novi Sad 2,10.0,944252689,0.6307968274694387,0.08483857152367327,capacity-balanced inferred shortest-path assignment on OSM streets; not an as-built feeder
SYN-1411,1346366291,Industrijska,IND,NS2,Novi Sad 2,10.0,944252661,1.1227778274694387,0.07990784606649247,capacity-balanced inferred shortest-path assignment on OSM streets; not an as-built feeder
SYN-1412,1346366291,Industrijska,IND,NS2,Novi Sad 2,10.0,2999526217,1.3144558274694382,0.07990784606649247,capacity-balanced inferred shortest-path assignment on OSM streets; not an as-built feeder
SYN-1413,1346366291,Industrijska,IND,NS2,Novi Sad 2,10.0,944252882,0.9071048274694388,0.07990784606649247,capacity-balanced inferred shortest-path assignment on OSM streets; not an as-built feeder
SYN-1416,1346366291,Industrijska,IND,NS2,Novi Sad 2,10.0,944252939,1.2422718274694386,0.07990784606649247,capacity-balanced inferred shortest-path assignment on OSM streets; not an as-built feeder
SYN-1418,1346366291,Industrijska,IND,NS2,Novi Sad 2,10.0,944252985,1.0197878274694387,0.07990784606649247,capacity-balanced inferred shortest-path assignment on OSM streets; not an as-built feeder
SYN-1420,1346366291,Industrijska,IND,NS2,Novi Sad 2,10.0,944252985,1.0197878274694387,0.07990784606649247,capacity-balanced inferred shortest-path assignment on OSM streets; not an as-built feeder
SYN-1423,1346366291,Industrijska,IND,NS2,Novi Sad 2,10.0,9643417214,1.0102448274694387,0.07990784606649247,capacity-balanced inferred shortest-path assignment on OSM streets; not an as-built feeder
SYN-1427,1346366291,Industrijska,IND,NS2,Novi Sad 2,10.0,7288029344,1.988984827469439,0.08072704908728653,capacity-balanced inferred shortest-path assignment on OSM streets; not an as-built feeder
SYN-1430,1346366291,Industrijska,IND,NS2,Novi Sad 2,10.0,9755780238,1.9082468274694389,0.08072704908728653,capacity-balanced inferred shortest-path assignment on OSM streets; not an as-built feeder
SYN-1441,1346366291,Industrijska,IND,NS2,Novi Sad 2,10.0,1829023135,2.5825488274694384,0.08072704908728653,capacity-balanced inferred shortest-path assignment on OSM streets; not an as-built feeder
SYN-1443,1346366291,Industrijska,IND,NS2,Novi Sad 2,10.0,1234225999,2.1507038274694392,0.08072704908728653,capacity-balanced inferred shortest-path assignment on OSM streets; not an as-built feeder
SYN-1445,1346366291,Industrijska,IND,NS2,Novi Sad 2,10.0,12981824349,1.966390827469439,0.08072704908728653,capacity-balanced inferred shortest-path assignment on OSM streets; not an as-built feeder
SYN-1446,1346366291,Industrijska,IND,NS2,Novi Sad 2,10.0,2894822528,2.0623528274694385,0.08072704908728653,capacity-balanced inferred shortest-path assignment on OSM streets; not an as-built feeder
SYN-1459,1346366291,Industrijska,IND,NS2,Novi Sad 2,10.0,1234226043,3.2122608274694393,0.08158438852918827,capacity-balanced inferred shortest-path assignment on OSM streets; not an as-built feeder
SYN-1462,1346366291,Industrijska,IND,NS2,Novi Sad 2,10.0,12920574855,3.612038827469439,0.08158438852918827,capacity-balanced inferred shortest-path assignment on OSM streets; not an as-built feeder
SYN-1465,1346366291,Industrijska,IND,NS2,Novi Sad 2,10.0,12920574854,3.6720058274694387,0.08158438852918827,capacity-balanced inferred shortest-path assignment on OSM streets; not an as-built feeder
SYN-1471,1346366291,Industrijska,IND,NS2,Novi Sad 2,10.0,3610457611,3.2469928274694384,0.08158438852918827,capacity-balanced inferred shortest-path assignment on OSM streets; not an as-built feeder
SYN-1481,1346366291,Industrijska,IND,NS2,Novi Sad 2,10.0,11348335906,3.51970882746944,0.08158438852918827,capacity-balanced inferred shortest-path assignment on OSM streets; not an as-built feeder
SYN-1485,1346366291,Industrijska,IND,NS2,Novi Sad 2,10.0,11890743191,3.1975768274694394,0.08158438852918827,capacity-balanced inferred shortest-path assignment on OSM streets; not an as-built feeder
SYN-1486,1346366291,Industrijska,IND,NS2,Novi Sad 2,10.0,12920574848,3.63213782746944,0.08158438852918827,capacity-balanced inferred shortest-path assignment on OSM streets; not an as-built feeder
SYN-1488,1346366291,Industrijska,IND,NS2,Novi Sad 2,10.0,13530309839,3.5015778274694402,0.08158438852918827,capacity-balanced inferred shortest-path assignment on OSM streets; not an as-built feeder
SYN-1636,1346366291,Industrijska,IND,NS2,Novi Sad 2,10.0,3061990456,2.5089538274694387,0.08116634730629697,capacity-balanced inferred shortest-path assignment on OSM streets; not an as-built feeder
SYN-1637,1346366291,Industrijska,IND,NS2,Novi Sad 2,10.0,12981824375,2.7410788274694387,0.08116634730629697,capacity-balanced inferred shortest-path assignment on OSM streets; not an as-built feeder
SYN-1638,1346366291,Industrijska,IND,NS2,Novi Sad 2,10.0,7026423825,2.5436848274694386,0.08116634730629697,capacity-balanced inferred shortest-path assignment on OSM streets; not an as-built feeder
SYN-1639,1346366291,Industrijska,IND,NS2,Novi Sad 2,10.0,1570034566,3.0883338274694387,0.08116634730629697,capacity-balanced inferred shortest-path assignment on OSM streets; not an as-built feeder
SYN-1642,1346366291,Industrijska,IND,NS2,Novi Sad 2,10.0,903506696,2.5949498274694394,0.08116634730629697,capacity-balanced inferred shortest-path assignment on OSM streets; not an as-built feeder
SYN-1648,1346366291,Industrijska,IND,NS2,Novi Sad 2,10.0,903506470,3.0698138274694386,0.08116634730629697,capacity-balanced inferred shortest-path assignment on OSM streets; not an as-built feeder
SYN-1654,1346366291,Industrijska,IND,NS2,Novi Sad 2,10.0,3068199242,2.856066827469439,0.08116634730629697,capacity-balanced inferred shortest-path assignment on OSM streets; not an as-built feeder
SYN-1661,1346366291,Industrijska,IND,NS2,Novi Sad 2,10.0,3589585373,2.3000478274694385,0.08116634730629697,capacity-balanced inferred shortest-path assignment on OSM streets; not an as-built feeder
SYN-1670,1346366291,Industrijska,IND,NS2,Novi Sad 2,10.0,903506604,2.3744988274694383,0.08116634730629697,capacity-balanced inferred shortest-path assignment on OSM streets; not an as-built feeder
SYN-1680,1346366291,Industrijska,IND,NS2,Novi Sad 2,10.0,3061990456,2.5089538274694387,0.08116634730629697,capacity-balanced inferred shortest-path assignment on OSM streets; not an as-built feeder
SYN-1694,1346366291,Industrijska,IND,NS2,Novi Sad 2,10.0,3589711759,2.8585878274694387,0.08116634730629697,capacity-balanced inferred shortest-path assignment on OSM streets; not an as-built feeder
SYN-1704,1346366291,Industrijska,IND,NS2,Novi Sad 2,10.0,13409844254,2.0784388274694385,0.08404129195057779,capacity-balanced inferred shortest-path assignment on OSM streets; not an as-built feeder
SYN-1726,1346366291,Industrijska,IND,NS2,Novi Sad 2,10.0,10979449104,2.3547688274694387,0.08201334189745285,capacity-balanced inferred shortest-path assignment on OSM streets; not an as-built feeder
SYN-1738,1346366291,Industrijska,IND,NS2,Novi Sad 2,10.0,3641479210,2.644336827469438,0.08201334189745285,capacity-balanced inferred shortest-path assignment on OSM streets; not an as-built feeder
SYN-1757,1346366291,Industrijska,IND,NS2,Novi Sad 2,10.0,1205713485,2.435595827469438,0.08201334189745285,capacity-balanced inferred shortest-path assignment on OSM streets; not an as-built feeder
SYN-1850,1346366291,Industrijska,IND,NS2,Novi Sad 2,10.0,1570040237,3.6814318274694386,0.1320104210369253,capacity-balanced inferred shortest-path assignment on OSM streets; not an as-built feeder
SYN-1885,1346366291,Industrijska,IND,NS2,Novi Sad 2,10.0,1570039564,2.8425178274694383,0.1305934834979249,capacity-balanced inferred shortest-path assignment on OSM streets; not an as-built feeder
SYN-1899,1346366291,Industrijska,IND,NS2,Novi Sad 2,10.0,12803357083,1.2813098274694386,0.08202108293031513,capacity-balanced inferred shortest-path assignment on OSM streets; not an as-built feeder
SYN-1904,1346366291,Industrijska,IND,NS2,Novi Sad 2,10.0,1281259612,0.40614282746943875,0.0815636813407457,capacity-balanced inferred shortest-path assignment on OSM streets; not an as-built feeder
SYN-1905,1346366291,Industrijska,IND,NS2,Novi Sad 2,10.0,1281259901,0.2691408274694387,0.0815636813407457,capacity-balanced inferred shortest-path assignment on OSM streets; not an as-built feeder
SYN-2136,1346366291,Industrijska,IND,NS2,Novi Sad 2,10.0,1574841730,0.46742582746943867,0.09998211266144226,capacity-balanced inferred shortest-path assignment on OSM streets; not an as-built feeder
SYN-2137,1346366291,Industrijska,IND,NS2,Novi Sad 2,10.0,1574841718,0.4254358274694387,0.09998211266144226,capacity-balanced inferred shortest-path assignment on OSM streets; not an as-built feeder
SYN-2138,1346366291,Industrijska,IND,NS2,Novi Sad 2,10.0,1574841718,0.4254358274694387,0.09998211266144226,capacity-balanced inferred shortest-path assignment on OSM streets; not an as-built feeder
SYN-2165,1346366291,Industrijska,IND,NS2,Novi Sad 2,10.0,3736252323,1.391604827469439,0.09151293340624801,capacity-balanced inferred shortest-path assignment on OSM streets; not an as-built feeder
SYN-2186,1346366291,Industrijska,IND,NS2,Novi Sad 2,10.0,12849843188,0.0,0.02822400680671014,capacity-balanced inferred shortest-path assignment on OSM streets; not an as-built feeder
SYN-2399,1346366291,Industrijska,IND,NS2,Novi Sad 2,10.0,1574841762,0.8347098274694389,0.08322368687178594,capacity-balanced inferred shortest-path assignment on OSM streets; not an as-built feeder
SYN-2400,1346366291,Industrijska,IND,NS2,Novi Sad 2,10.0,1574841739,0.8536928274694384,0.08322368687178594,capacity-balanced inferred shortest-path assignment on OSM streets; not an as-built feeder
SYN-2404,1346366291,Industrijska,IND,NS2,Novi Sad 2,10.0,1553013675,0.7118368274694387,0.08322368687178594,capacity-balanced inferred shortest-path assignment on OSM streets; not an as-built feeder
SYN-0020,197685483,Telep,TELEP,NS4,Novi Sad 4 - Sever III,10.0,7548071095,3.0052339999999997,0.08130101849576775,capacity-balanced inferred shortest-path assignment on OSM streets; not an as-built feeder
SYN-0025,197685483,Telep,TELEP,NS4,Novi Sad 4 - Sever III,10.0,9193977723,2.897137999999999,0.08130101849576775,capacity-balanced inferred shortest-path assignment on OSM streets; not an as-built feeder
SYN-0030,197685483,Telep,TELEP,NS4,Novi Sad 4 - Sever III,10.0,3652678310,2.919958999999999,0.08130101849576775,capacity-balanced inferred shortest-path assignment on OSM streets; not an as-built feeder
SYN-0034,197685483,Telep,TELEP,NS4,Novi Sad 4 - Sever III,10.0,11940476322,3.1654050000000002,0.08130101849576775,capacity-balanced inferred shortest-path assignment on OSM streets; not an as-built feeder
SYN-0043,197685483,Telep,TELEP,NS4,Novi Sad 4 - Sever III,10.0,1585208974,2.695023000000001,0.08130101849576775,capacity-balanced inferred shortest-path assignment on OSM streets; not an as-built feeder
SYN-0047,197685483,Telep,TELEP,NS4,Novi Sad 4 - Sever III,10.0,7548071095,3.0052339999999997,0.08130101849576775,capacity-balanced inferred shortest-path assignment on OSM streets; not an as-built feeder
SYN-0050,197685483,Telep,TELEP,NS4,Novi Sad 4 - Sever III,10.0,1585209222,3.0666619999999996,0.08130101849576775,capacity-balanced inferred shortest-path assignment on OSM streets; not an as-built feeder
SYN-0058,197685483,Telep,TELEP,NS4,Novi Sad 4 - Sever III,10.0,1553001105,4.144286000000001,0.08211567805831187,capacity-balanced inferred shortest-path assignment on OSM streets; not an as-built feeder
SYN-0061,197685483,Telep,TELEP,NS4,Novi Sad 4 - Sever III,10.0,7043902501,4.527865000000002,0.08211567805831187,capacity-balanced inferred shortest-path assignment on OSM streets; not an as-built feeder
SYN-0065,197685483,Telep,TELEP,NS4,Novi Sad 4 - Sever III,10.0,14027369470,4.755648,0.08211567805831187,capacity-balanced inferred shortest-path assignment on OSM streets; not an as-built feeder
SYN-0068,197685483,Telep,TELEP,NS4,Novi Sad 4 - Sever III,10.0,14027369470,4.755648,0.08211567805831187,capacity-balanced inferred shortest-path assignment on OSM streets; not an as-built feeder
SYN-0071,197685483,Telep,TELEP,NS4,Novi Sad 4 - Sever III,10.0,1574831120,4.767794000000002,0.08211567805831187,capacity-balanced inferred shortest-path assignment on OSM streets; not an as-built feeder
SYN-0074,197685483,Telep,TELEP,NS4,Novi Sad 4 - Sever III,10.0,12620610834,4.240187,0.08211567805831187,capacity-balanced inferred shortest-path assignment on OSM streets; not an as-built feeder
SYN-0078,197685483,Telep,TELEP,NS4,Novi Sad 4 - Sever III,10.0,1574836440,4.584357,0.08211567805831187,capacity-balanced inferred shortest-path assignment on OSM streets; not an as-built feeder
SYN-0081,197685483,Telep,TELEP,NS4,Novi Sad 4 - Sever III,10.0,14027369458,3.942489000000001,0.08211567805831187,capacity-balanced inferred shortest-path assignment on OSM streets; not an as-built feeder
SYN-0084,197685483,Telep,TELEP,NS4,Novi Sad 4 - Sever III,10.0,1574836287,4.562715000000001,0.08211567805831187,capacity-balanced inferred shortest-path assignment on OSM streets; not an as-built feeder
SYN-0096,197685483,Telep,TELEP,NS4,Novi Sad 4 - Sever III,10.0,11931087419,1.2364099999999998,0.08619388076476363,capacity-balanced inferred shortest-path assignment on OSM streets; not an as-built feeder
SYN-0097,197685483,Telep,TELEP,NS4,Novi Sad 4 - Sever III,10.0,11931087418,1.1434559999999998,0.08619388076476363,capacity-balanced inferred shortest-path assignment on OSM streets; not an as-built feeder
SYN-0098,197685483,Telep,TELEP,NS4,Novi Sad 4 - Sever III,10.0,11931087415,1.1803759999999999,0.08619388076476363,capacity-balanced inferred shortest-path assignment on OSM streets; not an as-built feeder
SYN-0099,197685483,Telep,TELEP,NS4,Novi Sad 4 - Sever III,10.0,7180745957,1.322951,0.08619388076476363,capacity-balanced inferred shortest-path assignment on OSM streets; not an as-built feeder
SYN-0100,197685483,Telep,TELEP,NS4,Novi Sad 4 - Sever III,10.0,8992791831,0.9326239999999999,0.08619388076476363,capacity-balanced inferred shortest-path assignment on OSM streets; not an as-built feeder
SYN-0101,197685483,Telep,TELEP,NS4,Novi Sad 4 - Sever III,10.0,11931087426,0.9867029999999999,0.08619388076476363,capacity-balanced inferred shortest-path assignment on OSM streets; not an as-built feeder
SYN-0102,197685483,Telep,TELEP,NS4,Novi Sad 4 - Sever III,10.0,8992791830,1.37527,0.08619388076476363,capacity-balanced inferred shortest-path assignment on OSM streets; not an as-built feeder
SYN-0103,197685483,Telep,TELEP,NS4,Novi Sad 4 - Sever III,10.0,8992791838,1.08937,0.08619388076476363,capacity-balanced inferred shortest-path assignment on OSM streets; not an as-built feeder
SYN-0104,197685483,Telep,TELEP,NS4,Novi Sad 4 - Sever III,10.0,8992791838,1.08937,0.08619388076476363,capacity-balanced inferred shortest-path assignment on OSM streets; not an as-built feeder
SYN-0105,197685483,Telep,TELEP,NS4,Novi Sad 4 - Sever III,10.0,8992791829,1.3964759999999998,0.08619388076476363,capacity-balanced inferred shortest-path assignment on OSM streets; not an as-built feeder
SYN-0106,197685483,Telep,TELEP,NS4,Novi Sad 4 - Sever III,10.0,11931087421,1.231076,0.08619388076476363,capacity-balanced inferred shortest-path assignment on OSM streets; not an as-built feeder
SYN-0284,197685483,Telep,TELEP,NS4,Novi Sad 4 - Sever III,10.0,3401985398,3.8753930000000003,0.09335181442936047,capacity-balanced inferred shortest-path assignment on OSM streets; not an as-built feeder
SYN-0285,197685483,Telep,TELEP,NS4,Novi Sad 4 - Sever III,10.0,3401985397,3.797854,0.09335181442936047,capacity-balanced inferred shortest-path assignment on OSM streets; not an as-built feeder
SYN-0286,197685483,Telep,TELEP,NS4,Novi Sad 4 - Sever III,10.0,3401985225,4.050098,0.09335181442936047,capacity-balanced inferred shortest-path assignment on OSM streets; not an as-built feeder
SYN-0358,197685483,Telep,TELEP,NS4,Novi Sad 4 - Sever III,10.0,4189209011,3.5141600000000004,0.08142782528068361,capacity-balanced inferred shortest-path assignment on OSM streets; not an as-built feeder
SYN-0360,197685483,Telep,TELEP,NS4,Novi Sad 4 - Sever III,10.0,2334304910,3.841897,0.08142782528068361,capacity-balanced inferred shortest-path assignment on OSM streets; not an as-built feeder
SYN-0368,197685483,Telep,TELEP,NS4,Novi Sad 4 - Sever III,10.0,4189321351,4.11396,0.08142782528068361,capacity-balanced inferred shortest-path assignment on OSM streets; not an as-built feeder
SYN-0370,197685483,Telep,TELEP,NS4,Novi Sad 4 - Sever III,10.0,2334304748,3.017882,0.08142782528068361,capacity-balanced inferred shortest-path assignment on OSM streets; not an as-built feeder
SYN-0374,197685483,Telep,TELEP,NS4,Novi Sad 4 - Sever III,10.0,3208841044,3.5826829999999994,0.08142782528068361,capacity-balanced inferred shortest-path assignment on OSM streets; not an as-built feeder
SYN-0375,197685483,Telep,TELEP,NS4,Novi Sad 4 - Sever III,10.0,1360146652,3.547319,0.08142782528068361,capacity-balanced inferred shortest-path assignment on OSM streets; not an as-built feeder
SYN-0618,197685483,Telep,TELEP,NS4,Novi Sad 4 - Sever III,10.0,12128696236,0.727611,0.0821080677887888,capacity-balanced inferred shortest-path assignment on OSM streets; not an as-built feeder
SYN-0619,197685483,Telep,TELEP,NS4,Novi Sad 4 - Sever III,10.0,2341893555,1.2562609999999999,0.0821080677887888,capacity-balanced inferred shortest-path assignment on OSM streets; not an as-built feeder
SYN-0620,197685483,Telep,TELEP,NS4,Novi Sad 4 - Sever III,10.0,3623763589,0.6301239999999999,0.0821080677887888,capacity-balanced inferred shortest-path assignment on OSM streets; not an as-built feeder
SYN-0621,197685483,Telep,TELEP,NS4,Novi Sad 4 - Sever III,10.0,3623763912,0.7320320000000001,0.0821080677887888,capacity-balanced inferred shortest-path assignment on OSM streets; not an as-built feeder
SYN-0622,197685483,Telep,TELEP,NS4,Novi Sad 4 - Sever III,10.0,3757428601,0.7839940000000001,0.0821080677887888,capacity-balanced inferred shortest-path assignment on OSM streets; not an as-built feeder
SYN-0623,197685483,Telep,TELEP,NS4,Novi Sad 4 - Sever III,10.0,1739519885,0.9680269999999999,0.0821080677887888,capacity-balanced inferred shortest-path assignment on OSM streets; not an as-built feeder
SYN-0624,197685483,Telep,TELEP,NS4,Novi Sad 4 - Sever III,10.0,7547804609,0.72214,0.0821080677887888,capacity-balanced inferred shortest-path assignment on OSM streets; not an as-built feeder
SYN-0625,197685483,Telep,TELEP,NS4,Novi Sad 4 - Sever III,10.0,9643354749,1.067397,0.0821080677887888,capacity-balanced inferred shortest-path assignment on OSM streets; not an as-built feeder
SYN-0626,197685483,Telep,TELEP,NS4,Novi Sad 4 - Sever III,10.0,1739519885,0.9680269999999999,0.0821080677887888,capacity-balanced inferred shortest-path assignment on OSM streets; not an as-built feeder
SYN-0627,197685483,Telep,TELEP,NS4,Novi Sad 4 - Sever III,10.0,3757428603,0.9779319999999999,0.0821080677887888,capacity-balanced inferred shortest-path assignment on OSM streets; not an as-built feeder
SYN-0628,197685483,Telep,TELEP,NS4,Novi Sad 4 - Sever III,10.0,2341893559,1.2720039999999997,0.0821080677887888,capacity-balanced inferred shortest-path assignment on OSM streets; not an as-built feeder
SYN-0629,197685483,Telep,TELEP,NS4,Novi Sad 4 - Sever III,10.0,9643354746,1.1427459999999998,0.0821080677887888,capacity-balanced inferred shortest-path assignment on OSM streets; not an as-built feeder
SYN-0630,197685483,Telep,TELEP,NS4,Novi Sad 4 - Sever III,10.0,7079484457,0.5765079999999999,0.0821080677887888,capacity-balanced inferred shortest-path assignment on OSM streets; not an as-built feeder
SYN-0631,197685483,Telep,TELEP,NS4,Novi Sad 4 - Sever III,10.0,1739519885,0.9680269999999999,0.0821080677887888,capacity-balanced inferred shortest-path assignment on OSM streets; not an as-built feeder
SYN-0632,197685483,Telep,TELEP,NS4,Novi Sad 4 - Sever III,10.0,11931652658,0.7914840000000001,0.0821080677887888,capacity-balanced inferred shortest-path assignment on OSM streets; not an as-built feeder
SYN-0633,197685483,Telep,TELEP,NS4,Novi Sad 4 - Sever III,10.0,3989653682,0.63625,0.0821080677887888,capacity-balanced inferred shortest-path assignment on OSM streets; not an as-built feeder
SYN-0634,197685483,Telep,TELEP,NS4,Novi Sad 4 - Sever III,10.0,3757428603,0.9779319999999999,0.0821080677887888,capacity-balanced inferred shortest-path assignment on OSM streets; not an as-built feeder
SYN-0635,197685483,Telep,TELEP,NS4,Novi Sad 4 - Sever III,10.0,7079461364,0.5118799999999999,0.0821080677887888,capacity-balanced inferred shortest-path assignment on OSM streets; not an as-built feeder
SYN-0637,197685483,Telep,TELEP,NS4,Novi Sad 4 - Sever III,10.0,11931634225,0.652498,0.0821080677887888,capacity-balanced inferred shortest-path assignment on OSM streets; not an as-built feeder
SYN-0640,197685483,Telep,TELEP,NS4,Novi Sad 4 - Sever III,10.0,3989653691,0.647553,0.0821080677887888,capacity-balanced inferred shortest-path assignment on OSM streets; not an as-built feeder
SYN-0641,197685483,Telep,TELEP,NS4,Novi Sad 4 - Sever III,10.0,11780201082,0.6565179999999999,0.0821080677887888,capacity-balanced inferred shortest-path assignment on OSM streets; not an as-built feeder
SYN-0643,197685483,Telep,TELEP,NS4,Novi Sad 4 - Sever III,10.0,7151188108,0.633728,0.0821080677887888,capacity-balanced inferred shortest-path assignment on OSM streets; not an as-built feeder
SYN-0645,197685483,Telep,TELEP,NS4,Novi Sad 4 - Sever III,10.0,3989653674,0.556693,0.0821080677887888,capacity-balanced inferred shortest-path assignment on OSM streets; not an as-built feeder
SYN-0667,197685483,Telep,TELEP,NS4,Novi Sad 4 - Sever III,10.0,519546022,0.7789969999999999,0.08113866795441325,capacity-balanced inferred shortest-path assignment on OSM streets; not an as-built feeder
SYN-0671,197685483,Telep,TELEP,NS4,Novi Sad 4 - Sever III,10.0,6310987466,0.32003599999999993,0.08113866795441325,capacity-balanced inferred shortest-path assignment on OSM streets; not an as-built feeder
SYN-0673,197685483,Telep,TELEP,NS4,Novi Sad 4 - Sever III,10.0,519546031,0.20510899999999999,0.08113866795441325,capacity-balanced inferred shortest-path assignment on OSM streets; not an as-built feeder
SYN-0682,197685483,Telep,TELEP,NS4,Novi Sad 4 - Sever III,10.0,1585214124,1.6283500000000002,0.08113866795441325,capacity-balanced inferred shortest-path assignment on OSM streets; not an as-built feeder
SYN-0683,197685483,Telep,TELEP,NS4,Novi Sad 4 - Sever III,10.0,3991148864,0.39331900000000003,0.08113866795441325,capacity-balanced inferred shortest-path assignment on OSM streets; not an as-built feeder
SYN-0686,197685483,Telep,TELEP,NS4,Novi Sad 4 - Sever III,10.0,7049536423,0.90418,0.08113866795441325,capacity-balanced inferred shortest-path assignment on OSM streets; not an as-built feeder
SYN-0690,197685483,Telep,TELEP,NS4,Novi Sad 4 - Sever III,10.0,519546034,0.517144,0.08113866795441325,capacity-balanced inferred shortest-path assignment on OSM streets; not an as-built feeder
SYN-0693,197685483,Telep,TELEP,NS4,Novi Sad 4 - Sever III,10.0,3991168403,0.71025,0.08113866795441325,capacity-balanced inferred shortest-path assignment on OSM streets; not an as-built feeder
SYN-0695,197685483,Telep,TELEP,NS4,Novi Sad 4 - Sever III,10.0,3990997381,0.8696419999999998,0.08113866795441325,capacity-balanced inferred shortest-path assignment on OSM streets; not an as-built feeder
SYN-0697,197685483,Telep,TELEP,NS4,Novi Sad 4 - Sever III,10.0,3990871977,0.7521549999999999,0.08113866795441325,capacity-balanced inferred shortest-path assignment on OSM streets; not an as-built feeder
SYN-0702,197685483,Telep,TELEP,NS4,Novi Sad 4 - Sever III,10.0,6567808344,0.44393900000000003,0.08113866795441325,capacity-balanced inferred shortest-path assignment on OSM streets; not an as-built feeder
SYN-0704,197685483,Telep,TELEP,NS4,Novi Sad 4 - Sever III,10.0,519546024,0.678232,0.08113866795441325,capacity-balanced inferred shortest-path assignment on OSM streets; not an as-built feeder
SYN-0713,197685483,Telep,TELEP,NS4,Novi Sad 4 - Sever III,10.0,519546023,0.5770259999999999,0.08113866795441325,capacity-balanced inferred shortest-path assignment on OSM streets; not an as-built feeder
SYN-0714,197685483,Telep,TELEP,NS4,Novi Sad 4 - Sever III,10.0,7046633353,1.2870229999999998,0.08113866795441325,capacity-balanced inferred shortest-path assignment on OSM streets; not an as-built feeder
SYN-0716,197685483,Telep,TELEP,NS4,Novi Sad 4 - Sever III,10.0,3623857488,1.6196609999999998,0.08113866795441325,capacity-balanced inferred shortest-path assignment on OSM streets; not an as-built feeder
SYN-0718,197685483,Telep,TELEP,NS4,Novi Sad 4 - Sever III,10.0,519546026,0.4173820000000001,0.08113866795441325,capacity-balanced inferred shortest-path assignment on OSM streets; not an as-built feeder
SYN-0721,197685483,Telep,TELEP,NS4,Novi Sad 4 - Sever III,10.0,3991095690,0.6017739999999999,0.08113866795441325,capacity-balanced inferred shortest-path assignment on OSM streets; not an as-built feeder
SYN-0728,197685483,Telep,TELEP,NS4,Novi Sad 4 - Sever III,10.0,6472889539,1.5950472000536784,0.08113866795441325,capacity-balanced inferred shortest-path assignment on OSM streets; not an as-built feeder
SYN-0731,197685483,Telep,TELEP,NS4,Novi Sad 4 - Sever III,10.0,7080024591,0.7644839999999998,0.08113866795441325,capacity-balanced inferred shortest-path assignment on OSM streets; not an as-built feeder
SYN-0736,197685483,Telep,TELEP,NS4,Novi Sad 4 - Sever III,10.0,3991095715,0.229012,0.08113866795441325,capacity-balanced inferred shortest-path assignment on OSM streets; not an as-built feeder
SYN-0737,197685483,Telep,TELEP,NS4,Novi Sad 4 - Sever III,10.0,2077443686,0.9633719999999999,0.08113866795441325,capacity-balanced inferred shortest-path assignment on OSM streets; not an as-built feeder
SYN-0738,197685483,Telep,TELEP,NS4,Novi Sad 4 - Sever III,10.0,7063178960,0.8512399999999998,0.08113866795441325,capacity-balanced inferred shortest-path assignment on OSM streets; not an as-built feeder
SYN-0739,197685483,Telep,TELEP,NS4,Novi Sad 4 - Sever III,10.0,3991168410,0.814589,0.08113866795441325,capacity-balanced inferred shortest-path assignment on OSM streets; not an as-built feeder
SYN-0740,197685483,Telep,TELEP,NS4,Novi Sad 4 - Sever III,10.0,3990997428,0.57026,0.08113866795441325,capacity-balanced inferred shortest-path assignment on OSM streets; not an as-built feeder
SYN-0744,197685483,Telep,TELEP,NS4,Novi Sad 4 - Sever III,10.0,6475221345,0.948525,0.08113866795441325,capacity-balanced inferred shortest-path assignment on OSM streets; not an as-built feeder
SYN-0749,197685483,Telep,TELEP,NS4,Novi Sad 4 - Sever III,10.0,2077443686,0.9633719999999999,0.08113866795441325,capacity-balanced inferred shortest-path assignment on OSM streets; not an as-built feeder
SYN-0750,197685483,Telep,TELEP,NS4,Novi Sad 4 - Sever III,10.0,3991168414,0.7525660000000001,0.08113866795441325,capacity-balanced inferred shortest-path assignment on OSM streets; not an as-built feeder
SYN-0751,197685483,Telep,TELEP,NS4,Novi Sad 4 - Sever III,10.0,10975179470,0.7799959999999999,0.08113866795441325,capacity-balanced inferred shortest-path assignment on OSM streets; not an as-built feeder
SYN-0752,197685483,Telep,TELEP,NS4,Novi Sad 4 - Sever III,10.0,519546030,0.104695,0.08113866795441325,capacity-balanced inferred shortest-path assignment on OSM streets; not an as-built feeder
SYN-0758,197685483,Telep,TELEP,NS4,Novi Sad 4 - Sever III,10.0,7116635885,0.8447939999999999,0.08113866795441325,capacity-balanced inferred shortest-path assignment on OSM streets; not an as-built feeder
SYN-0759,197685483,Telep,TELEP,NS4,Novi Sad 4 - Sever III,10.0,519546032,0.422681,0.08113866795441325,capacity-balanced inferred shortest-path assignment on OSM streets; not an as-built feeder
SYN-0761,197685483,Telep,TELEP,NS4,Novi Sad 4 - Sever III,10.0,519546022,0.7789969999999999,0.08113866795441325,capacity-balanced inferred shortest-path assignment on OSM streets; not an as-built feeder
SYN-0780,197685483,Telep,TELEP,NS4,Novi Sad 4 - Sever III,10.0,1230566216,0.6885729999999999,0.1034627028348903,capacity-balanced inferred shortest-path assignment on OSM streets; not an as-built feeder
SYN-0781,197685483,Telep,TELEP,NS4,Novi Sad 4 - Sever III,10.0,1230566216,0.6885729999999999,0.1034627028348903,capacity-balanced inferred shortest-path assignment on OSM streets; not an as-built feeder
SYN-1016,197685483,Telep,TELEP,NS4,Novi Sad 4 - Sever III,10.0,11345970294,0.7577649999999999,0.09136190208014691,capacity-balanced inferred shortest-path assignment on OSM streets; not an as-built feeder
SYN-1017,197685483,Telep,TELEP,NS4,Novi Sad 4 - Sever III,10.0,11382918764,0.5948739999999999,0.09136190208014691,capacity-balanced inferred shortest-path assignment on OSM streets; not an as-built feeder
SYN-1038,197685483,Telep,TELEP,NS4,Novi Sad 4 - Sever III,10.0,1229532471,1.7140880000000005,0.09279650991979363,capacity-balanced inferred shortest-path assignment on OSM streets; not an as-built feeder
SYN-1045,197685483,Telep,TELEP,NS4,Novi Sad 4 - Sever III,10.0,14133058336,1.4935520000000007,0.0893736540558831,capacity-balanced inferred shortest-path assignment on OSM streets; not an as-built feeder
SYN-1046,197685483,Telep,TELEP,NS4,Novi Sad 4 - Sever III,10.0,7013707643,1.6239760000000008,0.0893736540558831,capacity-balanced inferred shortest-path assignment on OSM streets; not an as-built feeder
SYN-1084,197685483,Telep,TELEP,NS4,Novi Sad 4 - Sever III,10.0,3550233830,0.9770229999999999,0.10724601412387043,capacity-balanced inferred shortest-path assignment on OSM streets; not an as-built feeder
SYN-1085,197685483,Telep,TELEP,NS4,Novi Sad 4 - Sever III,10.0,6307827430,1.001202,0.10724601412387043,capacity-balanced inferred shortest-path assignment on OSM streets; not an as-built feeder
SYN-1086,197685483,Telep,TELEP,NS4,Novi Sad 4 - Sever III,10.0,1739519779,0.8732809999999999,0.10910061683327357,capacity-balanced inferred shortest-path assignment on OSM streets; not an as-built feeder
SYN-1087,197685483,Telep,TELEP,NS4,Novi Sad 4 - Sever III,10.0,3085823382,0.9115439999999998,0.10910061683327357,capacity-balanced inferred shortest-path assignment on OSM streets; not an as-built feeder
SYN-1274,197685483,Telep,TELEP,NS4,Novi Sad 4 - Sever III,10.0,11931087437,1.360689,0.011712958013438255,capacity-balanced inferred shortest-path assignment on OSM streets; not an as-built feeder
SYN-2011,197685483,Telep,TELEP,NS4,Novi Sad 4 - Sever III,10.0,4222103251,0.681205,0.004929129725730219,capacity-balanced inferred shortest-path assignment on OSM streets; not an as-built feeder
SYN-2016,197685483,Telep,TELEP,NS4,Novi Sad 4 - Sever III,10.0,8510431006,1.4052199999999997,0.08547288766676192,capacity-balanced inferred shortest-path assignment on OSM streets; not an as-built feeder
SYN-2017,197685483,Telep,TELEP,NS4,Novi Sad 4 - Sever III,10.0,8510430987,1.440714,0.08547288766676192,capacity-balanced inferred shortest-path assignment on OSM streets; not an as-built feeder
SYN-2417,197685483,Telep,TELEP,NS4,Novi Sad 4 - Sever III,10.0,3183019794,2.620722000000001,0.08121892608068448,capacity-balanced inferred shortest-path assignment on OSM streets; not an as-built feeder
SYN-2419,197685483,Telep,TELEP,NS4,Novi Sad 4 - Sever III,10.0,1213464318,3.1528460000000007,0.08121892608068448,capacity-balanced inferred shortest-path assignment on OSM streets; not an as-built feeder
SYN-2422,197685483,Telep,TELEP,NS4,Novi Sad 4 - Sever III,10.0,3401896811,3.1696390000000014,0.08121892608068448,capacity-balanced inferred shortest-path assignment on OSM streets; not an as-built feeder
SYN-2428,197685483,Telep,TELEP,NS4,Novi Sad 4 - Sever III,10.0,10242888493,2.599304000000001,0.08121892608068448,capacity-balanced inferred shortest-path assignment on OSM streets; not an as-built feeder
SYN-2441,197685483,Telep,TELEP,NS4,Novi Sad 4 - Sever III,10.0,11931087410,3.1664930000000004,0.08121892608068448,capacity-balanced inferred shortest-path assignment on OSM streets; not an as-built feeder
SYN-2442,197685483,Telep,TELEP,NS4,Novi Sad 4 - Sever III,10.0,11338243112,2.1754420000000003,0.08121892608068448,capacity-balanced inferred shortest-path assignment on OSM streets; not an as-built feeder
SYN-2445,197685483,Telep,TELEP,NS4,Novi Sad 4 - Sever III,10.0,3071441340,3.9510900000000007,0.08121892608068448,capacity-balanced inferred shortest-path assignment on OSM streets; not an as-built feeder
SYN-2446,197685483,Telep,TELEP,NS4,Novi Sad 4 - Sever III,10.0,1213464202,3.058949000000001,0.08121892608068448,capacity-balanced inferred shortest-path assignment on OSM streets; not an as-built feeder
SYN-2450,197685483,Telep,TELEP,NS4,Novi Sad 4 - Sever III,10.0,1229948856,2.9695880000000012,0.08121892608068448,capacity-balanced inferred shortest-path assignment on OSM streets; not an as-built feeder
SYN-2460,197685483,Telep,TELEP,NS4,Novi Sad 4 - Sever III,10.0,11524252276,2.956678000000001,0.08121892608068448,capacity-balanced inferred shortest-path assignment on OSM streets; not an as-built feeder
SYN-2467,197685483,Telep,TELEP,NS4,Novi Sad 4 - Sever III,10.0,3514950701,2.972975000000001,0.08121892608068448,capacity-balanced inferred shortest-path assignment on OSM streets; not an as-built feeder
SYN-2471,197685483,Telep,TELEP,NS4,Novi Sad 4 - Sever III,10.0,3399656605,2.629035000000001,0.08121892608068448,capacity-balanced inferred shortest-path assignment on OSM streets; not an as-built feeder
SYN-2474,197685483,Telep,TELEP,NS4,Novi Sad 4 - Sever III,10.0,3062199256,3.223156000000001,0.08121892608068448,capacity-balanced inferred shortest-path assignment on OSM streets; not an as-built feeder
SYN-2475,197685483,Telep,TELEP,NS4,Novi Sad 4 - Sever III,10.0,9874302893,2.334701000000001,0.08121892608068448,capacity-balanced inferred shortest-path assignment on OSM streets; not an as-built feeder
SYN-2478,197685483,Telep,TELEP,NS4,Novi Sad 4 - Sever III,10.0,1213464202,3.058949000000001,0.08121892608068448,capacity-balanced inferred shortest-path assignment on OSM streets; not an as-built feeder
SYN-2483,197685483,Telep,TELEP,NS4,Novi Sad 4 - Sever III,10.0,3401896809,2.9371590000000016,0.08121892608068448,capacity-balanced inferred shortest-path assignment on OSM streets; not an as-built feeder
SYN-2484,197685483,Telep,TELEP,NS4,Novi Sad 4 - Sever III,10.0,3402060285,3.193968000000001,0.08121892608068448,capacity-balanced inferred shortest-path assignment on OSM streets; not an as-built feeder
SYN-2486,197685483,Telep,TELEP,NS4,Novi Sad 4 - Sever III,10.0,9917018367,3.206381000000001,0.08121892608068448,capacity-balanced inferred shortest-path assignment on OSM streets; not an as-built feeder
SYN-2490,197685483,Telep,TELEP,NS4,Novi Sad 4 - Sever III,10.0,1213464166,2.838870000000002,0.08121892608068448,capacity-balanced inferred shortest-path assignment on OSM streets; not an as-built feeder
SYN-2497,197685483,Telep,TELEP,NS4,Novi Sad 4 - Sever III,10.0,3401896810,2.8994230000000014,0.08121892608068448,capacity-balanced inferred shortest-path assignment on OSM streets; not an as-built feeder
SYN-2498,197685483,Telep,TELEP,NS4,Novi Sad 4 - Sever III,10.0,3401896811,3.1696390000000014,0.08121892608068448,capacity-balanced inferred shortest-path assignment on OSM streets; not an as-built feeder
SYN-2499,197685483,Telep,TELEP,NS4,Novi Sad 4 - Sever III,10.0,11338223915,2.7910060000000008,0.08121892608068448,capacity-balanced inferred shortest-path assignment on OSM streets; not an as-built feeder
SYN-2506,197685483,Telep,TELEP,NS4,Novi Sad 4 - Sever III,10.0,3797783876,1.9464330000000005,0.08121892608068448,capacity-balanced inferred shortest-path assignment on OSM streets; not an as-built feeder
SYN-2508,197685483,Telep,TELEP,NS4,Novi Sad 4 - Sever III,10.0,1213463733,3.0688590000000007,0.08121892608068448,capacity-balanced inferred shortest-path assignment on OSM streets; not an as-built feeder
SYN-2510,197685483,Telep,TELEP,NS4,Novi Sad 4 - Sever III,10.0,3071555945,2.835029000000001,0.08121892608068448,capacity-balanced inferred shortest-path assignment on OSM streets; not an as-built feeder
SYN-2511,197685483,Telep,TELEP,NS4,Novi Sad 4 - Sever III,10.0,3758339749,3.4509410000000003,0.08121892608068448,capacity-balanced inferred shortest-path assignment on OSM streets; not an as-built feeder
SYN-2516,197685483,Telep,TELEP,NS4,Novi Sad 4 - Sever III,10.0,1213463527,2.618033000000001,0.08121892608068448,capacity-balanced inferred shortest-path assignment on OSM streets; not an as-built feeder
SYN-2519,197685483,Telep,TELEP,NS4,Novi Sad 4 - Sever III,10.0,3110267343,2.591043000000001,0.08121892608068448,capacity-balanced inferred shortest-path assignment on OSM streets; not an as-built feeder
SYN-2522,197685483,Telep,TELEP,NS4,Novi Sad 4 - Sever III,10.0,12526727086,2.3820370000000013,0.08121892608068448,capacity-balanced inferred shortest-path assignment on OSM streets; not an as-built feeder
SYN-2527,197685483,Telep,TELEP,NS4,Novi Sad 4 - Sever III,10.0,3760881553,2.6823600000000005,0.08121892608068448,capacity-balanced inferred shortest-path assignment on OSM streets; not an as-built feeder
SYN-2531,197685483,Telep,TELEP,NS4,Novi Sad 4 - Sever III,10.0,1213464079,3.6736310000000016,0.08121892608068448,capacity-balanced inferred shortest-path assignment on OSM streets; not an as-built feeder
SYN-2539,197685483,Telep,TELEP,NS4,Novi Sad 4 - Sever III,10.0,10242984611,2.5727250000000015,0.08121892608068448,capacity-balanced inferred shortest-path assignment on OSM streets; not an as-built feeder
SYN-2546,197685483,Telep,TELEP,NS4,Novi Sad 4 - Sever III,10.0,10242984614,2.5221740000000015,0.08121892608068448,capacity-balanced inferred shortest-path assignment on OSM streets; not an as-built feeder
SYN-2547,197685483,Telep,TELEP,NS4,Novi Sad 4 - Sever III,10.0,3183019799,2.803157000000001,0.08121892608068448,capacity-balanced inferred shortest-path assignment on OSM streets; not an as-built feeder
SYN-2548,197685483,Telep,TELEP,NS4,Novi Sad 4 - Sever III,10.0,9874302896,2.4919810000000013,0.08121892608068448,capacity-balanced inferred shortest-path assignment on OSM streets; not an as-built feeder
SYN-2549,197685483,Telep,TELEP,NS4,Novi Sad 4 - Sever III,10.0,1229948856,2.9695880000000012,0.08121892608068448,capacity-balanced inferred shortest-path assignment on OSM streets; not an as-built feeder
SYN-2555,197685483,Telep,TELEP,NS4,Novi Sad 4 - Sever III,10.0,1213463434,3.0220880000000014,0.08121892608068448,capacity-balanced inferred shortest-path assignment on OSM streets; not an as-built feeder
SYN-2558,197685483,Telep,TELEP,NS4,Novi Sad 4 - Sever III,10.0,1213463910,3.050486000000001,0.08121892608068448,capacity-balanced inferred shortest-path assignment on OSM streets; not an as-built feeder
SYN-2563,197685483,Telep,TELEP,NS4,Novi Sad 4 - Sever III,10.0,12610283228,2.9521260000000007,0.08121892608068448,capacity-balanced inferred shortest-path assignment on OSM streets; not an as-built feeder
SYN-2565,197685483,Telep,TELEP,NS4,Novi Sad 4 - Sever III,10.0,3071555945,2.835029000000001,0.08121892608068448,capacity-balanced inferred shortest-path assignment on OSM streets; not an as-built feeder
SYN-2566,197685483,Telep,TELEP,NS4,Novi Sad 4 - Sever III,10.0,3183019794,2.620722000000001,0.08121892608068448,capacity-balanced inferred shortest-path assignment on OSM streets; not an as-built feeder
SYN-2568,197685483,Telep,TELEP,NS4,Novi Sad 4 - Sever III,10.0,9916871375,3.1882820000000014,0.08121892608068448,capacity-balanced inferred shortest-path assignment on OSM streets; not an as-built feeder
SYN-2570,197685483,Telep,TELEP,NS4,Novi Sad 4 - Sever III,10.0,1213464074,3.0354020000000013,0.08121892608068448,capacity-balanced inferred shortest-path assignment on OSM streets; not an as-built feeder
SYN-2575,197685483,Telep,TELEP,NS4,Novi Sad 4 - Sever III,10.0,11390131934,2.956637,0.08121892608068448,capacity-balanced inferred shortest-path assignment on OSM streets; not an as-built feeder
SYN-2577,197685483,Telep,TELEP,NS4,Novi Sad 4 - Sever III,10.0,1213463609,1.9371440000000006,0.08121892608068448,capacity-balanced inferred shortest-path assignment on OSM streets; not an as-built feeder
SYN-2578,197685483,Telep,TELEP,NS4,Novi Sad 4 - Sever III,10.0,10242984614,2.5221740000000015,0.08121892608068448,capacity-balanced inferred shortest-path assignment on OSM streets; not an as-built feeder
SYN-2581,197685483,Telep,TELEP,NS4,Novi Sad 4 - Sever III,10.0,3399656605,2.629035000000001,0.08121892608068448,capacity-balanced inferred shortest-path assignment on OSM streets; not an as-built feeder
SYN-2585,197685483,Telep,TELEP,NS4,Novi Sad 4 - Sever III,10.0,3062199254,3.1286050000000007,0.08121892608068448,capacity-balanced inferred shortest-path assignment on OSM streets; not an as-built feeder
SYN-2596,197685483,Telep,TELEP,NS4,Novi Sad 4 - Sever III,10.0,12857213616,3.579230000000001,0.08121892608068448,capacity-balanced inferred shortest-path assignment on OSM streets; not an as-built feeder
SYN-2601,197685483,Telep,TELEP,NS4,Novi Sad 4 - Sever III,10.0,1213464079,3.6736310000000016,0.08121892608068448,capacity-balanced inferred shortest-path assignment on OSM streets; not an as-built feeder
SYN-2604,197685483,Telep,TELEP,NS4,Novi Sad 4 - Sever III,10.0,3401985230,4.080592,0.08121892608068448,capacity-balanced inferred shortest-path assignment on OSM streets; not an as-built feeder
SYN-2610,197685483,Telep,TELEP,NS4,Novi Sad 4 - Sever III,10.0,3797783877,1.9358830000000005,0.08121892608068448,capacity-balanced inferred shortest-path assignment on OSM streets; not an as-built feeder
SYN-2618,197685483,Telep,TELEP,NS4,Novi Sad 4 - Sever III,10.0,3401896811,3.1696390000000014,0.08121892608068448,capacity-balanced inferred shortest-path assignment on OSM streets; not an as-built feeder
SYN-2620,197685483,Telep,TELEP,NS4,Novi Sad 4 - Sever III,10.0,1213463890,3.335949000000001,0.08121892608068448,capacity-balanced inferred shortest-path assignment on OSM streets; not an as-built feeder
SYN-2622,197685483,Telep,TELEP,NS4,Novi Sad 4 - Sever III,10.0,3062199254,3.1286050000000007,0.08121892608068448,capacity-balanced inferred shortest-path assignment on OSM streets; not an as-built feeder
SYN-2634,197685483,Telep,TELEP,NS4,Novi Sad 4 - Sever III,10.0,1659110432,3.572734,0.08121892608068448,capacity-balanced inferred shortest-path assignment on OSM streets; not an as-built feeder
